{"type":"FeatureCollection","features":[{"type":"Feature","properties":{"kind":"region","sectorCount":154,"municipalityCount":7},"geometry":{"type":"Polygon","coordinates":[[[4.072070537190814,50.71173980592977],[4.072470778750331,50.71134515228856],[4.073908031387453,50.7108358342282],[4.074292313735461,50.71094570164826],[4.075330994547655,50.71096315197882],[4.075364328231929,50.71108709571166],[4.0756877373785345,50.71114450804859],[4.077733967811344,50.711197333603174],[4.077822782632391,50.711219177196604],[4.077763907020142,50.71161299810072],[4.078901311021213,50.71150848247016],[4.080688106675608,50.71180601147789],[4.082297978193838,50.711911179367476],[4.083673163221678,50.71177069081277],[4.084558345112856,50.7119787950842],[4.084853628638091,50.71214502748917],[4.0846505032627745,50.712329084007266],[4.08637666836578,50.71350638225826],[4.086919185056811,50.71321373365194],[4.085839369948293,50.712352754667855],[4.085627949422684,50.711908206745655],[4.0854538083109855,50.71194457623176],[4.090729766919512,50.70710931120099],[4.093164436958851,50.70816227773788],[4.096299708097044,50.706898372853615],[4.096014867807682,50.70659018990393],[4.097367914362047,50.70608677806763],[4.09778629167242,50.706288277613005],[4.099011427710437,50.7055032503637],[4.100467686658712,50.70594635818445],[4.09734264656867,50.70787695559207],[4.099058485428444,50.70834416497002],[4.102734460951233,50.70977840350535],[4.103735958881451,50.71142950490242],[4.104359204516566,50.71176690283769],[4.10568455999562,50.71270030889051],[4.1085381358184145,50.71506191627822],[4.109025216930178,50.715817558615996],[4.108767278959619,50.71610840191235],[4.109179646750753,50.71623274754673],[4.110840023714829,50.7164991853647],[4.111466375001051,50.7166991473876],[4.1115807433526435,50.71647366129868],[4.111353987501291,50.71598861078152],[4.111292937690821,50.715394606082256],[4.111379806604934,50.71527765849053],[4.111778875172072,50.71511356956986],[4.112024962314471,50.714411549552246],[4.1114726428668265,50.714142619950046],[4.111388885265054,50.713974416889684],[4.111299506672172,50.713954352490674],[4.112005803632805,50.712776969465764],[4.1130476964564044,50.71324414958125],[4.115727041917392,50.712861767262126],[4.116385829672751,50.71270083262232],[4.117189329480489,50.71272486524559],[4.1177560712651,50.713133512155395],[4.118157953719154,50.71331697816101],[4.119153823660368,50.71348816247963],[4.119826472510924,50.713681493585966],[4.120807160110493,50.713821888014756],[4.1209463569138345,50.71373355337861],[4.122463464324617,50.71398376964655],[4.122182640704775,50.71408574812418],[4.123503210256413,50.71464462093667],[4.124104620653694,50.715051884397006],[4.124401439743962,50.71516474432126],[4.125574876651755,50.715400939679284],[4.127961375355899,50.7161187777554],[4.12917335970045,50.71632362474647],[4.1316486838609725,50.71693956758057],[4.132544644507703,50.71695857979896],[4.13355810626331,50.71677645643733],[4.133894866436857,50.71663258813112],[4.13417056378292,50.716177311640486],[4.134534332241656,50.71617046669249],[4.1345620903221905,50.716615600536436],[4.134789645662956,50.717149138246526],[4.134802323328197,50.71757126473808],[4.134898289357427,50.71769664252446],[4.1348242058213405,50.71781160740751],[4.135057749708896,50.71811770186544],[4.134979747534104,50.71818415868879],[4.1351142536699275,50.71824556594591],[4.135198753477756,50.71841196858028],[4.13606744059933,50.718628846113546],[4.136248880797937,50.71878264021806],[4.136296934756041,50.71918327596005],[4.1364956249235885,50.71943352841702],[4.138787903063494,50.72131248712619],[4.138703225913692,50.72136755256998],[4.1413762476874645,50.72321239632073],[4.140987205036847,50.72335978981637],[4.139777281158208,50.724342055331384],[4.139569565629344,50.725027460604785],[4.1400026571777895,50.725816740816754],[4.140220143642453,50.726595943583945],[4.1408843615006825,50.72653592795345],[4.141280724386061,50.727207638309025],[4.141321284116427,50.727411119375496],[4.141240763409634,50.72757666223691],[4.14165703013991,50.72775505688459],[4.141853240612666,50.7280164604487],[4.142043507450848,50.72874440949137],[4.1422122833511175,50.728877412678024],[4.142389305293917,50.72896942797633],[4.143349973978637,50.72859619547398],[4.145907786331561,50.728089465460975],[4.147309793573078,50.72807416850738],[4.148611046160741,50.7282340923747],[4.148552865739593,50.72740321587245],[4.148016390490449,50.726445367196526],[4.149931226121831,50.72581723030068],[4.150718919152996,50.725649721133976],[4.152849223437251,50.72476380043574],[4.153066241820007,50.72580364678676],[4.153300307202621,50.72577918218741],[4.153548639549916,50.72611448205414],[4.1548378080657535,50.726879785207906],[4.155157374248533,50.72702106015126],[4.156219627048577,50.72702431249624],[4.156915039417453,50.72724473039425],[4.158031861429243,50.727393165638254],[4.157411351112598,50.72789445580326],[4.156375057849009,50.727610468935765],[4.156306606186106,50.727728639272144],[4.153348360961984,50.7275327258473],[4.152347190111659,50.7286936723927],[4.156352091783709,50.72907466351234],[4.1569864749397585,50.72832299135391],[4.158309846548536,50.727965335069136],[4.159898654100354,50.7276873515013],[4.160733916617043,50.727039625719094],[4.161216759820471,50.72710402588845],[4.1621119270298195,50.72670761334897],[4.162379250350955,50.726428161250595],[4.162539763170682,50.72521162431554],[4.162701342163675,50.724771023115096],[4.162927523837863,50.724524934872626],[4.163653142975755,50.724010360075695],[4.1646047628769445,50.72350215322567],[4.165149655288269,50.72337547112084],[4.1677806423262,50.723319234359856],[4.168364014387787,50.72275568383864],[4.168954648830885,50.722466512212165],[4.170109102901682,50.72208305280641],[4.171930134563929,50.72159583521381],[4.172090109402363,50.72162002956558],[4.173246935972985,50.71914286750299],[4.17385704422007,50.71859947810592],[4.174680345304805,50.71736085732345],[4.175146298877453,50.7169065042298],[4.176403691040486,50.71630072859123],[4.177214958659901,50.71520978485572],[4.178007455177262,50.71381836581324],[4.1784801349423795,50.71325994496992],[4.17865015330704,50.71269085347844],[4.1797642508505515,50.71049190356211],[4.180276501865374,50.70920514766509],[4.180474854892059,50.70902931855455],[4.182047893778857,50.70666320024536],[4.183378821751502,50.70770940050832],[4.187534064430094,50.70822264655772],[4.190836869040359,50.70804277884358],[4.195065970298891,50.70825371738107],[4.196946306123008,50.70812442275571],[4.198750065481025,50.708178919519376],[4.202824507446574,50.70846172494481],[4.204830599056473,50.708966803293315],[4.2061491636911645,50.708544048764715],[4.208970070592292,50.70809060657604],[4.21176824125684,50.70717445073998],[4.217286117392667,50.70410357286866],[4.2190117521081145,50.70299850182326],[4.220686298292033,50.70203934380234],[4.223318264393045,50.70107368553313],[4.2240662895396355,50.70050728864728],[4.227439657468858,50.69944723545106],[4.231350919233211,50.69884184239528],[4.2332907148041885,50.69764752917876],[4.237658847089324,50.69414318778832],[4.237865759338726,50.69419753391738],[4.238353172909941,50.69359198168262],[4.2387453142505525,50.693300700457556],[4.239569813564741,50.69249180379874],[4.2398487768859745,50.6911340986582],[4.239987246351057,50.690959938307515],[4.240557342577758,50.690683496647125],[4.241796570830486,50.690351406016234],[4.242986719873548,50.690104296602684],[4.244687787706254,50.68990042041398],[4.246335065843736,50.68952421195127],[4.246587961842425,50.689531344904076],[4.247641471150962,50.68993011931134],[4.2481563630753625,50.69047113498321],[4.2491558705691705,50.691308489107875],[4.2518349713807595,50.69290816093114],[4.254862866537855,50.69491910706594],[4.255934204453883,50.695516995880766],[4.256578857755945,50.69616252069252],[4.257040637018417,50.69677637691885],[4.258009828282829,50.69748030932544],[4.2587003477973635,50.698101629427946],[4.25945654507593,50.698584808173386],[4.260744223882541,50.69956114822458],[4.261583587770465,50.700432897163004],[4.263096036266876,50.70010292636563],[4.264057461854044,50.70003245866264],[4.264089639966423,50.699771976495434],[4.266344675290914,50.69927886697592],[4.266316509697273,50.69924141952191],[4.268878142061494,50.69872124597019],[4.269877459538407,50.69869145620199],[4.2709226529541615,50.69878196792303],[4.270598819238365,50.69960468619328],[4.2723496526019655,50.70003389644062],[4.272512973760564,50.69975739940513],[4.274445994469763,50.700123255099136],[4.274603903784089,50.70009585132012],[4.274687248418826,50.69970045640315],[4.274377902805075,50.69955063274911],[4.274267336885356,50.69928348956934],[4.2742894176646935,50.69914185130701],[4.276025399709194,50.699268821802995],[4.276444308432292,50.69906830121272],[4.277614900392339,50.69908384062028],[4.279245356034451,50.698872030013625],[4.280339438503814,50.69861132726677],[4.280922658458878,50.698388904797696],[4.281948728318711,50.6983156093092],[4.282857084942269,50.69796987897004],[4.28387204967514,50.69815261142725],[4.28446953888376,50.698085796134045],[4.286329476743494,50.69740390931091],[4.287188224901224,50.69681069613719],[4.287858142695994,50.69545008950291],[4.288467614645129,50.69515188801545],[4.289297741711241,50.69456126771329],[4.290354572984164,50.694075935902184],[4.292506699832703,50.69475611100905],[4.293997134173218,50.69509834839526],[4.294538394106799,50.69544832248914],[4.29531536072588,50.69573960288659],[4.296124034767484,50.696185540028594],[4.297735379216282,50.697215226919674],[4.298697467394676,50.6975268281196],[4.298956042082909,50.69772764387006],[4.300120323773195,50.698332355059655],[4.302914452559472,50.69936663877711],[4.305957048126732,50.69938396757372],[4.306488279878391,50.69971097323185],[4.307960833374681,50.700216095816174],[4.309811932792992,50.70167715071742],[4.311153477174584,50.7029178582999],[4.310259163356304,50.70344026078176],[4.30980225272284,50.70360518366021],[4.3095043893818135,50.70384896009219],[4.309525229548278,50.70400970593004],[4.309131879621192,50.70427696737827],[4.3087708972831,50.70473340361784],[4.308499535927756,50.70488483548772],[4.308443868919391,50.70496621498941],[4.308490086507612,50.705116247022154],[4.308337902752258,50.7053912245658],[4.308394500322072,50.70555304781033],[4.308228159493631,50.705667837693674],[4.30837671215953,50.70584974849891],[4.308256262045034,50.7059826469573],[4.308296283924763,50.70619517418589],[4.308198452970882,50.706397482727546],[4.308353331015024,50.70662349179484],[4.308318116059971,50.70686627323561],[4.308442776079526,50.706967139366476],[4.308365018187233,50.70710492806393],[4.308490755729822,50.70719318266436],[4.308676410012637,50.70759667166933],[4.309264029538884,50.70824600709285],[4.309357375269622,50.70845675952668],[4.309584726801058,50.70847996838977],[4.309577380096531,50.70872222343109],[4.3097561912797575,50.70898156444408],[4.309713713417314,50.70906757086143],[4.3098797636570785,50.70915730453877],[4.3098495705953335,50.70931652815995],[4.310199586708198,50.70952063742134],[4.310082405517698,50.709774649186734],[4.310144826190884,50.7098467995851],[4.310381726251464,50.70986844755054],[4.310404327465802,50.70992001407525],[4.31025226363204,50.70992538040457],[4.310277043669497,50.71000288283356],[4.3103800176989715,50.710056738535734],[4.310562648169356,50.7100130706991],[4.310748956181482,50.71009653749434],[4.3108249539140795,50.71028121075552],[4.311261796883485,50.7105184795689],[4.3113202681636515,50.710773751077895],[4.311455192868626,50.71080615282052],[4.311432515602502,50.71091607924546],[4.311590223121788,50.71096131063406],[4.311502565012858,50.71107700907167],[4.311331722848421,50.7111385443262],[4.311302041052964,50.711241302899424],[4.311378840385296,50.7113222704019],[4.311591829703022,50.71134857457614],[4.311481232445556,50.71136767527188],[4.311492973396821,50.711491604919246],[4.311390018355757,50.711540304291695],[4.3115211957382416,50.711683593915865],[4.311631014729821,50.71168017934022],[4.311589846271318,50.71176044057382],[4.311941681227348,50.711709732871284],[4.311878697230722,50.711759105085314],[4.3119352644850695,50.71186924522866],[4.311857034434055,50.711930882474626],[4.311814081496431,50.71185404639587],[4.311754879250042,50.71187363744215],[4.31176797289616,50.711933173858185],[4.311626051376122,50.71203994943607],[4.31169009999835,50.71210369587525],[4.311653414544274,50.71218761783323],[4.311398524137112,50.712331203908626],[4.311577535184417,50.71248627267412],[4.311593250648398,50.71258543583418],[4.311423438911327,50.71260433344373],[4.311241573781262,50.71252687215366],[4.311000246773761,50.712610270164795],[4.311151439904029,50.71280488993503],[4.311041265366367,50.712947187914004],[4.311126812538864,50.713088453480516],[4.311011096512633,50.713388844534],[4.310865517997719,50.71343686149492],[4.310952447993397,50.71361220753404],[4.311344924070606,50.71368918838932],[4.311414377545828,50.7138648838175],[4.31160366151113,50.71400593514622],[4.311281910782946,50.71416382086315],[4.311359090104398,50.714391210453506],[4.311461952527595,50.714454099039756],[4.311547167918078,50.71435750055156],[4.311745639018438,50.71439508351466],[4.311872372656843,50.71450832662101],[4.312115861097062,50.71455572974741],[4.312157967489989,50.71462964630644],[4.312074363742041,50.714803199355046],[4.312187762679092,50.71481943490503],[4.312330171699579,50.71473077354015],[4.312249248777352,50.714910082213535],[4.3122808199221145,50.71503325729573],[4.312423695722311,50.71514956372511],[4.312683867010415,50.71522124683638],[4.312823738684644,50.715364430448986],[4.312841876867692,50.715474474797034],[4.312711568336075,50.715747613219],[4.312934218213085,50.7162848078439],[4.312876868157155,50.716497961452376],[4.3126376848499595,50.71669715966492],[4.31329913621392,50.71745595548489],[4.313194850564859,50.71769434424076],[4.313218453137779,50.71883529656807],[4.313723888768901,50.7202666374937],[4.31453473103009,50.720044694146395],[4.314706629776844,50.71993626531654],[4.316255001563828,50.7197012509752],[4.316835764724123,50.71946515213954],[4.317162317403643,50.71943497320671],[4.317461736545276,50.71957475356326],[4.3174855884374015,50.71966244038332],[4.317376407331072,50.72003714813701],[4.317496273598215,50.72044742162885],[4.317391131806541,50.72129527522495],[4.317615191459525,50.72130886781257],[4.31804582728727,50.720731112178434],[4.318544164601346,50.72027193337849],[4.318747363597636,50.72021373505668],[4.319415720387129,50.720191147176685],[4.319468490405882,50.72009973085383],[4.321523972151165,50.71978131640394],[4.321870972301418,50.71978750666736],[4.321919476896215,50.71989899395989],[4.322362641679486,50.71979612299244],[4.3229887302454495,50.71990521120344],[4.326468685388311,50.7154049355789],[4.327125981142054,50.71515298733365],[4.327697846788263,50.71586911378931],[4.327875011691809,50.716463152940385],[4.327989132948403,50.71744677677323],[4.328224125286893,50.71816831613177],[4.3284236814729615,50.7184084598476],[4.331837618778634,50.716597548603524],[4.333419602033761,50.71642341273238],[4.333997078013515,50.71653977431552],[4.33461657679807,50.71651631139848],[4.333717248504996,50.71529190641716],[4.333857670238584,50.71526606494596],[4.334067965835992,50.71555191780229],[4.33442648383651,50.71565788713855],[4.334736574074968,50.71525260286172],[4.335033183784405,50.71541196809986],[4.334827056989641,50.715745220920134],[4.3347801570823945,50.71622434966955],[4.335335621551994,50.716626662047645],[4.334841975564356,50.71695374980954],[4.334907630512689,50.71705181795277],[4.332691089407725,50.71879596432601],[4.331247381890117,50.72030954361253],[4.330933025830395,50.72054156240819],[4.330825243985489,50.72073519444786],[4.3312866702439,50.72274899898871],[4.3318528810221295,50.724435059145726],[4.331721456430929,50.72481826825292],[4.332319862232051,50.72424370299976],[4.332804007638712,50.72434261917883],[4.332549316869067,50.72445903774292],[4.332449243172381,50.72460724794449],[4.332595467909849,50.724718544427525],[4.332477334772144,50.7249443555736],[4.332635119159439,50.72535651585322],[4.3325590521084925,50.72552103739093],[4.332850925812202,50.72583576056714],[4.332904835553252,50.726067412792574],[4.333545425454711,50.72707162504566],[4.333949011738701,50.727240698974974],[4.333854014740803,50.72744045655389],[4.334054532827362,50.72770403408504],[4.333728361568673,50.72787802608936],[4.333373890057152,50.72739625709881],[4.332468269357729,50.726718424564524],[4.332159439749649,50.72624023565322],[4.331685429574049,50.725874905453935],[4.329221080481796,50.72480901907024],[4.328424907777347,50.724209771346025],[4.327837746179956,50.72397695926375],[4.3268587314935365,50.72394520013278],[4.325338059063454,50.72324781001788],[4.324425426001016,50.72350316106882],[4.324229237127662,50.72339558727847],[4.323771446632841,50.7236042482271],[4.323867243916103,50.723704054004024],[4.324182542527694,50.7237786614099],[4.325064686749607,50.72442790104828],[4.325266470554697,50.7248675563137],[4.325242175838721,50.7249833999031],[4.324831645847115,50.72525596334185],[4.3251229552551465,50.726147974688864],[4.323826318470756,50.728906656888505],[4.325900383441573,50.729402102862686],[4.326694792117706,50.7290072589241],[4.327366612177851,50.728549168535025],[4.328558021193494,50.72878920056113],[4.329076624059481,50.72929082385895],[4.3297204721179385,50.73023416522536],[4.3324834750363665,50.73243168177912],[4.332634860069886,50.73321654288369],[4.333585523638659,50.733605734130045],[4.333829647004743,50.73395771118482],[4.334362932677917,50.7343912900977],[4.334664522195757,50.734261753425386],[4.334614983592749,50.73418615277967],[4.335023811184198,50.733703213448024],[4.338069234547792,50.73410777765669],[4.3381342513894285,50.73386729116097],[4.338442010415237,50.733480623568845],[4.340073859028079,50.731874457733596],[4.351500921926693,50.715101065392],[4.353849683622442,50.71549533683952],[4.364127301239832,50.71684627969622],[4.365733636590735,50.71680399189894],[4.372729641561936,50.716218040614876],[4.371859066909307,50.729499981543476],[4.375881405049961,50.72996763262653],[4.378232704739483,50.730385281716515],[4.381188067005831,50.73107043198158],[4.383184897559824,50.73138302351039],[4.384739389574868,50.73126696381263],[4.38800650212264,50.73147216390133],[4.389243376500485,50.73178156065177],[4.390527445252904,50.73220889384098],[4.391297802360797,50.73211595929356],[4.391817200768044,50.732452336471546],[4.392725394368472,50.73338687700052],[4.3934119238706755,50.73436994853684],[4.395733330221168,50.735117580827556],[4.396307271652741,50.73386892521765],[4.414254768965376,50.73513270631219],[4.411036824081843,50.74375888480326],[4.405068770861316,50.75878906028081],[4.423981006099223,50.76493000208683],[4.422989154622561,50.76581044211197],[4.41680256295201,50.7733687099016],[4.4109716496301985,50.77191258774227],[4.398008596348645,50.76800968519579],[4.382929199979794,50.763680063875256],[4.382670001638304,50.7646833010842],[4.382652634093159,50.76873480049811],[4.381789426361093,50.768582310300026],[4.381111251435809,50.76858488699841],[4.381045484565944,50.76933265041125],[4.363099049241415,50.7733048462639],[4.363159326828862,50.773066698302564],[4.36421467603343,50.772902173248994],[4.364273517316575,50.772429493548074],[4.363729537014805,50.771366917651655],[4.362511212879932,50.77191351345496],[4.362901594490382,50.77234230092261],[4.355320155203145,50.77356625188644],[4.354799411693805,50.77349908169751],[4.354641847806411,50.77360971082287],[4.354457541300607,50.773611995867356],[4.353970474238336,50.773492332149424],[4.353735216331008,50.7736022922059],[4.35300116315688,50.77351390509042],[4.352566422997518,50.77365021091521],[4.352300609465166,50.77365785389557],[4.3514972503436065,50.77406341892581],[4.350310152851778,50.77434349867856],[4.3499070475038755,50.774529805227125],[4.349540407650901,50.77455400380311],[4.349316374841757,50.774465319999024],[4.348929317160743,50.77456438882626],[4.34881023657423,50.774702369280966],[4.3485471682053,50.77464199916772],[4.34780246264074,50.774781233329456],[4.3475231052822965,50.775295900782396],[4.34714172745766,50.77548563492117],[4.3461484025080255,50.77543713733673],[4.345893761503997,50.775504593839514],[4.345500675851971,50.77541155123972],[4.344735406717731,50.77545363005435],[4.344525123867165,50.77538867984891],[4.344451512919982,50.77529530478662],[4.344035489565304,50.77538584046515],[4.343953223040326,50.77526911667216],[4.344014662951148,50.77516386450983],[4.343952981866831,50.7750990142744],[4.34180064054222,50.77440090924034],[4.34134639925721,50.77395876403976],[4.341027244877393,50.77382341902741],[4.3407684514037195,50.773597403857735],[4.335590685740236,50.774466829803096],[4.331210845058882,50.77550833806117],[4.3310193744800305,50.77574002823498],[4.3310881086369735,50.77590785562314],[4.330723326447714,50.776298359681476],[4.33089169692383,50.77643285128377],[4.3302825229976865,50.777087150081535],[4.330108652876559,50.77710966138453],[4.329958381281335,50.777307765262236],[4.329616583045022,50.777552746288144],[4.3287490601758885,50.77791191067211],[4.328451984834432,50.777960151119856],[4.327973121269816,50.778312797415424],[4.327715543399411,50.7783653166523],[4.327704669015001,50.77846794070414],[4.327854072807814,50.778572801282024],[4.327510885953564,50.77872124379741],[4.327285732506971,50.778982979378725],[4.3270247022442465,50.77908055366192],[4.326960197885807,50.77929102905355],[4.326737692310939,50.779485936294414],[4.32576422508216,50.779903121836945],[4.325382456694605,50.77996708029121],[4.325251287060038,50.78016104103359],[4.325144051232869,50.78068609727963],[4.324935426779127,50.780903478528124],[4.323191699258203,50.78239594094668],[4.3218685693850425,50.78317035394877],[4.321772800850452,50.78336179401099],[4.321785414704684,50.783512825640365],[4.321519901056844,50.78386700446187],[4.321645562656519,50.783998844268005],[4.3216142884346755,50.78422132840994],[4.3214468530975205,50.78433353746223],[4.321404421301318,50.78451421656008],[4.321176523308547,50.78467226142371],[4.321117686880592,50.78479557247488],[4.321173051526727,50.7850393920712],[4.321292401389973,50.78508744404611],[4.321187509747792,50.78518754578616],[4.321228622737327,50.785360072117165],[4.320958250020056,50.78544581719393],[4.320903015860392,50.78565399146969],[4.3205782361548435,50.78569540746196],[4.320659949057031,50.78584913993689],[4.320404128315268,50.786135719126904],[4.3204895917638755,50.78631429247254],[4.3197123697763145,50.78682916787497],[4.319360512652262,50.786849067911625],[4.319191523486074,50.78720526249267],[4.319134769642628,50.78763763825607],[4.319472416596222,50.787658637342815],[4.319539726396515,50.78783926289909],[4.319287290935361,50.78799126443611],[4.319425663800205,50.78815709108328],[4.319332552774301,50.788366869753716],[4.319639357413759,50.7884595050691],[4.319586303591723,50.78860870759756],[4.319720681291416,50.788671599257924],[4.3197076924223685,50.788753940766036],[4.31963102236459,50.7888410253228],[4.319384908926567,50.788891894759224],[4.319173250567435,50.78909901598464],[4.319139643084339,50.78936077538377],[4.319211470035754,50.78943416597387],[4.318924304034593,50.78968889745596],[4.319190572645768,50.78975931624478],[4.319102619976632,50.789918933754855],[4.319226371656253,50.79010803892642],[4.318955579299048,50.79030002866935],[4.318974731972136,50.79042526117857],[4.318786971608899,50.79055571739817],[4.318762734463394,50.79067032797877],[4.318275913517606,50.79061088062944],[4.318180740530046,50.79102697072484],[4.3183711447004445,50.79120439456029],[4.31835896853884,50.79132727978536],[4.318521985441291,50.79154166043063],[4.3185586829046,50.791698274079025],[4.318468480673301,50.79184485516167],[4.318676996269283,50.79194364450208],[4.318767692541772,50.792147479952895],[4.318551642680908,50.79232844008955],[4.318517612758889,50.792448791596534],[4.318279743936651,50.79247008446602],[4.318231868293482,50.79269067537759],[4.318346809551397,50.79290189206038],[4.318218070602486,50.79299712997552],[4.318335749654224,50.79329193398253],[4.318294663198452,50.793401413467976],[4.318120842904296,50.793471552406466],[4.318095713930536,50.793627685941075],[4.317917712263608,50.79375805509048],[4.3180079768057205,50.79424299022498],[4.3178619939106735,50.794410137553356],[4.317885656763211,50.79469574007141],[4.317711821908545,50.79491941365961],[4.317716102993364,50.795036370420384],[4.317584649729814,50.79512782915074],[4.317216797889452,50.79519904919013],[4.317237519925243,50.79531268655914],[4.317058153805611,50.79538731675676],[4.316940699219244,50.795540450103324],[4.316968394789085,50.79561170264576],[4.316809731576637,50.79568947733025],[4.316782724553947,50.79587888072857],[4.316558150464268,50.79604922517801],[4.3166066575362985,50.796177624858906],[4.316447595896023,50.79622438440362],[4.316396118859,50.79635183966334],[4.316185174346615,50.79637871352001],[4.316066549428576,50.79628795474514],[4.315889543194689,50.79639853384818],[4.315692419243639,50.79637184135861],[4.315432758415732,50.79645200472085],[4.315261639669983,50.796375509250105],[4.314931930052908,50.796567567063484],[4.314652386170998,50.79641694638712],[4.314424552520291,50.796452798558434],[4.314135738587832,50.79634227618822],[4.3142785622206254,50.796726020776525],[4.3141856464206185,50.79685461792225],[4.313983125779878,50.7969518804546],[4.31402431007959,50.79703335118174],[4.313739037273739,50.79699865739455],[4.313715638713933,50.7971100307748],[4.31332706946424,50.79716757426137],[4.313004414503325,50.79738425038509],[4.312502157954121,50.79749359795961],[4.31183534182986,50.79749149539156],[4.311434069269877,50.79762146740446],[4.310844808455428,50.79765138426638],[4.310712845644598,50.79780567216132],[4.310714390462809,50.79793080949355],[4.30514533541098,50.79863187270238],[4.304945472563699,50.798750973874654],[4.304505826902375,50.799308992185665],[4.304189439846802,50.79998951453576],[4.304263017993249,50.80002828568731],[4.3043042053682345,50.800204413223774],[4.304219012018249,50.800576986422165],[4.303368283355896,50.80216138134193],[4.302996471044813,50.80237252340043],[4.302208861505575,50.803377169049426],[4.30205447660144,50.80380474068347],[4.302026912841067,50.804155549034],[4.302271141931658,50.80452525212584],[4.303037873239837,50.805351201985516],[4.303174602073733,50.806596700400384],[4.30331695916425,50.80717123708058],[4.3039985348929255,50.80825555766749],[4.304337826371588,50.80905677932682],[4.304506775583462,50.8091822283811],[4.305451810814824,50.8092026066593],[4.305727308967467,50.8104455133113],[4.30561480622225,50.8107598838854],[4.305657557171635,50.8109724022539],[4.305750800500221,50.81126485194993],[4.306451556752587,50.81244218100686],[4.301860677260948,50.81305137031935],[4.301802448315181,50.81288422294927],[4.301497532657214,50.812781384178656],[4.3011023866945965,50.812763361494234],[4.2999841519207465,50.8129618311755],[4.299726371682532,50.81274152650717],[4.299857654262443,50.81252126792926],[4.299468460620475,50.81241721159464],[4.299360301802361,50.81234657939417],[4.299428180485302,50.8122118651571],[4.299127323436631,50.81214938949018],[4.299295050715108,50.81175151964886],[4.299279898187865,50.811634736047786],[4.299114253378023,50.8115800713146],[4.298315878295341,50.81165861726076],[4.298149883667713,50.811553969297265],[4.297846227748801,50.810899525104446],[4.297904110819458,50.81033303412574],[4.2977416525356515,50.810334286683236],[4.297683881639145,50.8100660898117],[4.297355096754701,50.80999918994223],[4.29736174687346,50.80982326816062],[4.296424089868198,50.809982982643334],[4.296460231097526,50.809727251064956],[4.295821359717054,50.80971418321721],[4.296056996565619,50.80945273058391],[4.295839537793509,50.80914856965068],[4.295527715662564,50.80903528526018],[4.2953154296806115,50.80905691033931],[4.295068058898315,50.80888519006967],[4.294803640589483,50.80881267990292],[4.294434726978141,50.808260076828255],[4.294213517183184,50.80819222157636],[4.2941006941472954,50.80828036210258],[4.293972317924997,50.808200718530884],[4.293813591829791,50.80831072219139],[4.293564949722282,50.80832373776131],[4.2936312158115895,50.808450805359215],[4.293344193669485,50.80856582196846],[4.293349039200738,50.808718598027056],[4.293092436716805,50.80891335069357],[4.292979334880124,50.80889850239317],[4.292890328750484,50.808707473478904],[4.292565446310319,50.808624502282],[4.291873271058092,50.808693794571774],[4.291501614957413,50.80889716701255],[4.289940880806998,50.80875324784636],[4.289586039270937,50.80864081576016],[4.28939978658181,50.80866002736703],[4.289176001402415,50.80851590520242],[4.286490196108855,50.80829480317773],[4.286412787972117,50.80826216211979],[4.286402486212211,50.808140210672214],[4.286209814669571,50.8081088372663],[4.2861200257230525,50.80793531996205],[4.285738399315255,50.807679972050614],[4.284693916376112,50.80724207399565],[4.2836754317397805,50.80706024375256],[4.283615854200445,50.80713441069299],[4.283661238184286,50.807261915501826],[4.283573972447615,50.8073348554493],[4.283407966228942,50.80723638213976],[4.283160265022103,50.80726937469815],[4.282773710767081,50.80713932919734],[4.282702940105469,50.80723646690632],[4.282467109822172,50.80722467913667],[4.28232162806801,50.80731834168948],[4.282166661635558,50.807300923968924],[4.281541164705207,50.80749500736964],[4.281214676078275,50.80749682487136],[4.281007961548659,50.80761340107412],[4.280272957140068,50.80750933807497],[4.280127172176805,50.80758950597631],[4.279985779152755,50.807521437657165],[4.279681412923491,50.807544312493384],[4.279552344689475,50.80767528364318],[4.279294352980924,50.807603523112654],[4.2789994880562965,50.807828195911135],[4.278922679031318,50.808060684867044],[4.278693958294443,50.80806855661696],[4.278113633127719,50.808295857025094],[4.277569267735623,50.808268675377825],[4.277325051148851,50.80818365044739],[4.277041246594874,50.80823787712389],[4.27678268039277,50.80872033813928],[4.276754963032278,50.80890229498494],[4.276609133019734,50.809070118643156],[4.276612840658597,50.809185510115526],[4.276491537026874,50.809280343900554],[4.276272481364338,50.8097239646649],[4.276266791172605,50.80979919077747],[4.2763714327159015,50.80983714910759],[4.2764756695576445,50.810027060515836],[4.276031001809012,50.81038940646882],[4.276057727145858,50.810497033688314],[4.275897673134523,50.81073513659467],[4.2749120335378405,50.81152766375195],[4.272993532172683,50.81215221281737],[4.271866192050897,50.81216844040774],[4.271485850650444,50.81206878713798],[4.270667841215295,50.81214667967938],[4.270255023335351,50.81204057294914],[4.269881717456531,50.81210655907887],[4.269373391549823,50.81204271058123],[4.269283651162142,50.8119732801094],[4.2691094908457075,50.8120372741892],[4.268295031036041,50.81197855567325],[4.268232285177451,50.812026642198994],[4.268066135454366,50.8119919352032],[4.268131935394562,50.811875440601426],[4.268086596973881,50.81172626032804],[4.267436444215596,50.81155616451656],[4.267066527957435,50.81162938103226],[4.266618330438789,50.81161463439049],[4.266259435279811,50.811515053891895],[4.266092749684798,50.811663822084306],[4.265896647939394,50.81160445468958],[4.265643204513856,50.811814410582805],[4.264143719201269,50.811530322876315],[4.263939079407204,50.81157994332164],[4.262864464288514,50.811498436337274],[4.262767690062,50.811343054647516],[4.262165859051667,50.811095812699484],[4.261778617959045,50.81105121271438],[4.261893337335904,50.81117492421814],[4.261618177342917,50.81122515086447],[4.261411304637877,50.81115790910243],[4.261279132578812,50.8112279892392],[4.261045511909601,50.811108311948125],[4.2607625485372935,50.81115537557143],[4.26057137156861,50.81108674491693],[4.2599914685379785,50.81109367185199],[4.259865663617153,50.81125725834165],[4.2591067470428765,50.81387801378278],[4.258157247321694,50.81543151937022],[4.256322244935387,50.81741189903234],[4.255617028581811,50.817465026139594],[4.253991570295924,50.817269728619166],[4.251321003030909,50.81722250879613],[4.250965293937851,50.8178261218346],[4.249778522333204,50.81945559184915],[4.246523621168755,50.81908409249716],[4.246817659298492,50.81754029926631],[4.245186824285446,50.817698362535985],[4.244354629158752,50.817848599741666],[4.244150024768206,50.812620409235976],[4.24239522669154,50.81349501040357],[4.240604753450607,50.814588833299545],[4.237472966934238,50.815168782225854],[4.2374344516354245,50.81527931430044],[4.236485950978491,50.81549072034268],[4.236121746748903,50.81714774523032],[4.235286127908351,50.81703783976228],[4.23514543960005,50.81745559547682],[4.233446242007832,50.81722112467047],[4.234201427756,50.81584178341596],[4.23382512170509,50.81563424318353],[4.233465534008124,50.81555865032204],[4.232702229552601,50.815499843686766],[4.232231791088968,50.81558550276463],[4.2315058534258405,50.81694557511577],[4.231398072377001,50.81692522098056],[4.230470130237603,50.818470592980496],[4.229765854837072,50.81929403845646],[4.227815465330736,50.82116124722317],[4.227912371475353,50.82121697304916],[4.224673007337824,50.82618409935809],[4.223905540129547,50.8259551198581],[4.223348497877963,50.8268698754202],[4.222494051670294,50.82658859288685],[4.222299090039916,50.8268507606225],[4.22143855278605,50.82754332896499],[4.220952628705423,50.82734838542804],[4.221114249938956,50.82706619130337],[4.221215113105033,50.82709052099758],[4.22142780989813,50.82662715071257],[4.220299371606219,50.826208945536145],[4.220541843190958,50.82572452319633],[4.220955981672899,50.82418310606405],[4.221610980641915,50.82407544982156],[4.222250038672726,50.82387458272495],[4.222266978810495,50.82381711276707],[4.221838452084855,50.82374495121284],[4.2218930742638126,50.82358914625385],[4.219880119007919,50.8233556612005],[4.221119874753878,50.82134955469083],[4.221879484881805,50.81973445700397],[4.22029473700983,50.81945971716753],[4.2202277209548935,50.819673191753836],[4.219765468186813,50.81964750761875],[4.219189419763001,50.82039085868215],[4.218469661268485,50.82100199953571],[4.216310468903307,50.82224609329492],[4.215134340972616,50.822031398122505],[4.215387468251579,50.82182776500463],[4.2152398836393745,50.82164215854831],[4.2152988214919285,50.82152055403533],[4.215203825032144,50.82147986791322],[4.215211768203609,50.82128750875839],[4.214772321783844,50.820278724983474],[4.214208669831161,50.82033476913274],[4.2140558884467385,50.820063392348274],[4.2140817490873435,50.81998809905058],[4.214014117813869,50.81996947140612],[4.214012842088668,50.819800275292764],[4.213930775968556,50.81972136478097],[4.213965744933815,50.81965883193842],[4.213795185437556,50.81922866798236],[4.213342077057528,50.81849683035308],[4.213132229822777,50.81833546870169],[4.213106971379557,50.81822766364139],[4.212212180485751,50.8177478627515],[4.211759693764236,50.81738917184693],[4.211846419926478,50.817164469841046],[4.211827696171617,50.81674261388157],[4.211651307915087,50.81532624536112],[4.21168864149974,50.81510147665932],[4.2116052326448346,50.814880023246594],[4.211636028212365,50.81447906293708],[4.211769431815998,50.814322854435616],[4.211929476115434,50.813659810396885],[4.210937678852228,50.81207496202639],[4.208800902703311,50.810309497555],[4.2088078176446855,50.80985078220319],[4.2089883587444215,50.80939314441823],[4.20839505578291,50.809286456782566],[4.208700659332801,50.80876937767769],[4.2078379232512,50.80794973654103],[4.207285964438819,50.80769099991661],[4.207575616559569,50.807423309465364],[4.207673838982147,50.80719335865706],[4.207656573704272,50.80645799141452],[4.207423450864209,50.80564559951101],[4.207589483346791,50.80560831481936],[4.208259030309273,50.80626917895541],[4.208282227122054,50.80682577650679],[4.208425840240605,50.807298323368904],[4.208517958551281,50.80730948121891],[4.209210696627111,50.80676951733537],[4.20964862107582,50.80627511586641],[4.210071247911453,50.805330141014664],[4.210075707665256,50.80481027030638],[4.2095366813771165,50.804228839945594],[4.208710677621247,50.80431298724786],[4.2082671149108215,50.80428170155418],[4.208006635282092,50.80421487874044],[4.208037157468381,50.80416599524082],[4.206928988759427,50.80402542296964],[4.205868832339663,50.80498923456725],[4.204592182687929,50.80436274175214],[4.2044116381051575,50.8045909462066],[4.204077087626011,50.80482010624746],[4.203567603462269,50.80494338336966],[4.203592693803798,50.80467462267802],[4.203903793231449,50.804277939399434],[4.204100993001978,50.80388656129047],[4.204174342847978,50.80362059715085],[4.204049670294383,50.80358241823884],[4.204496523393273,50.80219561629063],[4.205177963124587,50.80117681992518],[4.20559285528499,50.80072656638855],[4.20833346322491,50.798599961089174],[4.206677694025925,50.79777141807689],[4.205483331341819,50.79655254586901],[4.206348156627249,50.79577663703323],[4.206809642609282,50.79562285590415],[4.2067591994945115,50.795476280189206],[4.196214937031252,50.790942178071184],[4.196347709483198,50.790586419329834],[4.1952729469509835,50.79026764063327],[4.195495669725944,50.78949094341424],[4.19415867909936,50.788874144262],[4.194813295157574,50.787963822709216],[4.193842667263551,50.78766743530321],[4.1939743812202295,50.787553454065566],[4.194036744503072,50.78725616739359],[4.193695632193042,50.78734587104239],[4.193381003267037,50.787338013973624],[4.190439080599304,50.7864429922437],[4.189650473577845,50.78736023377185],[4.190477592948719,50.787721080252936],[4.190082933523122,50.788092832335536],[4.18772552837445,50.78705136806911],[4.186232009164048,50.786668076525174],[4.185949372876615,50.78696240942134],[4.187335942242195,50.78750088156052],[4.187134107430382,50.78773025718175],[4.187454262106839,50.78782118644719],[4.187179685808605,50.78808532758211],[4.186675616903987,50.78839271524849],[4.185406479812205,50.787773781574096],[4.185154202371697,50.78795336200539],[4.184691015063611,50.78762927817629],[4.184342745844275,50.78751249608854],[4.183328791853905,50.78848133800125],[4.1830057729977455,50.788398752731005],[4.182671131072395,50.78980794038042],[4.181597907969168,50.78983831249595],[4.181943031630567,50.788961890717516],[4.181032250638636,50.78882325692403],[4.181568648107161,50.78777591518824],[4.180447530801901,50.78750605239209],[4.180198258427583,50.787567681212884],[4.179969083582028,50.78802965395065],[4.179092369137084,50.78792414211683],[4.178407405948205,50.788942284651654],[4.177760359815655,50.788747867823886],[4.1779637331325965,50.78850026152401],[4.175954990868463,50.78784801835327],[4.175110202067066,50.78864050860397],[4.174007452429222,50.788288809013],[4.173492197384529,50.788914356023156],[4.172886687781637,50.7887630399047],[4.172162685325942,50.78842633806896],[4.170382515206655,50.7879362856567],[4.169467536236458,50.7878975193419],[4.16784330639693,50.78736535332855],[4.167743106869842,50.787283644387855],[4.167738772419879,50.787102855067836],[4.167674014412113,50.78705743541505],[4.166431598960401,50.786490842079374],[4.166058215461062,50.786125305591696],[4.1655910202804565,50.78624055697402],[4.164755845779277,50.78605428188021],[4.163780902807313,50.78595441820719],[4.163070372258422,50.78609800074528],[4.162751808592924,50.78627391160341],[4.161764777216121,50.78620987014114],[4.162076232920722,50.78513483700148],[4.1623102666008975,50.78480868105925],[4.160004740347649,50.784312424670894],[4.160025255206506,50.78403168215454],[4.157871797937894,50.78293708880536],[4.1568236447644455,50.78382169697967],[4.156646959050934,50.78374800355028],[4.156067891047175,50.78335725182376],[4.155660183423596,50.782834544790845],[4.157427294728958,50.78153254742758],[4.156146372676576,50.780885316182705],[4.155994701648231,50.7806543655452],[4.1557935594640405,50.779665493155086],[4.153603832688451,50.78029599794996],[4.152829450766113,50.780709273209716],[4.152702420614466,50.78079866568348],[4.1523203986298425,50.78176336760146],[4.1516263625425305,50.78221130284628],[4.150804570881507,50.782347953301205],[4.1492855868504055,50.782261701211844],[4.147942975393639,50.78172681353646],[4.147291470231744,50.780904907464986],[4.147150546243467,50.78104579550732],[4.146722963169227,50.78090941777274],[4.146169815351993,50.780518847930544],[4.146125659934669,50.780320630133225],[4.145865148386102,50.7801361206407],[4.146004586988409,50.780016009488605],[4.145977303065782,50.77984820958329],[4.146153623849077,50.77962218215179],[4.146054024764273,50.77945487545453],[4.146166033278798,50.77936626830359],[4.146082510626866,50.77930740855183],[4.1460597720558745,50.779138177642515],[4.146139512764207,50.77906641167123],[4.145792593942535,50.7787574069914],[4.145805237378878,50.77866231990578],[4.145571596969143,50.7783265587355],[4.145608848577057,50.778184501766404],[4.145521842183769,50.77811313853551],[4.145579195696892,50.77800842765925],[4.145537092859254,50.777737038178365],[4.145424323992858,50.777687380444476],[4.145488227637369,50.77727631138412],[4.1453978708654935,50.77719505315908],[4.145507698103951,50.77711660287046],[4.145403434525434,50.77706767891073],[4.145387265527996,50.77691904907573],[4.145663813934375,50.77681394525577],[4.145656180083461,50.776599256059136],[4.145873776576175,50.776457271481554],[4.145846953688492,50.77625243519006],[4.1460410391646905,50.7761354862724],[4.14595522836259,50.776051900280024],[4.14596434333667,50.77595303007613],[4.146148661622339,50.77595257088185],[4.1461977065385325,50.77586456374853],[4.146505634148198,50.77577866595528],[4.146728304717126,50.775852712776484],[4.1468618755796625,50.77574551717147],[4.1469459032858005,50.775769159839214],[4.147917927059185,50.77519753715053],[4.148180556757344,50.77524648549475],[4.148939194222847,50.77570728157172],[4.149965424379752,50.7752728353667],[4.150259578636452,50.77500486161299],[4.150491035667988,50.77458969697153],[4.1510255538668295,50.77409310658909],[4.1523716062120215,50.77355791847594],[4.151707666852085,50.773098488996894],[4.151799537285536,50.77302960473775],[4.1509266400013765,50.772853420428525],[4.1491088592103775,50.77230282996341],[4.148928219965966,50.77230806589094],[4.148478682121544,50.77254814836077],[4.148089045811228,50.77261996449438],[4.144892295285086,50.771805110127985],[4.143669628758427,50.77163925055508],[4.1426022557093285,50.771166048900334],[4.141179097969168,50.77024724481043],[4.135753315964392,50.76822110555096],[4.135699444142755,50.76855006850398],[4.13574130365487,50.76927065568399],[4.135502521136527,50.76938476943647],[4.133062316923757,50.76861378832288],[4.132308890895612,50.768449403774724],[4.132535905103706,50.768190344439034],[4.133608142307767,50.76825556883957],[4.133704644981832,50.76766849875152],[4.134436665961135,50.76665376147035],[4.133318611127574,50.76600375122904],[4.1340329785073955,50.76545256006222],[4.137573329465504,50.76440522806904],[4.139632481892449,50.76263513861398],[4.139735214917921,50.76193561545393],[4.139942451266212,50.76136048412634],[4.141473713970568,50.7615275926333],[4.141920537007399,50.76076634357995],[4.144026396801571,50.75998459805972],[4.143462877535763,50.75981701886976],[4.143872130942248,50.75916877685506],[4.14296345119058,50.75890857220846],[4.143023776208619,50.75884366647742],[4.141091174529564,50.75826215200254],[4.14099306590086,50.758175265804546],[4.1390540428848555,50.7579280878399],[4.138624892811558,50.75779085468276],[4.139692370261336,50.75718137549877],[4.142458753596384,50.75491932602433],[4.14337138183385,50.75403454763365],[4.14283133533263,50.753857878216884],[4.141351539075796,50.75355248475727],[4.1400624370965575,50.75355110757504],[4.139242386486562,50.75342356044753],[4.139041499771566,50.75331384285373],[4.138420720017036,50.752692987222254],[4.13778385634377,50.752191334594905],[4.137208547779086,50.75183123428181],[4.136195513714284,50.751460850413984],[4.135550021714815,50.75221811296966],[4.13510632355541,50.75213597444114],[4.134758004443509,50.75275008137509],[4.1348693188362295,50.75280072963099],[4.1345836384923516,50.753074737947365],[4.133105829203206,50.75303847181791],[4.13154372389135,50.752640788486964],[4.131505871643188,50.75269377653892],[4.131203640616908,50.7526324878073],[4.131162095125108,50.752727888056995],[4.129779505139213,50.75246619386761],[4.129106232545914,50.75225276113165],[4.128681187065616,50.75265650397079],[4.128285586501245,50.75291109160987],[4.127576065704341,50.752993052477265],[4.126941475008064,50.752655633806235],[4.126072045028686,50.75178191202987],[4.126323315063868,50.75137605470705],[4.1231750519870145,50.74994074997381],[4.121959985993954,50.749717206463146],[4.123447647473836,50.748597259629214],[4.121740945310591,50.74712908427559],[4.12050215035651,50.74644121886523],[4.120922055452833,50.74606124674317],[4.119540989922453,50.74537981542826],[4.119031549369414,50.74587791821095],[4.1192430607432335,50.7459565972356],[4.11840166853004,50.746535226056906],[4.118640982985288,50.746688921774506],[4.117741761175149,50.74733116055744],[4.117122856544476,50.746484207789926],[4.116296728793933,50.74585243912124],[4.116456659590965,50.745486534441895],[4.116025372494246,50.74509359429741],[4.115414993432315,50.744635505711194],[4.112955708882485,50.7432727944005],[4.1125252330176965,50.742963815400714],[4.1131425574567215,50.7424664852333],[4.112868070284893,50.74234018515297],[4.112813932420092,50.74242150149813],[4.110139099396519,50.740866459528604],[4.110061232230008,50.74092548315252],[4.107047818127477,50.73844170997402],[4.105369146968366,50.7373100177805],[4.105487018847909,50.73721471177246],[4.105154717153187,50.736977206789106],[4.099302901702533,50.73373253447849],[4.099021174469278,50.733453089096216],[4.0993382424653975,50.733257995474005],[4.098898916374516,50.73253957577231],[4.100284302543449,50.73159493315888],[4.0992081723606075,50.731053650891305],[4.099098738481072,50.73075525905741],[4.098800892381563,50.730466372714574],[4.0988179575416765,50.73036951923299],[4.097286824372365,50.729506959491616],[4.096725269909356,50.7292973344209],[4.094700852040169,50.72796195675894],[4.093467209387126,50.726571921721074],[4.092220264443614,50.72721787872215],[4.092031031360515,50.72713137806428],[4.091535012638316,50.7274841737205],[4.081941351734595,50.724445293585745],[4.078167840813242,50.71972422443641],[4.075261961517591,50.7158844714741],[4.072322575063472,50.71220593827816],[4.072428024628224,50.71218637495556],[4.072070537190814,50.71173980592977]]]}},{"type":"Feature","properties":{"kind":"region-outline"},"geometry":{"type":"MultiLineString","coordinates":[[[4.072070537190814,50.71173980592977],[4.072470778750331,50.71134515228856],[4.073908031387453,50.7108358342282],[4.074292313735461,50.71094570164826],[4.075330994547655,50.71096315197882],[4.075364328231929,50.71108709571166],[4.0756877373785345,50.71114450804859],[4.077733967811344,50.711197333603174],[4.077822782632391,50.711219177196604],[4.077763907020142,50.71161299810072],[4.078901311021213,50.71150848247016],[4.080688106675608,50.71180601147789],[4.082297978193838,50.711911179367476],[4.083673163221678,50.71177069081277],[4.084558345112856,50.7119787950842],[4.084853628638091,50.71214502748917],[4.0846505032627745,50.712329084007266],[4.08637666836578,50.71350638225826],[4.086919185056811,50.71321373365194],[4.085839369948293,50.712352754667855],[4.085627949422684,50.711908206745655],[4.0854538083109855,50.71194457623176],[4.090729766919512,50.70710931120099],[4.093164436958851,50.70816227773788],[4.096299708097044,50.706898372853615],[4.096014867807682,50.70659018990393],[4.097367914362047,50.70608677806763],[4.09778629167242,50.706288277613005],[4.099011427710437,50.7055032503637],[4.100467686658712,50.70594635818445],[4.09734264656867,50.70787695559207],[4.099058485428444,50.70834416497002],[4.102734460951233,50.70977840350535],[4.103735958881451,50.71142950490242],[4.104359204516566,50.71176690283769],[4.10568455999562,50.71270030889051],[4.1085381358184145,50.71506191627822],[4.109025216930178,50.715817558615996],[4.108767278959619,50.71610840191235],[4.109179646750753,50.71623274754673],[4.110840023714829,50.7164991853647],[4.111466375001051,50.7166991473876],[4.1115807433526435,50.71647366129868],[4.111353987501291,50.71598861078152],[4.111292937690821,50.715394606082256],[4.111379806604934,50.71527765849053],[4.111778875172072,50.71511356956986],[4.112024962314471,50.714411549552246],[4.1114726428668265,50.714142619950046],[4.111388885265054,50.713974416889684],[4.111299506672172,50.713954352490674],[4.112005803632805,50.712776969465764],[4.1130476964564044,50.71324414958125],[4.115727041917392,50.712861767262126],[4.116385829672751,50.71270083262232],[4.117189329480489,50.71272486524559],[4.1177560712651,50.713133512155395],[4.118157953719154,50.71331697816101],[4.119153823660368,50.71348816247963],[4.119826472510924,50.713681493585966],[4.120807160110493,50.713821888014756],[4.1209463569138345,50.71373355337861],[4.122463464324617,50.71398376964655],[4.122182640704775,50.71408574812418],[4.123503210256413,50.71464462093667],[4.124104620653694,50.715051884397006],[4.124401439743962,50.71516474432126],[4.125574876651755,50.715400939679284],[4.127961375355899,50.7161187777554],[4.12917335970045,50.71632362474647],[4.1316486838609725,50.71693956758057],[4.132544644507703,50.71695857979896],[4.13355810626331,50.71677645643733],[4.133894866436857,50.71663258813112],[4.13417056378292,50.716177311640486],[4.134534332241656,50.71617046669249],[4.1345620903221905,50.716615600536436],[4.134789645662956,50.717149138246526],[4.134802323328197,50.71757126473808],[4.134898289357427,50.71769664252446],[4.1348242058213405,50.71781160740751],[4.135057749708896,50.71811770186544],[4.134979747534104,50.71818415868879],[4.1351142536699275,50.71824556594591],[4.135198753477756,50.71841196858028],[4.13606744059933,50.718628846113546],[4.136248880797937,50.71878264021806],[4.136296934756041,50.71918327596005],[4.1364956249235885,50.71943352841702],[4.138787903063494,50.72131248712619],[4.138703225913692,50.72136755256998],[4.1413762476874645,50.72321239632073],[4.140987205036847,50.72335978981637],[4.139777281158208,50.724342055331384],[4.139569565629344,50.725027460604785],[4.1400026571777895,50.725816740816754],[4.140220143642453,50.726595943583945],[4.1408843615006825,50.72653592795345],[4.141280724386061,50.727207638309025],[4.141321284116427,50.727411119375496],[4.141240763409634,50.72757666223691],[4.14165703013991,50.72775505688459],[4.141853240612666,50.7280164604487],[4.142043507450848,50.72874440949137],[4.1422122833511175,50.728877412678024],[4.142389305293917,50.72896942797633],[4.143349973978637,50.72859619547398],[4.145907786331561,50.728089465460975],[4.147309793573078,50.72807416850738],[4.148611046160741,50.7282340923747],[4.148552865739593,50.72740321587245],[4.148016390490449,50.726445367196526],[4.149931226121831,50.72581723030068],[4.150718919152996,50.725649721133976],[4.152849223437251,50.72476380043574],[4.153066241820007,50.72580364678676],[4.153300307202621,50.72577918218741],[4.153548639549916,50.72611448205414],[4.1548378080657535,50.726879785207906],[4.155157374248533,50.72702106015126],[4.156219627048577,50.72702431249624],[4.156915039417453,50.72724473039425],[4.158031861429243,50.727393165638254],[4.157411351112598,50.72789445580326],[4.156375057849009,50.727610468935765],[4.156306606186106,50.727728639272144],[4.153348360961984,50.7275327258473],[4.152347190111659,50.7286936723927],[4.156352091783709,50.72907466351234],[4.1569864749397585,50.72832299135391],[4.158309846548536,50.727965335069136],[4.159898654100354,50.7276873515013],[4.160733916617043,50.727039625719094],[4.161216759820471,50.72710402588845],[4.1621119270298195,50.72670761334897],[4.162379250350955,50.726428161250595],[4.162539763170682,50.72521162431554],[4.162701342163675,50.724771023115096],[4.162927523837863,50.724524934872626],[4.163653142975755,50.724010360075695],[4.1646047628769445,50.72350215322567],[4.165149655288269,50.72337547112084],[4.1677806423262,50.723319234359856],[4.168364014387787,50.72275568383864],[4.168954648830885,50.722466512212165],[4.170109102901682,50.72208305280641],[4.171930134563929,50.72159583521381],[4.172090109402363,50.72162002956558],[4.173246935972985,50.71914286750299],[4.17385704422007,50.71859947810592],[4.174680345304805,50.71736085732345],[4.175146298877453,50.7169065042298],[4.176403691040486,50.71630072859123],[4.177214958659901,50.71520978485572],[4.178007455177262,50.71381836581324],[4.1784801349423795,50.71325994496992],[4.17865015330704,50.71269085347844],[4.1797642508505515,50.71049190356211],[4.180276501865374,50.70920514766509],[4.180474854892059,50.70902931855455],[4.182047893778857,50.70666320024536],[4.183378821751502,50.70770940050832],[4.187534064430094,50.70822264655772],[4.190836869040359,50.70804277884358],[4.195065970298891,50.70825371738107],[4.196946306123008,50.70812442275571],[4.198750065481025,50.708178919519376],[4.202824507446574,50.70846172494481],[4.204830599056473,50.708966803293315],[4.2061491636911645,50.708544048764715],[4.208970070592292,50.70809060657604],[4.21176824125684,50.70717445073998],[4.217286117392667,50.70410357286866],[4.2190117521081145,50.70299850182326],[4.220686298292033,50.70203934380234],[4.223318264393045,50.70107368553313],[4.2240662895396355,50.70050728864728],[4.227439657468858,50.69944723545106],[4.231350919233211,50.69884184239528],[4.2332907148041885,50.69764752917876],[4.237658847089324,50.69414318778832],[4.237865759338726,50.69419753391738],[4.238353172909941,50.69359198168262],[4.2387453142505525,50.693300700457556],[4.239569813564741,50.69249180379874],[4.2398487768859745,50.6911340986582],[4.239987246351057,50.690959938307515],[4.240557342577758,50.690683496647125],[4.241796570830486,50.690351406016234],[4.242986719873548,50.690104296602684],[4.244687787706254,50.68990042041398],[4.246335065843736,50.68952421195127],[4.246587961842425,50.689531344904076],[4.247641471150962,50.68993011931134],[4.2481563630753625,50.69047113498321],[4.2491558705691705,50.691308489107875],[4.2518349713807595,50.69290816093114],[4.254862866537855,50.69491910706594],[4.255934204453883,50.695516995880766],[4.256578857755945,50.69616252069252],[4.257040637018417,50.69677637691885],[4.258009828282829,50.69748030932544],[4.2587003477973635,50.698101629427946],[4.25945654507593,50.698584808173386],[4.260744223882541,50.69956114822458],[4.261583587770465,50.700432897163004],[4.263096036266876,50.70010292636563],[4.264057461854044,50.70003245866264],[4.264089639966423,50.699771976495434],[4.266344675290914,50.69927886697592],[4.266316509697273,50.69924141952191],[4.268878142061494,50.69872124597019],[4.269877459538407,50.69869145620199],[4.2709226529541615,50.69878196792303],[4.270598819238365,50.69960468619328],[4.2723496526019655,50.70003389644062],[4.272512973760564,50.69975739940513],[4.274445994469763,50.700123255099136],[4.274603903784089,50.70009585132012],[4.274687248418826,50.69970045640315],[4.274377902805075,50.69955063274911],[4.274267336885356,50.69928348956934],[4.2742894176646935,50.69914185130701],[4.276025399709194,50.699268821802995],[4.276444308432292,50.69906830121272],[4.277614900392339,50.69908384062028],[4.279245356034451,50.698872030013625],[4.280339438503814,50.69861132726677],[4.280922658458878,50.698388904797696],[4.281948728318711,50.6983156093092],[4.282857084942269,50.69796987897004],[4.28387204967514,50.69815261142725],[4.28446953888376,50.698085796134045],[4.286329476743494,50.69740390931091],[4.287188224901224,50.69681069613719],[4.287858142695994,50.69545008950291],[4.288467614645129,50.69515188801545],[4.289297741711241,50.69456126771329],[4.290354572984164,50.694075935902184],[4.292506699832703,50.69475611100905],[4.293997134173218,50.69509834839526],[4.294538394106799,50.69544832248914],[4.29531536072588,50.69573960288659],[4.296124034767484,50.696185540028594],[4.297735379216282,50.697215226919674],[4.298697467394676,50.6975268281196],[4.298956042082909,50.69772764387006],[4.300120323773195,50.698332355059655],[4.302914452559472,50.69936663877711],[4.305957048126732,50.69938396757372],[4.306488279878391,50.69971097323185],[4.307960833374681,50.700216095816174],[4.309811932792992,50.70167715071742],[4.311153477174584,50.7029178582999],[4.310259163356304,50.70344026078176],[4.30980225272284,50.70360518366021],[4.3095043893818135,50.70384896009219],[4.309525229548278,50.70400970593004],[4.309131879621192,50.70427696737827],[4.3087708972831,50.70473340361784],[4.308499535927756,50.70488483548772],[4.308443868919391,50.70496621498941],[4.308490086507612,50.705116247022154],[4.308337902752258,50.7053912245658],[4.308394500322072,50.70555304781033],[4.308228159493631,50.705667837693674],[4.30837671215953,50.70584974849891],[4.308256262045034,50.7059826469573],[4.308296283924763,50.70619517418589],[4.308198452970882,50.706397482727546],[4.308353331015024,50.70662349179484],[4.308318116059971,50.70686627323561],[4.308442776079526,50.706967139366476],[4.308365018187233,50.70710492806393],[4.308490755729822,50.70719318266436],[4.308676410012637,50.70759667166933],[4.309264029538884,50.70824600709285],[4.309357375269622,50.70845675952668],[4.309584726801058,50.70847996838977],[4.309577380096531,50.70872222343109],[4.3097561912797575,50.70898156444408],[4.309713713417314,50.70906757086143],[4.3098797636570785,50.70915730453877],[4.3098495705953335,50.70931652815995],[4.310199586708198,50.70952063742134],[4.310082405517698,50.709774649186734],[4.310144826190884,50.7098467995851],[4.310381726251464,50.70986844755054],[4.310404327465802,50.70992001407525],[4.31025226363204,50.70992538040457],[4.310277043669497,50.71000288283356],[4.3103800176989715,50.710056738535734],[4.310562648169356,50.7100130706991],[4.310748956181482,50.71009653749434],[4.3108249539140795,50.71028121075552],[4.311261796883485,50.7105184795689],[4.3113202681636515,50.710773751077895],[4.311455192868626,50.71080615282052],[4.311432515602502,50.71091607924546],[4.311590223121788,50.71096131063406],[4.311502565012858,50.71107700907167],[4.311331722848421,50.7111385443262],[4.311302041052964,50.711241302899424],[4.311378840385296,50.7113222704019],[4.311591829703022,50.71134857457614],[4.311481232445556,50.71136767527188],[4.311492973396821,50.711491604919246],[4.311390018355757,50.711540304291695],[4.3115211957382416,50.711683593915865],[4.311631014729821,50.71168017934022],[4.311589846271318,50.71176044057382],[4.311941681227348,50.711709732871284],[4.311878697230722,50.711759105085314],[4.3119352644850695,50.71186924522866],[4.311857034434055,50.711930882474626],[4.311814081496431,50.71185404639587],[4.311754879250042,50.71187363744215],[4.31176797289616,50.711933173858185],[4.311626051376122,50.71203994943607],[4.31169009999835,50.71210369587525],[4.311653414544274,50.71218761783323],[4.311398524137112,50.712331203908626],[4.311577535184417,50.71248627267412],[4.311593250648398,50.71258543583418],[4.311423438911327,50.71260433344373],[4.311241573781262,50.71252687215366],[4.311000246773761,50.712610270164795],[4.311151439904029,50.71280488993503],[4.311041265366367,50.712947187914004],[4.311126812538864,50.713088453480516],[4.311011096512633,50.713388844534],[4.310865517997719,50.71343686149492],[4.310952447993397,50.71361220753404],[4.311344924070606,50.71368918838932],[4.311414377545828,50.7138648838175],[4.31160366151113,50.71400593514622],[4.311281910782946,50.71416382086315],[4.311359090104398,50.714391210453506],[4.311461952527595,50.714454099039756],[4.311547167918078,50.71435750055156],[4.311745639018438,50.71439508351466],[4.311872372656843,50.71450832662101],[4.312115861097062,50.71455572974741],[4.312157967489989,50.71462964630644],[4.312074363742041,50.714803199355046],[4.312187762679092,50.71481943490503],[4.312330171699579,50.71473077354015],[4.312249248777352,50.714910082213535],[4.3122808199221145,50.71503325729573],[4.312423695722311,50.71514956372511],[4.312683867010415,50.71522124683638],[4.312823738684644,50.715364430448986],[4.312841876867692,50.715474474797034],[4.312711568336075,50.715747613219],[4.312934218213085,50.7162848078439],[4.312876868157155,50.716497961452376],[4.3126376848499595,50.71669715966492],[4.31329913621392,50.71745595548489],[4.313194850564859,50.71769434424076],[4.313218453137779,50.71883529656807],[4.313723888768901,50.7202666374937],[4.31453473103009,50.720044694146395],[4.314706629776844,50.71993626531654],[4.316255001563828,50.7197012509752],[4.316835764724123,50.71946515213954],[4.317162317403643,50.71943497320671],[4.317461736545276,50.71957475356326],[4.3174855884374015,50.71966244038332],[4.317376407331072,50.72003714813701],[4.317496273598215,50.72044742162885],[4.317391131806541,50.72129527522495],[4.317615191459525,50.72130886781257],[4.31804582728727,50.720731112178434],[4.318544164601346,50.72027193337849],[4.318747363597636,50.72021373505668],[4.319415720387129,50.720191147176685],[4.319468490405882,50.72009973085383],[4.321523972151165,50.71978131640394],[4.321870972301418,50.71978750666736],[4.321919476896215,50.71989899395989],[4.322362641679486,50.71979612299244],[4.3229887302454495,50.71990521120344],[4.326468685388311,50.7154049355789],[4.327125981142054,50.71515298733365],[4.327697846788263,50.71586911378931],[4.327875011691809,50.716463152940385],[4.327989132948403,50.71744677677323],[4.328224125286893,50.71816831613177],[4.3284236814729615,50.7184084598476],[4.331837618778634,50.716597548603524],[4.333419602033761,50.71642341273238],[4.333997078013515,50.71653977431552],[4.33461657679807,50.71651631139848],[4.333717248504996,50.71529190641716],[4.333857670238584,50.71526606494596],[4.334067965835992,50.71555191780229],[4.33442648383651,50.71565788713855],[4.334736574074968,50.71525260286172],[4.335033183784405,50.71541196809986],[4.334827056989641,50.715745220920134],[4.3347801570823945,50.71622434966955],[4.335335621551994,50.716626662047645],[4.334841975564356,50.71695374980954],[4.334907630512689,50.71705181795277],[4.332691089407725,50.71879596432601],[4.331247381890117,50.72030954361253],[4.330933025830395,50.72054156240819],[4.330825243985489,50.72073519444786],[4.3312866702439,50.72274899898871],[4.3318528810221295,50.724435059145726],[4.331721456430929,50.72481826825292],[4.332319862232051,50.72424370299976],[4.332804007638712,50.72434261917883],[4.332549316869067,50.72445903774292],[4.332449243172381,50.72460724794449],[4.332595467909849,50.724718544427525],[4.332477334772144,50.7249443555736],[4.332635119159439,50.72535651585322],[4.3325590521084925,50.72552103739093],[4.332850925812202,50.72583576056714],[4.332904835553252,50.726067412792574],[4.333545425454711,50.72707162504566],[4.333949011738701,50.727240698974974],[4.333854014740803,50.72744045655389],[4.334054532827362,50.72770403408504],[4.333728361568673,50.72787802608936],[4.333373890057152,50.72739625709881],[4.332468269357729,50.726718424564524],[4.332159439749649,50.72624023565322],[4.331685429574049,50.725874905453935],[4.329221080481796,50.72480901907024],[4.328424907777347,50.724209771346025],[4.327837746179956,50.72397695926375],[4.3268587314935365,50.72394520013278],[4.325338059063454,50.72324781001788],[4.324425426001016,50.72350316106882],[4.324229237127662,50.72339558727847],[4.323771446632841,50.7236042482271],[4.323867243916103,50.723704054004024],[4.324182542527694,50.7237786614099],[4.325064686749607,50.72442790104828],[4.325266470554697,50.7248675563137],[4.325242175838721,50.7249833999031],[4.324831645847115,50.72525596334185],[4.3251229552551465,50.726147974688864],[4.323826318470756,50.728906656888505],[4.325900383441573,50.729402102862686],[4.326694792117706,50.7290072589241],[4.327366612177851,50.728549168535025],[4.328558021193494,50.72878920056113],[4.329076624059481,50.72929082385895],[4.3297204721179385,50.73023416522536],[4.3324834750363665,50.73243168177912],[4.332634860069886,50.73321654288369],[4.333585523638659,50.733605734130045],[4.333829647004743,50.73395771118482],[4.334362932677917,50.7343912900977],[4.334664522195757,50.734261753425386],[4.334614983592749,50.73418615277967],[4.335023811184198,50.733703213448024],[4.338069234547792,50.73410777765669],[4.3381342513894285,50.73386729116097],[4.338442010415237,50.733480623568845],[4.340073859028079,50.731874457733596],[4.351500921926693,50.715101065392],[4.353849683622442,50.71549533683952],[4.364127301239832,50.71684627969622],[4.365733636590735,50.71680399189894],[4.372729641561936,50.716218040614876],[4.371859066909307,50.729499981543476],[4.375881405049961,50.72996763262653],[4.378232704739483,50.730385281716515],[4.381188067005831,50.73107043198158],[4.383184897559824,50.73138302351039],[4.384739389574868,50.73126696381263],[4.38800650212264,50.73147216390133],[4.389243376500485,50.73178156065177],[4.390527445252904,50.73220889384098],[4.391297802360797,50.73211595929356],[4.391817200768044,50.732452336471546],[4.392725394368472,50.73338687700052],[4.3934119238706755,50.73436994853684],[4.395733330221168,50.735117580827556],[4.396307271652741,50.73386892521765],[4.414254768965376,50.73513270631219],[4.411036824081843,50.74375888480326],[4.405068770861316,50.75878906028081],[4.423981006099223,50.76493000208683],[4.422989154622561,50.76581044211197],[4.41680256295201,50.7733687099016],[4.4109716496301985,50.77191258774227],[4.398008596348645,50.76800968519579],[4.382929199979794,50.763680063875256],[4.382670001638304,50.7646833010842],[4.382652634093159,50.76873480049811],[4.381789426361093,50.768582310300026],[4.381111251435809,50.76858488699841],[4.381045484565944,50.76933265041125],[4.363099049241415,50.7733048462639],[4.363159326828862,50.773066698302564],[4.36421467603343,50.772902173248994],[4.364273517316575,50.772429493548074],[4.363729537014805,50.771366917651655],[4.362511212879932,50.77191351345496],[4.362901594490382,50.77234230092261],[4.355320155203145,50.77356625188644],[4.354799411693805,50.77349908169751],[4.354641847806411,50.77360971082287],[4.354457541300607,50.773611995867356],[4.353970474238336,50.773492332149424],[4.353735216331008,50.7736022922059],[4.35300116315688,50.77351390509042],[4.352566422997518,50.77365021091521],[4.352300609465166,50.77365785389557],[4.3514972503436065,50.77406341892581],[4.350310152851778,50.77434349867856],[4.3499070475038755,50.774529805227125],[4.349540407650901,50.77455400380311],[4.349316374841757,50.774465319999024],[4.348929317160743,50.77456438882626],[4.34881023657423,50.774702369280966],[4.3485471682053,50.77464199916772],[4.34780246264074,50.774781233329456],[4.3475231052822965,50.775295900782396],[4.34714172745766,50.77548563492117],[4.3461484025080255,50.77543713733673],[4.345893761503997,50.775504593839514],[4.345500675851971,50.77541155123972],[4.344735406717731,50.77545363005435],[4.344525123867165,50.77538867984891],[4.344451512919982,50.77529530478662],[4.344035489565304,50.77538584046515],[4.343953223040326,50.77526911667216],[4.344014662951148,50.77516386450983],[4.343952981866831,50.7750990142744],[4.34180064054222,50.77440090924034],[4.34134639925721,50.77395876403976],[4.341027244877393,50.77382341902741],[4.3407684514037195,50.773597403857735],[4.335590685740236,50.774466829803096],[4.331210845058882,50.77550833806117],[4.3310193744800305,50.77574002823498],[4.3310881086369735,50.77590785562314],[4.330723326447714,50.776298359681476],[4.33089169692383,50.77643285128377],[4.3302825229976865,50.777087150081535],[4.330108652876559,50.77710966138453],[4.329958381281335,50.777307765262236],[4.329616583045022,50.777552746288144],[4.3287490601758885,50.77791191067211],[4.328451984834432,50.777960151119856],[4.327973121269816,50.778312797415424],[4.327715543399411,50.7783653166523],[4.327704669015001,50.77846794070414],[4.327854072807814,50.778572801282024],[4.327510885953564,50.77872124379741],[4.327285732506971,50.778982979378725],[4.3270247022442465,50.77908055366192],[4.326960197885807,50.77929102905355],[4.326737692310939,50.779485936294414],[4.32576422508216,50.779903121836945],[4.325382456694605,50.77996708029121],[4.325251287060038,50.78016104103359],[4.325144051232869,50.78068609727963],[4.324935426779127,50.780903478528124],[4.323191699258203,50.78239594094668],[4.3218685693850425,50.78317035394877],[4.321772800850452,50.78336179401099],[4.321785414704684,50.783512825640365],[4.321519901056844,50.78386700446187],[4.321645562656519,50.783998844268005],[4.3216142884346755,50.78422132840994],[4.3214468530975205,50.78433353746223],[4.321404421301318,50.78451421656008],[4.321176523308547,50.78467226142371],[4.321117686880592,50.78479557247488],[4.321173051526727,50.7850393920712],[4.321292401389973,50.78508744404611],[4.321187509747792,50.78518754578616],[4.321228622737327,50.785360072117165],[4.320958250020056,50.78544581719393],[4.320903015860392,50.78565399146969],[4.3205782361548435,50.78569540746196],[4.320659949057031,50.78584913993689],[4.320404128315268,50.786135719126904],[4.3204895917638755,50.78631429247254],[4.3197123697763145,50.78682916787497],[4.319360512652262,50.786849067911625],[4.319191523486074,50.78720526249267],[4.319134769642628,50.78763763825607],[4.319472416596222,50.787658637342815],[4.319539726396515,50.78783926289909],[4.319287290935361,50.78799126443611],[4.319425663800205,50.78815709108328],[4.319332552774301,50.788366869753716],[4.319639357413759,50.7884595050691],[4.319586303591723,50.78860870759756],[4.319720681291416,50.788671599257924],[4.3197076924223685,50.788753940766036],[4.31963102236459,50.7888410253228],[4.319384908926567,50.788891894759224],[4.319173250567435,50.78909901598464],[4.319139643084339,50.78936077538377],[4.319211470035754,50.78943416597387],[4.318924304034593,50.78968889745596],[4.319190572645768,50.78975931624478],[4.319102619976632,50.789918933754855],[4.319226371656253,50.79010803892642],[4.318955579299048,50.79030002866935],[4.318974731972136,50.79042526117857],[4.318786971608899,50.79055571739817],[4.318762734463394,50.79067032797877],[4.318275913517606,50.79061088062944],[4.318180740530046,50.79102697072484],[4.3183711447004445,50.79120439456029],[4.31835896853884,50.79132727978536],[4.318521985441291,50.79154166043063],[4.3185586829046,50.791698274079025],[4.318468480673301,50.79184485516167],[4.318676996269283,50.79194364450208],[4.318767692541772,50.792147479952895],[4.318551642680908,50.79232844008955],[4.318517612758889,50.792448791596534],[4.318279743936651,50.79247008446602],[4.318231868293482,50.79269067537759],[4.318346809551397,50.79290189206038],[4.318218070602486,50.79299712997552],[4.318335749654224,50.79329193398253],[4.318294663198452,50.793401413467976],[4.318120842904296,50.793471552406466],[4.318095713930536,50.793627685941075],[4.317917712263608,50.79375805509048],[4.3180079768057205,50.79424299022498],[4.3178619939106735,50.794410137553356],[4.317885656763211,50.79469574007141],[4.317711821908545,50.79491941365961],[4.317716102993364,50.795036370420384],[4.317584649729814,50.79512782915074],[4.317216797889452,50.79519904919013],[4.317237519925243,50.79531268655914],[4.317058153805611,50.79538731675676],[4.316940699219244,50.795540450103324],[4.316968394789085,50.79561170264576],[4.316809731576637,50.79568947733025],[4.316782724553947,50.79587888072857],[4.316558150464268,50.79604922517801],[4.3166066575362985,50.796177624858906],[4.316447595896023,50.79622438440362],[4.316396118859,50.79635183966334],[4.316185174346615,50.79637871352001],[4.316066549428576,50.79628795474514],[4.315889543194689,50.79639853384818],[4.315692419243639,50.79637184135861],[4.315432758415732,50.79645200472085],[4.315261639669983,50.796375509250105],[4.314931930052908,50.796567567063484],[4.314652386170998,50.79641694638712],[4.314424552520291,50.796452798558434],[4.314135738587832,50.79634227618822],[4.3142785622206254,50.796726020776525],[4.3141856464206185,50.79685461792225],[4.313983125779878,50.7969518804546],[4.31402431007959,50.79703335118174],[4.313739037273739,50.79699865739455],[4.313715638713933,50.7971100307748],[4.31332706946424,50.79716757426137],[4.313004414503325,50.79738425038509],[4.312502157954121,50.79749359795961],[4.31183534182986,50.79749149539156],[4.311434069269877,50.79762146740446],[4.310844808455428,50.79765138426638],[4.310712845644598,50.79780567216132],[4.310714390462809,50.79793080949355],[4.30514533541098,50.79863187270238],[4.304945472563699,50.798750973874654],[4.304505826902375,50.799308992185665],[4.304189439846802,50.79998951453576],[4.304263017993249,50.80002828568731],[4.3043042053682345,50.800204413223774],[4.304219012018249,50.800576986422165],[4.303368283355896,50.80216138134193],[4.302996471044813,50.80237252340043],[4.302208861505575,50.803377169049426],[4.30205447660144,50.80380474068347],[4.302026912841067,50.804155549034],[4.302271141931658,50.80452525212584],[4.303037873239837,50.805351201985516],[4.303174602073733,50.806596700400384],[4.30331695916425,50.80717123708058],[4.3039985348929255,50.80825555766749],[4.304337826371588,50.80905677932682],[4.304506775583462,50.8091822283811],[4.305451810814824,50.8092026066593],[4.305727308967467,50.8104455133113],[4.30561480622225,50.8107598838854],[4.305657557171635,50.8109724022539],[4.305750800500221,50.81126485194993],[4.306451556752587,50.81244218100686],[4.301860677260948,50.81305137031935],[4.301802448315181,50.81288422294927],[4.301497532657214,50.812781384178656],[4.3011023866945965,50.812763361494234],[4.2999841519207465,50.8129618311755],[4.299726371682532,50.81274152650717],[4.299857654262443,50.81252126792926],[4.299468460620475,50.81241721159464],[4.299360301802361,50.81234657939417],[4.299428180485302,50.8122118651571],[4.299127323436631,50.81214938949018],[4.299295050715108,50.81175151964886],[4.299279898187865,50.811634736047786],[4.299114253378023,50.8115800713146],[4.298315878295341,50.81165861726076],[4.298149883667713,50.811553969297265],[4.297846227748801,50.810899525104446],[4.297904110819458,50.81033303412574],[4.2977416525356515,50.810334286683236],[4.297683881639145,50.8100660898117],[4.297355096754701,50.80999918994223],[4.29736174687346,50.80982326816062],[4.296424089868198,50.809982982643334],[4.296460231097526,50.809727251064956],[4.295821359717054,50.80971418321721],[4.296056996565619,50.80945273058391],[4.295839537793509,50.80914856965068],[4.295527715662564,50.80903528526018],[4.2953154296806115,50.80905691033931],[4.295068058898315,50.80888519006967],[4.294803640589483,50.80881267990292],[4.294434726978141,50.808260076828255],[4.294213517183184,50.80819222157636],[4.2941006941472954,50.80828036210258],[4.293972317924997,50.808200718530884],[4.293813591829791,50.80831072219139],[4.293564949722282,50.80832373776131],[4.2936312158115895,50.808450805359215],[4.293344193669485,50.80856582196846],[4.293349039200738,50.808718598027056],[4.293092436716805,50.80891335069357],[4.292979334880124,50.80889850239317],[4.292890328750484,50.808707473478904],[4.292565446310319,50.808624502282],[4.291873271058092,50.808693794571774],[4.291501614957413,50.80889716701255],[4.289940880806998,50.80875324784636],[4.289586039270937,50.80864081576016],[4.28939978658181,50.80866002736703],[4.289176001402415,50.80851590520242],[4.286490196108855,50.80829480317773],[4.286412787972117,50.80826216211979],[4.286402486212211,50.808140210672214],[4.286209814669571,50.8081088372663],[4.2861200257230525,50.80793531996205],[4.285738399315255,50.807679972050614],[4.284693916376112,50.80724207399565],[4.2836754317397805,50.80706024375256],[4.283615854200445,50.80713441069299],[4.283661238184286,50.807261915501826],[4.283573972447615,50.8073348554493],[4.283407966228942,50.80723638213976],[4.283160265022103,50.80726937469815],[4.282773710767081,50.80713932919734],[4.282702940105469,50.80723646690632],[4.282467109822172,50.80722467913667],[4.28232162806801,50.80731834168948],[4.282166661635558,50.807300923968924],[4.281541164705207,50.80749500736964],[4.281214676078275,50.80749682487136],[4.281007961548659,50.80761340107412],[4.280272957140068,50.80750933807497],[4.280127172176805,50.80758950597631],[4.279985779152755,50.807521437657165],[4.279681412923491,50.807544312493384],[4.279552344689475,50.80767528364318],[4.279294352980924,50.807603523112654],[4.2789994880562965,50.807828195911135],[4.278922679031318,50.808060684867044],[4.278693958294443,50.80806855661696],[4.278113633127719,50.808295857025094],[4.277569267735623,50.808268675377825],[4.277325051148851,50.80818365044739],[4.277041246594874,50.80823787712389],[4.27678268039277,50.80872033813928],[4.276754963032278,50.80890229498494],[4.276609133019734,50.809070118643156],[4.276612840658597,50.809185510115526],[4.276491537026874,50.809280343900554],[4.276272481364338,50.8097239646649],[4.276266791172605,50.80979919077747],[4.2763714327159015,50.80983714910759],[4.2764756695576445,50.810027060515836],[4.276031001809012,50.81038940646882],[4.276057727145858,50.810497033688314],[4.275897673134523,50.81073513659467],[4.2749120335378405,50.81152766375195],[4.272993532172683,50.81215221281737],[4.271866192050897,50.81216844040774],[4.271485850650444,50.81206878713798],[4.270667841215295,50.81214667967938],[4.270255023335351,50.81204057294914],[4.269881717456531,50.81210655907887],[4.269373391549823,50.81204271058123],[4.269283651162142,50.8119732801094],[4.2691094908457075,50.8120372741892],[4.268295031036041,50.81197855567325],[4.268232285177451,50.812026642198994],[4.268066135454366,50.8119919352032],[4.268131935394562,50.811875440601426],[4.268086596973881,50.81172626032804],[4.267436444215596,50.81155616451656],[4.267066527957435,50.81162938103226],[4.266618330438789,50.81161463439049],[4.266259435279811,50.811515053891895],[4.266092749684798,50.811663822084306],[4.265896647939394,50.81160445468958],[4.265643204513856,50.811814410582805],[4.264143719201269,50.811530322876315],[4.263939079407204,50.81157994332164],[4.262864464288514,50.811498436337274],[4.262767690062,50.811343054647516],[4.262165859051667,50.811095812699484],[4.261778617959045,50.81105121271438],[4.261893337335904,50.81117492421814],[4.261618177342917,50.81122515086447],[4.261411304637877,50.81115790910243],[4.261279132578812,50.8112279892392],[4.261045511909601,50.811108311948125],[4.2607625485372935,50.81115537557143],[4.26057137156861,50.81108674491693],[4.2599914685379785,50.81109367185199],[4.259865663617153,50.81125725834165],[4.2591067470428765,50.81387801378278],[4.258157247321694,50.81543151937022],[4.256322244935387,50.81741189903234],[4.255617028581811,50.817465026139594],[4.253991570295924,50.817269728619166],[4.251321003030909,50.81722250879613],[4.250965293937851,50.8178261218346],[4.249778522333204,50.81945559184915],[4.246523621168755,50.81908409249716],[4.246817659298492,50.81754029926631],[4.245186824285446,50.817698362535985],[4.244354629158752,50.817848599741666],[4.244150024768206,50.812620409235976],[4.24239522669154,50.81349501040357],[4.240604753450607,50.814588833299545],[4.237472966934238,50.815168782225854],[4.2374344516354245,50.81527931430044],[4.236485950978491,50.81549072034268],[4.236121746748903,50.81714774523032],[4.235286127908351,50.81703783976228],[4.23514543960005,50.81745559547682],[4.233446242007832,50.81722112467047],[4.234201427756,50.81584178341596],[4.23382512170509,50.81563424318353],[4.233465534008124,50.81555865032204],[4.232702229552601,50.815499843686766],[4.232231791088968,50.81558550276463],[4.2315058534258405,50.81694557511577],[4.231398072377001,50.81692522098056],[4.230470130237603,50.818470592980496],[4.229765854837072,50.81929403845646],[4.227815465330736,50.82116124722317],[4.227912371475353,50.82121697304916],[4.224673007337824,50.82618409935809],[4.223905540129547,50.8259551198581],[4.223348497877963,50.8268698754202],[4.222494051670294,50.82658859288685],[4.222299090039916,50.8268507606225],[4.22143855278605,50.82754332896499],[4.220952628705423,50.82734838542804],[4.221114249938956,50.82706619130337],[4.221215113105033,50.82709052099758],[4.22142780989813,50.82662715071257],[4.220299371606219,50.826208945536145],[4.220541843190958,50.82572452319633],[4.220955981672899,50.82418310606405],[4.221610980641915,50.82407544982156],[4.222250038672726,50.82387458272495],[4.222266978810495,50.82381711276707],[4.221838452084855,50.82374495121284],[4.2218930742638126,50.82358914625385],[4.219880119007919,50.8233556612005],[4.221119874753878,50.82134955469083],[4.221879484881805,50.81973445700397],[4.22029473700983,50.81945971716753],[4.2202277209548935,50.819673191753836],[4.219765468186813,50.81964750761875],[4.219189419763001,50.82039085868215],[4.218469661268485,50.82100199953571],[4.216310468903307,50.82224609329492],[4.215134340972616,50.822031398122505],[4.215387468251579,50.82182776500463],[4.2152398836393745,50.82164215854831],[4.2152988214919285,50.82152055403533],[4.215203825032144,50.82147986791322],[4.215211768203609,50.82128750875839],[4.214772321783844,50.820278724983474],[4.214208669831161,50.82033476913274],[4.2140558884467385,50.820063392348274],[4.2140817490873435,50.81998809905058],[4.214014117813869,50.81996947140612],[4.214012842088668,50.819800275292764],[4.213930775968556,50.81972136478097],[4.213965744933815,50.81965883193842],[4.213795185437556,50.81922866798236],[4.213342077057528,50.81849683035308],[4.213132229822777,50.81833546870169],[4.213106971379557,50.81822766364139],[4.212212180485751,50.8177478627515],[4.211759693764236,50.81738917184693],[4.211846419926478,50.817164469841046],[4.211827696171617,50.81674261388157],[4.211651307915087,50.81532624536112],[4.21168864149974,50.81510147665932],[4.2116052326448346,50.814880023246594],[4.211636028212365,50.81447906293708],[4.211769431815998,50.814322854435616],[4.211929476115434,50.813659810396885],[4.210937678852228,50.81207496202639],[4.208800902703311,50.810309497555],[4.2088078176446855,50.80985078220319],[4.2089883587444215,50.80939314441823],[4.20839505578291,50.809286456782566],[4.208700659332801,50.80876937767769],[4.2078379232512,50.80794973654103],[4.207285964438819,50.80769099991661],[4.207575616559569,50.807423309465364],[4.207673838982147,50.80719335865706],[4.207656573704272,50.80645799141452],[4.207423450864209,50.80564559951101],[4.207589483346791,50.80560831481936],[4.208259030309273,50.80626917895541],[4.208282227122054,50.80682577650679],[4.208425840240605,50.807298323368904],[4.208517958551281,50.80730948121891],[4.209210696627111,50.80676951733537],[4.20964862107582,50.80627511586641],[4.210071247911453,50.805330141014664],[4.210075707665256,50.80481027030638],[4.2095366813771165,50.804228839945594],[4.208710677621247,50.80431298724786],[4.2082671149108215,50.80428170155418],[4.208006635282092,50.80421487874044],[4.208037157468381,50.80416599524082],[4.206928988759427,50.80402542296964],[4.205868832339663,50.80498923456725],[4.204592182687929,50.80436274175214],[4.2044116381051575,50.8045909462066],[4.204077087626011,50.80482010624746],[4.203567603462269,50.80494338336966],[4.203592693803798,50.80467462267802],[4.203903793231449,50.804277939399434],[4.204100993001978,50.80388656129047],[4.204174342847978,50.80362059715085],[4.204049670294383,50.80358241823884],[4.204496523393273,50.80219561629063],[4.205177963124587,50.80117681992518],[4.20559285528499,50.80072656638855],[4.20833346322491,50.798599961089174],[4.206677694025925,50.79777141807689],[4.205483331341819,50.79655254586901],[4.206348156627249,50.79577663703323],[4.206809642609282,50.79562285590415],[4.2067591994945115,50.795476280189206],[4.196214937031252,50.790942178071184],[4.196347709483198,50.790586419329834],[4.1952729469509835,50.79026764063327],[4.195495669725944,50.78949094341424],[4.19415867909936,50.788874144262],[4.194813295157574,50.787963822709216],[4.193842667263551,50.78766743530321],[4.1939743812202295,50.787553454065566],[4.194036744503072,50.78725616739359],[4.193695632193042,50.78734587104239],[4.193381003267037,50.787338013973624],[4.190439080599304,50.7864429922437],[4.189650473577845,50.78736023377185],[4.190477592948719,50.787721080252936],[4.190082933523122,50.788092832335536],[4.18772552837445,50.78705136806911],[4.186232009164048,50.786668076525174],[4.185949372876615,50.78696240942134],[4.187335942242195,50.78750088156052],[4.187134107430382,50.78773025718175],[4.187454262106839,50.78782118644719],[4.187179685808605,50.78808532758211],[4.186675616903987,50.78839271524849],[4.185406479812205,50.787773781574096],[4.185154202371697,50.78795336200539],[4.184691015063611,50.78762927817629],[4.184342745844275,50.78751249608854],[4.183328791853905,50.78848133800125],[4.1830057729977455,50.788398752731005],[4.182671131072395,50.78980794038042],[4.181597907969168,50.78983831249595],[4.181943031630567,50.788961890717516],[4.181032250638636,50.78882325692403],[4.181568648107161,50.78777591518824],[4.180447530801901,50.78750605239209],[4.180198258427583,50.787567681212884],[4.179969083582028,50.78802965395065],[4.179092369137084,50.78792414211683],[4.178407405948205,50.788942284651654],[4.177760359815655,50.788747867823886],[4.1779637331325965,50.78850026152401],[4.175954990868463,50.78784801835327],[4.175110202067066,50.78864050860397],[4.174007452429222,50.788288809013],[4.173492197384529,50.788914356023156],[4.172886687781637,50.7887630399047],[4.172162685325942,50.78842633806896],[4.170382515206655,50.7879362856567],[4.169467536236458,50.7878975193419],[4.16784330639693,50.78736535332855],[4.167743106869842,50.787283644387855],[4.167738772419879,50.787102855067836],[4.167674014412113,50.78705743541505],[4.166431598960401,50.786490842079374],[4.166058215461062,50.786125305591696],[4.1655910202804565,50.78624055697402],[4.164755845779277,50.78605428188021],[4.163780902807313,50.78595441820719],[4.163070372258422,50.78609800074528],[4.162751808592924,50.78627391160341],[4.161764777216121,50.78620987014114],[4.162076232920722,50.78513483700148],[4.1623102666008975,50.78480868105925],[4.160004740347649,50.784312424670894],[4.160025255206506,50.78403168215454],[4.157871797937894,50.78293708880536],[4.1568236447644455,50.78382169697967],[4.156646959050934,50.78374800355028],[4.156067891047175,50.78335725182376],[4.155660183423596,50.782834544790845],[4.157427294728958,50.78153254742758],[4.156146372676576,50.780885316182705],[4.155994701648231,50.7806543655452],[4.1557935594640405,50.779665493155086],[4.153603832688451,50.78029599794996],[4.152829450766113,50.780709273209716],[4.152702420614466,50.78079866568348],[4.1523203986298425,50.78176336760146],[4.1516263625425305,50.78221130284628],[4.150804570881507,50.782347953301205],[4.1492855868504055,50.782261701211844],[4.147942975393639,50.78172681353646],[4.147291470231744,50.780904907464986],[4.147150546243467,50.78104579550732],[4.146722963169227,50.78090941777274],[4.146169815351993,50.780518847930544],[4.146125659934669,50.780320630133225],[4.145865148386102,50.7801361206407],[4.146004586988409,50.780016009488605],[4.145977303065782,50.77984820958329],[4.146153623849077,50.77962218215179],[4.146054024764273,50.77945487545453],[4.146166033278798,50.77936626830359],[4.146082510626866,50.77930740855183],[4.1460597720558745,50.779138177642515],[4.146139512764207,50.77906641167123],[4.145792593942535,50.7787574069914],[4.145805237378878,50.77866231990578],[4.145571596969143,50.7783265587355],[4.145608848577057,50.778184501766404],[4.145521842183769,50.77811313853551],[4.145579195696892,50.77800842765925],[4.145537092859254,50.777737038178365],[4.145424323992858,50.777687380444476],[4.145488227637369,50.77727631138412],[4.1453978708654935,50.77719505315908],[4.145507698103951,50.77711660287046],[4.145403434525434,50.77706767891073],[4.145387265527996,50.77691904907573],[4.145663813934375,50.77681394525577],[4.145656180083461,50.776599256059136],[4.145873776576175,50.776457271481554],[4.145846953688492,50.77625243519006],[4.1460410391646905,50.7761354862724],[4.14595522836259,50.776051900280024],[4.14596434333667,50.77595303007613],[4.146148661622339,50.77595257088185],[4.1461977065385325,50.77586456374853],[4.146505634148198,50.77577866595528],[4.146728304717126,50.775852712776484],[4.1468618755796625,50.77574551717147],[4.1469459032858005,50.775769159839214],[4.147917927059185,50.77519753715053],[4.148180556757344,50.77524648549475],[4.148939194222847,50.77570728157172],[4.149965424379752,50.7752728353667],[4.150259578636452,50.77500486161299],[4.150491035667988,50.77458969697153],[4.1510255538668295,50.77409310658909],[4.1523716062120215,50.77355791847594],[4.151707666852085,50.773098488996894],[4.151799537285536,50.77302960473775],[4.1509266400013765,50.772853420428525],[4.1491088592103775,50.77230282996341],[4.148928219965966,50.77230806589094],[4.148478682121544,50.77254814836077],[4.148089045811228,50.77261996449438],[4.144892295285086,50.771805110127985],[4.143669628758427,50.77163925055508],[4.1426022557093285,50.771166048900334],[4.141179097969168,50.77024724481043],[4.135753315964392,50.76822110555096],[4.135699444142755,50.76855006850398],[4.13574130365487,50.76927065568399],[4.135502521136527,50.76938476943647],[4.133062316923757,50.76861378832288],[4.132308890895612,50.768449403774724],[4.132535905103706,50.768190344439034],[4.133608142307767,50.76825556883957],[4.133704644981832,50.76766849875152],[4.134436665961135,50.76665376147035],[4.133318611127574,50.76600375122904],[4.1340329785073955,50.76545256006222],[4.137573329465504,50.76440522806904],[4.139632481892449,50.76263513861398],[4.139735214917921,50.76193561545393],[4.139942451266212,50.76136048412634],[4.141473713970568,50.7615275926333],[4.141920537007399,50.76076634357995],[4.144026396801571,50.75998459805972],[4.143462877535763,50.75981701886976],[4.143872130942248,50.75916877685506],[4.14296345119058,50.75890857220846],[4.143023776208619,50.75884366647742],[4.141091174529564,50.75826215200254],[4.14099306590086,50.758175265804546],[4.1390540428848555,50.7579280878399],[4.138624892811558,50.75779085468276],[4.139692370261336,50.75718137549877],[4.142458753596384,50.75491932602433],[4.14337138183385,50.75403454763365],[4.14283133533263,50.753857878216884],[4.141351539075796,50.75355248475727],[4.1400624370965575,50.75355110757504],[4.139242386486562,50.75342356044753],[4.139041499771566,50.75331384285373],[4.138420720017036,50.752692987222254],[4.13778385634377,50.752191334594905],[4.137208547779086,50.75183123428181],[4.136195513714284,50.751460850413984],[4.135550021714815,50.75221811296966],[4.13510632355541,50.75213597444114],[4.134758004443509,50.75275008137509],[4.1348693188362295,50.75280072963099],[4.1345836384923516,50.753074737947365],[4.133105829203206,50.75303847181791],[4.13154372389135,50.752640788486964],[4.131505871643188,50.75269377653892],[4.131203640616908,50.7526324878073],[4.131162095125108,50.752727888056995],[4.129779505139213,50.75246619386761],[4.129106232545914,50.75225276113165],[4.128681187065616,50.75265650397079],[4.128285586501245,50.75291109160987],[4.127576065704341,50.752993052477265],[4.126941475008064,50.752655633806235],[4.126072045028686,50.75178191202987],[4.126323315063868,50.75137605470705],[4.1231750519870145,50.74994074997381],[4.121959985993954,50.749717206463146],[4.123447647473836,50.748597259629214],[4.121740945310591,50.74712908427559],[4.12050215035651,50.74644121886523],[4.120922055452833,50.74606124674317],[4.119540989922453,50.74537981542826],[4.119031549369414,50.74587791821095],[4.1192430607432335,50.7459565972356],[4.11840166853004,50.746535226056906],[4.118640982985288,50.746688921774506],[4.117741761175149,50.74733116055744],[4.117122856544476,50.746484207789926],[4.116296728793933,50.74585243912124],[4.116456659590965,50.745486534441895],[4.116025372494246,50.74509359429741],[4.115414993432315,50.744635505711194],[4.112955708882485,50.7432727944005],[4.1125252330176965,50.742963815400714],[4.1131425574567215,50.7424664852333],[4.112868070284893,50.74234018515297],[4.112813932420092,50.74242150149813],[4.110139099396519,50.740866459528604],[4.110061232230008,50.74092548315252],[4.107047818127477,50.73844170997402],[4.105369146968366,50.7373100177805],[4.105487018847909,50.73721471177246],[4.105154717153187,50.736977206789106],[4.099302901702533,50.73373253447849],[4.099021174469278,50.733453089096216],[4.0993382424653975,50.733257995474005],[4.098898916374516,50.73253957577231],[4.100284302543449,50.73159493315888],[4.0992081723606075,50.731053650891305],[4.099098738481072,50.73075525905741],[4.098800892381563,50.730466372714574],[4.0988179575416765,50.73036951923299],[4.097286824372365,50.729506959491616],[4.096725269909356,50.7292973344209],[4.094700852040169,50.72796195675894],[4.093467209387126,50.726571921721074],[4.092220264443614,50.72721787872215],[4.092031031360515,50.72713137806428],[4.091535012638316,50.7274841737205],[4.081941351734595,50.724445293585745],[4.078167840813242,50.71972422443641],[4.075261961517591,50.7158844714741],[4.072322575063472,50.71220593827816],[4.072428024628224,50.71218637495556],[4.072070537190814,50.71173980592977]]]}},{"type":"Feature","properties":{"kind":"municipality","name":"Drogenbos","revealIndex":0,"sectorCount":7},"geometry":{"type":"Polygon","coordinates":[[[4.288538657990311,50.79636120150168],[4.291374720864153,50.79650899233937],[4.291403401654862,50.796665421803326],[4.296288995427647,50.796088030126896],[4.296377165627477,50.796216635702514],[4.296539920407334,50.796268244711754],[4.296991469242701,50.79594264436842],[4.298358403905733,50.79542987909396],[4.298744592232349,50.79574590560799],[4.299229609230771,50.795601637254784],[4.299057912823526,50.79535980598267],[4.299133692324308,50.79533404889209],[4.29908686581607,50.79525158651161],[4.299820188331398,50.7950331195302],[4.301118224948503,50.79506505373085],[4.301813239705276,50.79494703688072],[4.302156131498914,50.79505788392999],[4.302291218747996,50.794945265399214],[4.302636973866821,50.79483439106131],[4.303650400580962,50.79473982518048],[4.303940541224815,50.79456216029319],[4.304137115794022,50.794288668023825],[4.304562525236107,50.793992268716465],[4.304630209136625,50.79386509131459],[4.30415590528074,50.79303962062851],[4.304148129044609,50.792904690310706],[4.304254728869748,50.79273939339903],[4.304716534295509,50.79262923249753],[4.30534992139748,50.792809511280396],[4.3058968767186885,50.79307837873637],[4.306222511671665,50.79297783986811],[4.306638187016634,50.7918606978006],[4.3066175840845675,50.79174977339205],[4.306548198418191,50.791610549890216],[4.305851455309716,50.790981508776596],[4.305787874747933,50.790711451924054],[4.305902173818334,50.79054959280692],[4.306034138934696,50.79049716270119],[4.306996789073007,50.79042646190481],[4.307203278587343,50.790309884248664],[4.307153396552515,50.79006075326151],[4.30664792864772,50.78962387054819],[4.306623470109105,50.78945621019099],[4.306789621402112,50.78928693173187],[4.307334231237182,50.78915020495273],[4.308751804572414,50.7890830506873],[4.309512757453606,50.78889661987755],[4.309737099439956,50.788794518747224],[4.31063278536184,50.787981038372145],[4.310999893802946,50.787907681949605],[4.311324600254323,50.787903031722465],[4.311596769537155,50.78799043384289],[4.311644454322535,50.78811521446025],[4.311500736711299,50.78869385440476],[4.31159113832305,50.789007637128215],[4.311677309531702,50.789064124910865],[4.312137709440142,50.789140208405826],[4.312740347465626,50.788992238149625],[4.312923798920728,50.788415817624276],[4.313441276056273,50.78776918311062],[4.313399274449618,50.78765528211112],[4.312643530008628,50.78726607849421],[4.3125077481196525,50.786662485395155],[4.3110731185337325,50.786005118311095],[4.310953489831995,50.78571272655686],[4.310898779760055,50.784718999417514],[4.311119132847624,50.784132181684214],[4.310908920705741,50.783349357786825],[4.310488001767216,50.78315991885119],[4.310209485407071,50.78318576141818],[4.30925769405251,50.783789842823246],[4.308991756682975,50.78384526589272],[4.308728513074779,50.78377896846718],[4.308599713801677,50.783012273329376],[4.308687904484353,50.782559606061646],[4.308638438369921,50.782430490231036],[4.30814442300415,50.78219551774491],[4.307802649182539,50.78211677269789],[4.307931051197836,50.78190243712437],[4.308785060371798,50.781629594399945],[4.309209288757456,50.78141540418543],[4.310439164097713,50.781445941400534],[4.3121235113261855,50.78062042832917],[4.3127741172495675,50.780442283935415],[4.313703726669579,50.78003961249605],[4.325706211971168,50.77970180955358],[4.32576422508216,50.779903121836945],[4.325429704261721,50.77994641931357],[4.325298717432724,50.78006019073412],[4.325144051232869,50.78068609727963],[4.324935426779127,50.780903478528124],[4.323191699258203,50.78239594094668],[4.3218685693850425,50.78317035394877],[4.321772800850452,50.78336179401099],[4.321785414704684,50.783512825640365],[4.321519901056844,50.78386700446187],[4.321645562656519,50.783998844268005],[4.3216142884346755,50.78422132840994],[4.3214468530975205,50.78433353746223],[4.321404421301318,50.78451421656008],[4.321176523308547,50.78467226142371],[4.321117686880592,50.78479557247488],[4.321173051526727,50.7850393920712],[4.321292401389973,50.78508744404611],[4.321187509747792,50.78518754578616],[4.321228622737327,50.785360072117165],[4.320958250020056,50.78544581719393],[4.320903015860392,50.78565399146969],[4.3205782361548435,50.78569540746196],[4.320659949057031,50.78584913993689],[4.320411516968883,50.786116483548895],[4.3204895917638755,50.78631429247254],[4.320449147141375,50.786350138232855],[4.3197123697763145,50.78682916787497],[4.3193353728818575,50.78687800628597],[4.319191523486074,50.78720526249267],[4.319130382218755,50.78762720866982],[4.319516198570215,50.78768840819016],[4.319539726396515,50.78783926289909],[4.319287290935361,50.78799126443611],[4.319425663800205,50.78815709108328],[4.319332552774301,50.788366869753716],[4.319639357413759,50.7884595050691],[4.319586303591723,50.78860870759756],[4.319720681291416,50.788671599257924],[4.3197076924223685,50.788753940766036],[4.31963102236459,50.7888410253228],[4.319384908926567,50.788891894759224],[4.319173250567435,50.78909901598464],[4.319139643084339,50.78936077538377],[4.319211470035754,50.78943416597387],[4.318924304034593,50.78968889745596],[4.319190572645768,50.78975931624478],[4.319102619976632,50.789918933754855],[4.319226371656253,50.79010803892642],[4.318955579299048,50.79030002866935],[4.318974731972136,50.79042526117857],[4.318786971608899,50.79055571739817],[4.318762734463394,50.79067032797877],[4.3182905273035335,50.79060423244304],[4.31820212768224,50.79078317788662],[4.318180740530046,50.79102697072484],[4.3183711447004445,50.79120439456029],[4.31835896853884,50.79132727978536],[4.318521985441291,50.79154166043063],[4.3185586829046,50.791698274079025],[4.318468480673301,50.79184485516167],[4.318676996269283,50.79194364450208],[4.318767692541772,50.792147479952895],[4.318551642680908,50.79232844008955],[4.318517612758889,50.792448791596534],[4.318279743936651,50.79247008446602],[4.318231868293482,50.79269067537759],[4.318346809551397,50.79290189206038],[4.318218070602486,50.79299712997552],[4.318335749654224,50.79329193398253],[4.318294663198452,50.793401413467976],[4.318120842904296,50.793471552406466],[4.318095713930536,50.793627685941075],[4.317917712263608,50.79375805509048],[4.3180079768057205,50.79424299022498],[4.3178619939106735,50.794410137553356],[4.317885656763211,50.79469574007141],[4.317711821908545,50.79491941365961],[4.317716102993364,50.795036370420384],[4.317584649729814,50.79512782915074],[4.317216797889452,50.79519904919013],[4.317237519925243,50.79531268655914],[4.317058153805611,50.79538731675676],[4.316940699219244,50.795540450103324],[4.316968394789085,50.79561170264576],[4.316809731576637,50.79568947733025],[4.316782724553947,50.79587888072857],[4.316558150464268,50.79604922517801],[4.3166066575362985,50.796177624858906],[4.316447595896023,50.79622438440362],[4.316396118859,50.79635183966334],[4.316185174346615,50.79637871352001],[4.316066549428576,50.79628795474514],[4.315889543194689,50.79639853384818],[4.315692419243639,50.79637184135861],[4.315432758415732,50.79645200472085],[4.315261639669983,50.796375509250105],[4.314931930052908,50.796567567063484],[4.314652386170998,50.79641694638712],[4.314424552520291,50.796452798558434],[4.314135738587832,50.79634227618822],[4.3142785622206254,50.796726020776525],[4.3141856464206185,50.79685461792225],[4.313983125779878,50.7969518804546],[4.31402431007959,50.79703335118174],[4.313739037273739,50.79699865739455],[4.313715638713933,50.7971100307748],[4.31332706946424,50.79716757426137],[4.313004414503325,50.79738425038509],[4.312502157954121,50.79749359795961],[4.31183534182986,50.79749149539156],[4.311434069269877,50.79762146740446],[4.310844808455428,50.79765138426638],[4.310712845644598,50.79780567216132],[4.310714390462809,50.79793080949355],[4.30514533541098,50.79863187270238],[4.304945472563699,50.798750973874654],[4.304505826902375,50.799308992185665],[4.304189439846802,50.79998951453576],[4.304263017993249,50.80002828568731],[4.3043042053682345,50.800204413223774],[4.304219012018249,50.800576986422165],[4.303368283355896,50.80216138134193],[4.302996471044813,50.80237252340043],[4.302208861505575,50.803377169049426],[4.30205447660144,50.80380474068347],[4.302026912841067,50.804155549034],[4.302271141931658,50.80452525212584],[4.303037873239837,50.805351201985516],[4.303174602073733,50.806596700400384],[4.30331695916425,50.80717123708058],[4.3039985348929255,50.80825555766749],[4.304337826371588,50.80905677932682],[4.304506775583462,50.8091822283811],[4.305451810814824,50.8092026066593],[4.305727308967467,50.8104455133113],[4.30561480622225,50.8107598838854],[4.305657557171635,50.8109724022539],[4.305750800500221,50.81126485194993],[4.306451556752587,50.81244218100686],[4.301860677260948,50.81305137031935],[4.301802448315181,50.81288422294927],[4.301497532657214,50.812781384178656],[4.3011023866945965,50.812763361494234],[4.300507141870669,50.81287053543543],[4.3002665805802,50.812822749654046],[4.300168740762223,50.81267984734647],[4.3001996090948404,50.81262574777419],[4.300593505999488,50.812422001293925],[4.300754036917593,50.812087769980444],[4.300696495977372,50.811841602238715],[4.300279881758586,50.81146802358245],[4.300266334292737,50.811221162124795],[4.300722693314329,50.81078920409312],[4.300657278605024,50.81069306910057],[4.300092993366063,50.81050414013693],[4.30002935594763,50.81035901194759],[4.300406853900973,50.81009978959429],[4.3002053780791565,50.80970763590671],[4.300274295113029,50.809437898442376],[4.300839392502635,50.808852820150406],[4.300782902191791,50.80876882479142],[4.2995424593312705,50.8083804756904],[4.299457125691443,50.80822679226279],[4.299582605370427,50.80808833508037],[4.301049253542039,50.80734475351025],[4.301123258277192,50.80718199424465],[4.299935637351679,50.80619793603613],[4.298549357980627,50.80594685118511],[4.298281574603454,50.80580618365758],[4.298236750797674,50.80570628221732],[4.298315081178082,50.80550190554578],[4.298532885647787,50.80528547493207],[4.2995395879579155,50.80469805729019],[4.29953079920503,50.80449902197704],[4.299151510461862,50.804166543134045],[4.299154588132919,50.80380821830706],[4.299810903917109,50.80308826454182],[4.300086847935879,50.80258078036135],[4.300748065605873,50.80178252424576],[4.299993142515781,50.80145729341855],[4.298780742872767,50.80132605314028],[4.2986896668858945,50.801328695846145],[4.2986851791026375,50.80177484860828],[4.298578905861947,50.80188571752582],[4.297862698521771,50.80186353568928],[4.29773129259736,50.801418650299816],[4.296415079079931,50.80146271103267],[4.2964763483908195,50.80072479028579],[4.292333669746616,50.798307336024685],[4.29120204254636,50.79785447896726],[4.289204502375044,50.79677058006287],[4.288538657990311,50.79636120150168]]]}},{"type":"Feature","properties":{"kind":"municipality-label","name":"Drogenbos","revealIndex":0},"geometry":{"type":"Point","coordinates":[4.307151441536236,50.796376589936465]}},{"type":"Feature","properties":{"kind":"municipality","name":"Sint-Pieters-Leeuw","revealIndex":1,"sectorCount":23},"geometry":{"type":"Polygon","coordinates":[[[4.173610174282894,50.76657144043821],[4.173894228417628,50.76581567613683],[4.174305154178006,50.765890182499085],[4.174510632779289,50.766042268231494],[4.174843586790354,50.765943301957776],[4.175433326922154,50.76603291268977],[4.175684943536942,50.766203413357005],[4.175989461346398,50.76605621210407],[4.176152265299212,50.76621101228974],[4.17643535871762,50.76620734084886],[4.176750753262916,50.76638216666448],[4.176747136288117,50.76657481070647],[4.1769940456670325,50.76661530684815],[4.177062058713167,50.76676195185381],[4.177395639530244,50.76668266608431],[4.1775258861829805,50.766758930991976],[4.177625063777076,50.76694652851626],[4.178185745064124,50.76711060301559],[4.178382385221333,50.76742088870073],[4.1786559067661635,50.76740182363954],[4.1787685241836625,50.76759726200673],[4.1792659527207165,50.76777129696906],[4.179496661011974,50.768037136264624],[4.180208042315828,50.76827389898328],[4.180151460851077,50.76849234905016],[4.180565740325396,50.76847629322948],[4.180772762288474,50.76871197528816],[4.181047013789221,50.76868903923834],[4.18139531306594,50.768796754961606],[4.181774915850518,50.76876796118514],[4.182924533204577,50.7689239599381],[4.183119509708302,50.76883733729865],[4.183313406330016,50.768844923972715],[4.183345512303211,50.768682440289545],[4.183492129930167,50.768600415477536],[4.184112056660111,50.76877722957572],[4.185007186490734,50.76854166303004],[4.185177190996645,50.7683867672541],[4.185406336699871,50.76844250275833],[4.185458979919555,50.76861239993242],[4.1856274682051335,50.76870157061104],[4.185913346213835,50.7686411547544],[4.185662125639932,50.768829637569304],[4.185814584434161,50.76892238012901],[4.1861972360954836,50.76883766180845],[4.186208664689215,50.768705351610826],[4.186310346492319,50.76869481294478],[4.186665005038196,50.76884683845682],[4.186509222512205,50.76891743577361],[4.186571167053475,50.768992955997],[4.186805351857413,50.76899277965778],[4.186978624465912,50.76887105574754],[4.187285678563393,50.769054653406485],[4.187543468464238,50.76903653066156],[4.1879138276386465,50.76919954563203],[4.188560602283149,50.76918291953611],[4.188803311502382,50.76929062734358],[4.1889794441932535,50.76927264866131],[4.1889466669567845,50.76950489365134],[4.189138967513234,50.76955975465866],[4.189441781042664,50.769519403832575],[4.189810729042326,50.76964528108317],[4.1900869476239775,50.769814978844934],[4.1901245378652625,50.77003357496079],[4.190955472998428,50.770091828377],[4.191086696510784,50.77033088369275],[4.191237697639357,50.770438001602734],[4.191870984353702,50.77050610797239],[4.192013984774113,50.77070715403701],[4.192377667859622,50.77069187863411],[4.192468135249312,50.770837288779184],[4.19242234972211,50.77095075920206],[4.192060865780379,50.77094221674382],[4.1920613731998335,50.77099975031546],[4.192305492304699,50.77111374745091],[4.192818613862649,50.77113285557874],[4.192817208754477,50.77135795606266],[4.193010861853419,50.77135797578758],[4.193330599899977,50.771113843149166],[4.193522860110122,50.771106937918994],[4.193637460233091,50.771351228490104],[4.194107539056464,50.77148097032459],[4.194401868657811,50.77147547418911],[4.194894981917638,50.77169312852197],[4.194972540694679,50.7718439097402],[4.19543863373856,50.77185484599373],[4.195848804688773,50.772077855017706],[4.196547823689844,50.772323131855764],[4.196917103168933,50.77221417836691],[4.197029718130114,50.77227843875301],[4.197063611475864,50.77254880848778],[4.197934219592762,50.772666853751176],[4.1985517020741066,50.77300108688143],[4.199398398377086,50.773149113388925],[4.199858581028404,50.77338988906298],[4.199806027121542,50.7735636070697],[4.200226731898884,50.77339913744816],[4.200116533042019,50.773696883922455],[4.200374716034039,50.77364476826873],[4.200638278835721,50.77368398111184],[4.200861745985665,50.77415338368505],[4.201359340366823,50.77420362515787],[4.201508485214877,50.774284295419484],[4.201642769458101,50.77455858440751],[4.201895360634457,50.77477514344904],[4.202284800489918,50.77478064003572],[4.2022287888691805,50.77498498798655],[4.203028350260974,50.77516447183229],[4.202989014502971,50.775385115654544],[4.2036404334566,50.7757255725329],[4.203660668035647,50.77589175021722],[4.2040968957194496,50.775826087712964],[4.204508049011808,50.77590990748147],[4.2046598077166095,50.77601736665793],[4.205062507046007,50.77596371968051],[4.2058427542540455,50.776119157907296],[4.205918055011463,50.77632108049624],[4.206697769211567,50.776428415225126],[4.2068937034985465,50.77663778491873],[4.207222031135355,50.77660803105647],[4.207201576531579,50.776785280098395],[4.207413189645597,50.77692931631489],[4.207809815651983,50.77687115713846],[4.207980234112023,50.77716436384788],[4.209060557818975,50.77752101980545],[4.209363406916232,50.77781647169961],[4.209769502330834,50.77789451209565],[4.210131140414076,50.777874432309375],[4.210612570568388,50.778090403962224],[4.211668099871787,50.778120355704864],[4.211290539606339,50.776983765080885],[4.210602988639456,50.77565773936663],[4.2105762492655705,50.77531989762156],[4.210891255876198,50.774285430132075],[4.211163846229296,50.77380083508615],[4.211282376666206,50.773028949962665],[4.211634735370047,50.77211035052743],[4.212720835226789,50.77081635150598],[4.214152410183998,50.769793897125496],[4.214957780975001,50.76852912208553],[4.215131543333866,50.76835916114929],[4.215566003414456,50.768195129711714],[4.2161353786629,50.76739320139471],[4.215951489274553,50.765654751621845],[4.2160585143926745,50.7652665629535],[4.216550460253002,50.76419945791847],[4.216691097879384,50.76194153616462],[4.217002167211483,50.76057144668659],[4.217008087384456,50.76011241729365],[4.216912949229911,50.76009299247801],[4.21713443579781,50.7589492023547],[4.217353202529225,50.75852884436401],[4.217336499529949,50.757768636707965],[4.217717073761818,50.75719737045374],[4.217914914871838,50.75658364650838],[4.218413129849844,50.75567284858273],[4.219504626400697,50.75460526985344],[4.220841559227074,50.75313906939665],[4.221184000916511,50.75271832394815],[4.221504313081722,50.75211616285965],[4.222238109569073,50.75142513827652],[4.222515441964075,50.75093654635823],[4.223662481268789,50.7494923647257],[4.223856643447853,50.74957089085135],[4.225286759657142,50.74967730444606],[4.226034257008728,50.749863922331386],[4.227351813121509,50.74971694448653],[4.229879932928064,50.75025392483687],[4.230215009966473,50.75018578227137],[4.230338528691005,50.75008382179055],[4.23120796691576,50.75043959805814],[4.232064341903453,50.750421505475934],[4.232813906367058,50.750861844293595],[4.232709187294936,50.750976835959825],[4.235680850072816,50.752207184690725],[4.23692298212459,50.75280377067444],[4.238474868333532,50.75319763815241],[4.23923427254595,50.753516698134234],[4.239285963003973,50.75331451618499],[4.239204438824784,50.75296555398459],[4.239780255647231,50.75262653010498],[4.241996231661424,50.75224948898257],[4.243858385179661,50.75164485800264],[4.245892174580594,50.75087079495497],[4.248823721866684,50.75550177403366],[4.255277595294809,50.75206232775886],[4.256489717738758,50.75336959647707],[4.257611631288096,50.754277833032305],[4.259156453410006,50.753287124489674],[4.2590137891679,50.7538428596721],[4.259044883390824,50.75405048352649],[4.259824165862898,50.754389693352074],[4.261545166192629,50.75631215450026],[4.261573727042276,50.756544100946414],[4.261481081995942,50.75676920837678],[4.260777736857624,50.75731566393779],[4.2607572739526605,50.75745291294854],[4.261155705652741,50.75768635570179],[4.262384537589562,50.757908929638404],[4.262560309212469,50.757996400049116],[4.262619724505655,50.75821939529196],[4.262541345180929,50.758615516541916],[4.262739447818512,50.75934434105232],[4.263118788408258,50.759552141228575],[4.26402887874762,50.759670496515874],[4.2643587883434835,50.75980865702537],[4.264730558925215,50.760091835153446],[4.26478259425656,50.76019891865817],[4.264313974631649,50.760766984324235],[4.264320692296588,50.76119917868792],[4.264681808385311,50.76159154456051],[4.265606538910537,50.76192705855813],[4.26363446355997,50.76276981966081],[4.263551780255133,50.763057196209814],[4.26366309949401,50.76336016934834],[4.261054585378414,50.764608877536915],[4.261186583878355,50.76474877304067],[4.2591870327368895,50.765355298371176],[4.258949014459017,50.765738038085715],[4.2594886348028735,50.76580079548853],[4.259849905945957,50.76599238910415],[4.258350308361444,50.767008099486674],[4.256698542252009,50.76782240578865],[4.266684729340481,50.772949689648996],[4.267363102854217,50.77337735185821],[4.2735293038355255,50.781128631225975],[4.275179849932595,50.78073532914564],[4.276378447056797,50.78024040916593],[4.280198124319585,50.779090362067706],[4.28071621665585,50.77882635693227],[4.281781489607649,50.77876504942438],[4.2825206625172285,50.77841037496796],[4.283300551285749,50.778464590593885],[4.283827050971975,50.77829296391695],[4.28416416138093,50.777996559924304],[4.28446116850712,50.77785578425072],[4.287640716449775,50.77707019803956],[4.291597035828524,50.775971196212204],[4.291828892154591,50.77593945128048],[4.29218067558701,50.77604276839932],[4.2923756420150685,50.775993882067425],[4.2931583256922625,50.77557763471606],[4.294424982898785,50.77467924956505],[4.294622266178837,50.77438981004486],[4.294801560172349,50.773600736257485],[4.295345972843787,50.773681067624025],[4.296819537492656,50.77410852068074],[4.297819967883841,50.774226464751266],[4.29899167279022,50.773798397332286],[4.300634820544335,50.774639985671094],[4.30172174265292,50.773372223673235],[4.302554689847368,50.77332021576463],[4.302667712332874,50.77344697750699],[4.3025261285271155,50.77394990240991],[4.3026400868465196,50.77419928584845],[4.303872983717486,50.774298441446476],[4.303981291320469,50.774428504293965],[4.303029414363007,50.77507754538167],[4.302782713464645,50.77534063789081],[4.302759042247941,50.77547757375691],[4.303802098683213,50.775787124551535],[4.3049802325148,50.775701849106525],[4.3053075309615565,50.775794870715316],[4.3053258029093735,50.77588098840915],[4.305209033280204,50.77606661803462],[4.304751088343238,50.776422584566156],[4.304619245190873,50.77660680596419],[4.304642877634533,50.77666426510963],[4.30496882991963,50.77677414190299],[4.305982371411233,50.776759237230216],[4.306156408173328,50.77679046121719],[4.306349445011105,50.776935853514246],[4.306575691378398,50.77740118776358],[4.306685271935325,50.77796773340575],[4.306643381520103,50.77815509339255],[4.306414390768758,50.77842999854159],[4.306409334260958,50.77857059955558],[4.306574869077618,50.77870974821129],[4.307564828855111,50.77897208468404],[4.308150300773452,50.77972485169794],[4.308098670484657,50.78008469324646],[4.3081419195880555,50.780218717772186],[4.309038879315538,50.780655732058264],[4.308978613136909,50.780834093330796],[4.308843486269017,50.780919927807474],[4.307017719863335,50.781454219468785],[4.306930379285847,50.781611493828606],[4.306999637441668,50.78172684694972],[4.307102936392285,50.78185865741717],[4.30733941067161,50.78197662871029],[4.30814442300415,50.78219551774491],[4.308638438369921,50.782430490231036],[4.308687904484353,50.782559606061646],[4.308599713801677,50.783012273329376],[4.308728513074779,50.78377896846718],[4.308991756682975,50.78384526589272],[4.30925769405251,50.783789842823246],[4.310209485407071,50.78318576141818],[4.310488001767216,50.78315991885119],[4.310830174712068,50.78327182833807],[4.31096097933815,50.783451954862976],[4.311119132847624,50.784132181684214],[4.310898779760055,50.784718999417514],[4.310953489831995,50.78571272655686],[4.3110731185337325,50.786005118311095],[4.3125077481196525,50.786662485395155],[4.312643530008628,50.78726607849421],[4.313399274449618,50.78765528211112],[4.313441276056273,50.78776918311062],[4.312923798920728,50.788415817624276],[4.312740347465626,50.788992238149625],[4.312496871411147,50.7890881416757],[4.312137709440142,50.789140208405826],[4.3117308872415485,50.789090130544764],[4.31159113832305,50.789007637128215],[4.311500736711299,50.78869385440476],[4.311644454322535,50.78811521446025],[4.311596769537155,50.78799043384289],[4.311324600254323,50.787903031722465],[4.310999893802946,50.787907681949605],[4.31063278536184,50.787981038372145],[4.309737099439956,50.788794518747224],[4.309512757453606,50.78889661987755],[4.308751804572414,50.7890830506873],[4.307334231237182,50.78915020495273],[4.306789621402112,50.78928693173187],[4.306623470109105,50.78945621019099],[4.30664792864772,50.78962387054819],[4.307153396552515,50.79006075326151],[4.307203278587343,50.790309884248664],[4.306996789073007,50.79042646190481],[4.306034138934696,50.79049716270119],[4.305902173818334,50.79054959280692],[4.305787874747933,50.790711451924054],[4.305851455309716,50.790981508776596],[4.306548198418191,50.791610549890216],[4.3066175840845675,50.79174977339205],[4.306638187016634,50.7918606978006],[4.306222511671665,50.79297783986811],[4.3058968767186885,50.79307837873637],[4.30534992139748,50.792809511280396],[4.304716534295509,50.79262923249753],[4.304254728869748,50.79273939339903],[4.304148129044609,50.792904690310706],[4.30415590528074,50.79303962062851],[4.304630209136625,50.79386509131459],[4.304562525236107,50.793992268716465],[4.304137115794022,50.794288668023825],[4.303940541224815,50.79456216029319],[4.303650400580962,50.79473982518048],[4.302636973866821,50.79483439106131],[4.302291218747996,50.794945265399214],[4.302156131498914,50.79505788392999],[4.301813239705276,50.79494703688072],[4.301118224948503,50.79506505373085],[4.299820188331398,50.7950331195302],[4.29908686581607,50.79525158651161],[4.299133692324308,50.79533404889209],[4.299057912823526,50.79535980598267],[4.299229609230771,50.795601637254784],[4.298744592232349,50.79574590560799],[4.298358403905733,50.79542987909396],[4.296991469242701,50.79594264436842],[4.296539920407334,50.796268244711754],[4.296377165627477,50.796216635702514],[4.296288995427647,50.796088030126896],[4.291403401654862,50.796665421803326],[4.291374720864153,50.79650899233937],[4.288538657990311,50.79636120150168],[4.289598197454249,50.79701107093927],[4.29120204254636,50.79785447896726],[4.292333669746616,50.798307336024685],[4.2964763483908195,50.80072479028579],[4.296415079079931,50.80146271103267],[4.29773129259736,50.801418650299816],[4.297862698521771,50.80186353568928],[4.298578905861947,50.80188571752582],[4.2986851791026375,50.80177484860828],[4.2986896668858945,50.801328695846145],[4.298780742872767,50.80132605314028],[4.299993142515781,50.80145729341855],[4.300748065605873,50.80178252424576],[4.300086847935879,50.80258078036135],[4.299810903917109,50.80308826454182],[4.299154588132919,50.80380821830706],[4.299151510461862,50.804166543134045],[4.29953079920503,50.80449902197704],[4.2995395879579155,50.80469805729019],[4.298532885647787,50.80528547493207],[4.298315081178082,50.80550190554578],[4.298236750797674,50.80570628221732],[4.298281574603454,50.80580618365758],[4.298549357980627,50.80594685118511],[4.299935637351679,50.80619793603613],[4.301123258277192,50.80718199424465],[4.301049253542039,50.80734475351025],[4.299582605370427,50.80808833508037],[4.299457125691443,50.80822679226279],[4.2995424593312705,50.8083804756904],[4.300782902191791,50.80876882479142],[4.300839392502635,50.808852820150406],[4.300274295113029,50.809437898442376],[4.3002053780791565,50.80970763590671],[4.300406853900973,50.81009978959429],[4.30002935594763,50.81035901194759],[4.300092993366063,50.81050414013693],[4.300657278605024,50.81069306910057],[4.300722693314329,50.81078920409312],[4.300266334292737,50.811221162124795],[4.300279881758586,50.81146802358245],[4.300696495977372,50.811841602238715],[4.300754036917593,50.812087769980444],[4.300593505999488,50.812422001293925],[4.300168740762223,50.81267984734647],[4.300372508525546,50.812864974328306],[4.300306997112984,50.812932711843416],[4.300042738398078,50.812971664904175],[4.299857665856717,50.81290566355024],[4.299720608450241,50.81270304689282],[4.299857654262443,50.81252126792926],[4.299468460620475,50.81241721159464],[4.299360301802361,50.81234657939417],[4.299428180485302,50.8122118651571],[4.299127323436631,50.81214938949018],[4.299306745522815,50.81171116379409],[4.299240211846746,50.81160585619679],[4.298315878295341,50.81165861726076],[4.298149883667713,50.811553969297265],[4.297846227748801,50.810899525104446],[4.297904110819458,50.81033303412574],[4.2977416525356515,50.810334286683236],[4.297683881639145,50.8100660898117],[4.297355096754701,50.80999918994223],[4.29736174687346,50.80982326816062],[4.296424089868198,50.809982982643334],[4.296460231097526,50.809727251064956],[4.295821359717054,50.80971418321721],[4.296056996565619,50.80945273058391],[4.295839537793509,50.80914856965068],[4.295527715662564,50.80903528526018],[4.2953154296806115,50.80905691033931],[4.295068058898315,50.80888519006967],[4.294803640589483,50.80881267990292],[4.294455848429828,50.80827863331679],[4.2942307208554285,50.80819155149786],[4.294121318128516,50.80827896847326],[4.293972317924997,50.808200718530884],[4.293813591829791,50.80831072219139],[4.293564949722282,50.80832373776131],[4.2936312158115895,50.808450805359215],[4.293344193669485,50.80856582196846],[4.293349039200738,50.808718598027056],[4.293092436716805,50.80891335069357],[4.292979334880124,50.80889850239317],[4.292890328750484,50.808707473478904],[4.292565446310319,50.808624502282],[4.291873271058092,50.808693794571774],[4.291501614957413,50.80889716701255],[4.2898846547530765,50.808746793266025],[4.289586039270937,50.80864081576016],[4.28939978658181,50.80866002736703],[4.289176001402415,50.80851590520242],[4.286490196108855,50.80829480317773],[4.286412787972117,50.80826216211979],[4.286402486212211,50.808140210672214],[4.286209814669571,50.8081088372663],[4.2861200257230525,50.80793531996205],[4.285738399315255,50.807679972050614],[4.284894076491354,50.80729008107648],[4.283817587977492,50.80706353743082],[4.283648657652851,50.8070740346475],[4.283661238184286,50.807261915501826],[4.283573972447615,50.8073348554493],[4.283407966228942,50.80723638213976],[4.283160265022103,50.80726937469815],[4.282773710767081,50.80713932919734],[4.282702940105469,50.80723646690632],[4.282467109822172,50.80722467913667],[4.28232162806801,50.80731834168948],[4.282166661635558,50.807300923968924],[4.281541164705207,50.80749500736964],[4.281214676078275,50.80749682487136],[4.281007961548659,50.80761340107412],[4.280272957140068,50.80750933807497],[4.280127172176805,50.80758950597631],[4.279985779152755,50.807521437657165],[4.279681412923491,50.807544312493384],[4.279552344689475,50.80767528364318],[4.279294352980924,50.807603523112654],[4.2789994880562965,50.807828195911135],[4.278922679031318,50.808060684867044],[4.278693958294443,50.80806855661696],[4.278113633127719,50.808295857025094],[4.277569267735623,50.808268675377825],[4.277325051148851,50.80818365044739],[4.277041246594874,50.80823787712389],[4.27678268039277,50.80872033813928],[4.276754963032278,50.80890229498494],[4.276609133019734,50.809070118643156],[4.276612840658597,50.809185510115526],[4.276491537026874,50.809280343900554],[4.276272481364338,50.8097239646649],[4.276266791172605,50.80979919077747],[4.2763714327159015,50.80983714910759],[4.2764756695576445,50.810027060515836],[4.276031001809012,50.81038940646882],[4.276057727145858,50.810497033688314],[4.275897673134523,50.81073513659467],[4.2749120335378405,50.81152766375195],[4.272993532172683,50.81215221281737],[4.271866192050897,50.81216844040774],[4.271485850650444,50.81206878713798],[4.270667841215295,50.81214667967938],[4.270255023335351,50.81204057294914],[4.269881717456531,50.81210655907887],[4.269373391549823,50.81204271058123],[4.269283651162142,50.8119732801094],[4.2691094908457075,50.8120372741892],[4.268295031036041,50.81197855567325],[4.268232285177451,50.812026642198994],[4.268066135454366,50.8119919352032],[4.268131935394562,50.811875440601426],[4.268086596973881,50.81172626032804],[4.267436444215596,50.81155616451656],[4.267066527957435,50.81162938103226],[4.266618330438789,50.81161463439049],[4.266259435279811,50.811515053891895],[4.266092749684798,50.811663822084306],[4.265896647939394,50.81160445468958],[4.265643204513856,50.811814410582805],[4.264143719201269,50.811530322876315],[4.263939079407204,50.81157994332164],[4.262864464288514,50.811498436337274],[4.262767690062,50.811343054647516],[4.262165859051667,50.811095812699484],[4.261778617959045,50.81105121271438],[4.261893337335904,50.81117492421814],[4.261618177342917,50.81122515086447],[4.261411304637877,50.81115790910243],[4.261279132578812,50.8112279892392],[4.261045511909601,50.811108311948125],[4.2607625485372935,50.81115537557143],[4.26057137156861,50.81108674491693],[4.2599914685379785,50.81109367185199],[4.259865663617153,50.81125725834165],[4.2591067470428765,50.81387801378278],[4.258157247321694,50.81543151937022],[4.256322244935387,50.81741189903234],[4.255617028581811,50.817465026139594],[4.253991570295924,50.817269728619166],[4.251321003030909,50.81722250879613],[4.250965293937851,50.8178261218346],[4.249778522333204,50.81945559184915],[4.246523621168755,50.81908409249716],[4.246817659298492,50.81754029926631],[4.245186824285446,50.817698362535985],[4.244354629158752,50.817848599741666],[4.244150024768206,50.812620409235976],[4.24239522669154,50.81349501040357],[4.240604753450607,50.814588833299545],[4.237472966934238,50.815168782225854],[4.2374344516354245,50.81527931430044],[4.236485950978491,50.81549072034268],[4.236121746748903,50.81714774523032],[4.235286127908351,50.81703783976228],[4.23514543960005,50.81745559547682],[4.233446242007832,50.81722112467047],[4.234201427756,50.81584178341596],[4.23382512170509,50.81563424318353],[4.233465534008124,50.81555865032204],[4.232702229552601,50.815499843686766],[4.232231791088968,50.81558550276463],[4.2315058534258405,50.81694557511577],[4.231398072377001,50.81692522098056],[4.230470130237603,50.818470592980496],[4.229765854837072,50.81929403845646],[4.227815465330736,50.82116124722317],[4.227912371475353,50.82121697304916],[4.224673007337824,50.82618409935809],[4.223905540129547,50.8259551198581],[4.223348497877963,50.8268698754202],[4.222494051670294,50.82658859288685],[4.222299090039916,50.8268507606225],[4.22143855278605,50.82754332896499],[4.220952628705423,50.82734838542804],[4.221114249938956,50.82706619130337],[4.221215113105033,50.82709052099758],[4.22142780989813,50.82662715071257],[4.220299371606219,50.826208945536145],[4.220541843190958,50.82572452319633],[4.220955981672899,50.82418310606405],[4.221610980641915,50.82407544982156],[4.222250038672726,50.82387458272495],[4.222266978810495,50.82381711276707],[4.221838452084855,50.82374495121284],[4.2218930742638126,50.82358914625385],[4.219880119007919,50.8233556612005],[4.221119874753878,50.82134955469083],[4.221879484881805,50.81973445700397],[4.22029473700983,50.81945971716753],[4.2202277209548935,50.819673191753836],[4.219765468186813,50.81964750761875],[4.219189419763001,50.82039085868215],[4.218469661268485,50.82100199953571],[4.216310468903307,50.82224609329492],[4.215134340972616,50.822031398122505],[4.215387468251579,50.82182776500463],[4.2152398836393745,50.82164215854831],[4.2152988214919285,50.82152055403533],[4.215203825032144,50.82147986791322],[4.215211768203609,50.82128750875839],[4.214772321783844,50.820278724983474],[4.214208669831161,50.82033476913274],[4.2140558884467385,50.820063392348274],[4.2140817490873435,50.81998809905058],[4.214014117813869,50.81996947140612],[4.214012842088668,50.819800275292764],[4.213930775968556,50.81972136478097],[4.213965744933815,50.81965883193842],[4.213795185437556,50.81922866798236],[4.213342077057528,50.81849683035308],[4.213132229822777,50.81833546870169],[4.213106971379557,50.81822766364139],[4.212212180485751,50.8177478627515],[4.211759693764236,50.81738917184693],[4.211846419926478,50.817164469841046],[4.211827696171617,50.81674261388157],[4.211651307915087,50.81532624536112],[4.21168864149974,50.81510147665932],[4.2116052326448346,50.814880023246594],[4.211636028212365,50.81447906293708],[4.211769431815998,50.814322854435616],[4.211929476115434,50.813659810396885],[4.210937678852228,50.81207496202639],[4.208800902703311,50.810309497555],[4.2088078176446855,50.80985078220319],[4.2089883587444215,50.80939314441823],[4.20839505578291,50.809286456782566],[4.208700659332801,50.80876937767769],[4.2078379232512,50.80794973654103],[4.207285964438819,50.80769099991661],[4.207575616559569,50.807423309465364],[4.207673838982147,50.80719335865706],[4.207656573704272,50.80645799141452],[4.207423450864209,50.80564559951101],[4.207589483346791,50.80560831481936],[4.208259030309273,50.80626917895541],[4.208282227122054,50.80682577650679],[4.208425840240605,50.807298323368904],[4.208517958551281,50.80730948121891],[4.209210696627111,50.80676951733537],[4.20964862107582,50.80627511586641],[4.210071247911453,50.805330141014664],[4.210075707665256,50.80481027030638],[4.2095366813771165,50.804228839945594],[4.208710677621247,50.80431298724786],[4.2082671149108215,50.80428170155418],[4.208006635282092,50.80421487874044],[4.208037157468381,50.80416599524082],[4.206928988759427,50.80402542296964],[4.205868832339663,50.80498923456725],[4.204592182687929,50.80436274175214],[4.2044116381051575,50.8045909462066],[4.204077087626011,50.80482010624746],[4.203567603462269,50.80494338336966],[4.203592693803798,50.80467462267802],[4.203903793231449,50.804277939399434],[4.204100993001978,50.80388656129047],[4.204174342847978,50.80362059715085],[4.204049670294383,50.80358241823884],[4.204496523393273,50.80219561629063],[4.205177963124587,50.80117681992518],[4.20559285528499,50.80072656638855],[4.20833346322491,50.798599961089174],[4.206677694025925,50.79777141807689],[4.205483331341819,50.79655254586901],[4.206348156627249,50.79577663703323],[4.206809642609282,50.79562285590415],[4.2067591994945115,50.795476280189206],[4.196214937031252,50.790942178071184],[4.196347709483198,50.790586419329834],[4.1952729469509835,50.79026764063327],[4.195495669725944,50.78949094341424],[4.19415867909936,50.788874144262],[4.194813295157574,50.787963822709216],[4.193842667263551,50.78766743530321],[4.1939743812202295,50.787553454065566],[4.194036744503072,50.78725616739359],[4.193695632193042,50.78734587104239],[4.193381003267037,50.787338013973624],[4.1899805765253735,50.78632892044839],[4.190582944495792,50.78535677146634],[4.191311235967362,50.78555546649338],[4.192021368576438,50.784468335284835],[4.190389638922259,50.78412210586873],[4.189161754023491,50.784083289944384],[4.187797464341821,50.784227729987855],[4.184960978710105,50.78381474758056],[4.185916016835742,50.782316402541284],[4.186364029387798,50.78254952998639],[4.186488299579551,50.780997236644644],[4.18433772363614,50.78051536252495],[4.184849368011081,50.779919609266244],[4.183045759193219,50.77954307046957],[4.182952206276329,50.77850802711108],[4.182786133473423,50.777653562365096],[4.182891196426385,50.77712760743488],[4.1861747322346226,50.778149901443875],[4.186158775302231,50.77824327082252],[4.187278577113836,50.7788796790447],[4.188013801674141,50.77916371817603],[4.188477215666738,50.779263586028506],[4.1885903583968656,50.778930600812856],[4.189284796216235,50.77778538489348],[4.188356982715543,50.77733115347303],[4.189208724317963,50.77636649919167],[4.1873772813194226,50.77580867765415],[4.18651658976319,50.77542672134155],[4.185646741160861,50.775179951373254],[4.184120876304567,50.774326521873334],[4.1842341096358675,50.77424739405317],[4.183711229508647,50.77398543946853],[4.183025545631845,50.773336954708526],[4.182380557131603,50.77375273451792],[4.182306457763055,50.773704253058355],[4.181878386421339,50.77396948833164],[4.182071653343995,50.77421368628172],[4.180651659608879,50.7749544227924],[4.180360718261676,50.774780635102246],[4.180275970848054,50.77434557721515],[4.179199583029602,50.774564183463035],[4.179040510593828,50.77431661907171],[4.179975039340205,50.7740113047119],[4.179238044254391,50.77363515821379],[4.178686676183999,50.7738144216384],[4.178522800046357,50.77314127707504],[4.178222133597326,50.773238956937035],[4.178311247517868,50.77262105752351],[4.177602272239325,50.77237152096119],[4.178927901629657,50.77062085423142],[4.178747285354067,50.77055241987929],[4.178966657986218,50.77027187528787],[4.177475949188018,50.76974532753742],[4.175360192496942,50.769251566340344],[4.173942986662178,50.768570366226534],[4.1742243556778345,50.76812849140719],[4.174700085150855,50.766714474780066],[4.17371992401209,50.766597333298535],[4.173610174282894,50.76657144043821]]]}},{"type":"Feature","properties":{"kind":"municipality-label","name":"Sint-Pieters-Leeuw","revealIndex":1},"geometry":{"type":"Point","coordinates":[4.243525725169583,50.788517846845345]}},{"type":"Feature","properties":{"kind":"municipality","name":"Linkebeek","revealIndex":2,"sectorCount":7},"geometry":{"type":"Polygon","coordinates":[[[4.3216748602186,50.77727880483938],[4.3227274383625565,50.77739847378953],[4.3229390614484355,50.77690383705516],[4.3228399076618125,50.77668361667578],[4.3229190324610025,50.77637863056533],[4.3234830129747595,50.775478427886824],[4.322050555261889,50.77498716647522],[4.323869160183863,50.772960761668145],[4.324219527178814,50.773334757380006],[4.325328482977068,50.772525445810565],[4.324365160655723,50.77186987221954],[4.323589667775056,50.771564923572164],[4.32492458080029,50.77052433953454],[4.323881440900133,50.77017754845591],[4.32271390796932,50.76965008149503],[4.322013363221891,50.76944391436993],[4.322135710891353,50.76842993574293],[4.322586190903577,50.76781227875301],[4.324277389801703,50.76874473479379],[4.324940805355532,50.768261927498955],[4.324343614560837,50.76792298953831],[4.324758763262415,50.76759850160406],[4.326432262159669,50.76864480917336],[4.327408233638353,50.76912175379361],[4.327537500032682,50.76901759379977],[4.328056009508769,50.76910095663638],[4.328418106591802,50.7678833887236],[4.329850092280853,50.768043591201966],[4.33130236579058,50.767044607197164],[4.331000563387374,50.766931731156056],[4.330922850918105,50.76657330981828],[4.338115861611087,50.76329828701268],[4.338251119455856,50.76204477931649],[4.339765606220531,50.761093964392686],[4.339998102992126,50.76097711216678],[4.341283684557605,50.760674772894106],[4.341824979917782,50.760059503439415],[4.34482280458431,50.76021660784113],[4.345655800172605,50.759361961550916],[4.346988843096344,50.759300646962856],[4.352167387606911,50.75625746386296],[4.35512425658015,50.75700350878633],[4.35599229605296,50.75711608906766],[4.356451986613463,50.75793123350134],[4.358155372674136,50.75903465784092],[4.3582710783564105,50.76016533366076],[4.358637245425155,50.76076102556108],[4.360169377498208,50.76171963653016],[4.360098108353466,50.76177867930989],[4.360557730303643,50.76206384624256],[4.360980393327947,50.76177954584027],[4.361400826715144,50.7620917657063],[4.361320277474114,50.76218318611014],[4.361887721460392,50.76246863078072],[4.362407757435478,50.76215403550465],[4.363127281801946,50.76210819453617],[4.363320650838029,50.762022269835825],[4.363951604759742,50.762281654367605],[4.3639664517173715,50.762348908147565],[4.363736603821878,50.7625489660345],[4.3642707632419855,50.7628739347826],[4.364972821410482,50.762421763849105],[4.365156972686334,50.76239409038306],[4.3657386138026855,50.762638973522726],[4.366355926862934,50.76242190072264],[4.366460245839755,50.76245535339465],[4.366484012355187,50.76258050860484],[4.366893105481658,50.76301066164587],[4.3672759290287555,50.76323823835423],[4.366469223346876,50.76400843497719],[4.365662635229989,50.76360401660068],[4.365334702896289,50.76377353833981],[4.3645745012360635,50.76344363980403],[4.364092283889817,50.76374041989153],[4.365081945559889,50.76378444509502],[4.3659438535990835,50.76419802757144],[4.366145336096908,50.76438699449645],[4.366264492734069,50.76502450121788],[4.366248323236986,50.76598130224753],[4.366694332645559,50.76628177137659],[4.366579352723246,50.76647719841638],[4.367367733303906,50.767219375265476],[4.367492147981676,50.767481596442586],[4.365782465439926,50.76829949633562],[4.364542078328647,50.76847715586213],[4.363932178086114,50.768652569754224],[4.364014485605456,50.7687433864679],[4.363439842491035,50.769153145252744],[4.363019486802573,50.76955735497052],[4.363248070036762,50.76961573946559],[4.363107645947165,50.77031542863676],[4.363136840343565,50.770564659057634],[4.36375744070117,50.77131896696573],[4.362511212879932,50.77191351345496],[4.362901594490382,50.77234230092261],[4.355320155203145,50.77356625188644],[4.354799411693805,50.77349908169751],[4.354641847806411,50.77360971082287],[4.354457541300607,50.773611995867356],[4.353970474238336,50.773492332149424],[4.353735216331008,50.7736022922059],[4.35300116315688,50.77351390509042],[4.352566422997518,50.77365021091521],[4.352300609465166,50.77365785389557],[4.3514972503436065,50.77406341892581],[4.350310152851778,50.77434349867856],[4.3499070475038755,50.774529805227125],[4.349540407650901,50.77455400380311],[4.349316374841757,50.774465319999024],[4.348929317160743,50.77456438882626],[4.34881023657423,50.774702369280966],[4.3485471682053,50.77464199916772],[4.34780246264074,50.774781233329456],[4.3475231052822965,50.775295900782396],[4.3470959727343645,50.77548949489048],[4.3461484025080255,50.77543713733673],[4.345893761503997,50.775504593839514],[4.345500675851971,50.77541155123972],[4.344735406717731,50.77545363005435],[4.344525123867165,50.77538867984891],[4.344451512919982,50.77529530478662],[4.344035489565304,50.77538584046515],[4.343953223040326,50.77526911667216],[4.344014662951148,50.77516386450983],[4.343952981866831,50.7750990142744],[4.34180064054222,50.77440090924034],[4.34134639925721,50.77395876403976],[4.341027244877393,50.77382341902741],[4.3407684514037195,50.773597403857735],[4.335032779148567,50.774579795384376],[4.331210845058882,50.77550833806117],[4.3310193744800305,50.77574002823498],[4.3310881086369735,50.77590785562314],[4.330723326447714,50.776298359681476],[4.33089169692383,50.77643285128377],[4.3302825229976865,50.777087150081535],[4.330108652876559,50.77710966138453],[4.329958381281335,50.777307765262236],[4.329616583045022,50.777552746288144],[4.3287490601758885,50.77791191067211],[4.328451984834432,50.777960151119856],[4.327973121269816,50.778312797415424],[4.327715543399411,50.7783653166523],[4.327704669015001,50.77846794070414],[4.327854072807814,50.778572801282024],[4.327510885953564,50.77872124379741],[4.327285732506971,50.778982979378725],[4.3270247022442465,50.77908055366192],[4.326960197885807,50.77929102905355],[4.326737692310939,50.779485936294414],[4.32576422508216,50.779903121836945],[4.325485234752067,50.778935135530126],[4.322638147287403,50.77815977536041],[4.32233741250104,50.77798792017801],[4.322028021507565,50.77765745798449],[4.3216748602186,50.77727880483938]]]}},{"type":"Feature","properties":{"kind":"municipality-label","name":"Linkebeek","revealIndex":2},"geometry":{"type":"Point","coordinates":[4.344583504100138,50.76808029284995]}},{"type":"Feature","properties":{"kind":"municipality","name":"Beersel","revealIndex":3,"sectorCount":39},"geometry":{"type":"Polygon","coordinates":[[[4.256698542252009,50.76782240578865],[4.258350308361444,50.767008099486674],[4.259849905945957,50.76599238910415],[4.2594886348028735,50.76580079548853],[4.258949014459017,50.765738038085715],[4.2591870327368895,50.765355298371176],[4.261186583878355,50.76474877304067],[4.261054585378414,50.764608877536915],[4.26366309949401,50.76336016934834],[4.263551780255133,50.763057196209814],[4.26363446355997,50.76276981966081],[4.265606538910537,50.76192705855813],[4.264681808385311,50.76159154456051],[4.264320692296588,50.76119917868792],[4.264313974631649,50.760766984324235],[4.26478259425656,50.76019891865817],[4.264730558925215,50.760091835153446],[4.2643587883434835,50.75980865702537],[4.26402887874762,50.759670496515874],[4.263118788408258,50.759552141228575],[4.262739447818512,50.75934434105232],[4.262541345180929,50.758615516541916],[4.262619724505655,50.75821939529196],[4.262560309212469,50.757996400049116],[4.262384537589562,50.757908929638404],[4.261155705652741,50.75768635570179],[4.2607572739526605,50.75745291294854],[4.260777736857624,50.75731566393779],[4.261469141966159,50.7567855140051],[4.261562945828956,50.75659759118716],[4.261566938672759,50.756382702191736],[4.261400199070351,50.7561051770972],[4.259824165862898,50.754389693352074],[4.259044883390824,50.75405048352649],[4.2590137891679,50.7538428596721],[4.259156453410006,50.753287124489674],[4.259479782695621,50.752814757364874],[4.2593101403955025,50.75255521247514],[4.259855771608739,50.75227073034144],[4.259396627343107,50.75180652177911],[4.259603574543835,50.75172598211545],[4.259835983544807,50.75178496049725],[4.260213370173611,50.75155442001594],[4.260501674480047,50.751280660174494],[4.260116634555052,50.75097995619902],[4.261170684846149,50.750506381036175],[4.260971246457876,50.75031974425694],[4.261805580870446,50.749904873693765],[4.262505822344552,50.750432242576565],[4.263676341699292,50.74970713658873],[4.2630620019664605,50.74936608556704],[4.265572236229097,50.7479503323584],[4.265479961603926,50.74788560816557],[4.267446174059295,50.74674798740102],[4.267656694185275,50.746385298583306],[4.268610629583572,50.74588604923575],[4.2678488603227125,50.74532141980444],[4.269118995743447,50.74463488116517],[4.268623823160562,50.744265365605266],[4.269009604755931,50.744057771935736],[4.268893226396438,50.74397031987341],[4.269446659917195,50.74283598412598],[4.270142049383312,50.74168149500703],[4.2705001987332425,50.74072823195315],[4.2705673901834365,50.740761064325696],[4.272372541649257,50.73932846904766],[4.272834107869251,50.738575443833355],[4.2738697955931535,50.73748672087478],[4.27351534980628,50.7370825974221],[4.274591126056384,50.73662869098981],[4.274398434338014,50.73650380922858],[4.27510458416202,50.73600435751632],[4.275512804627519,50.735837568509574],[4.275530675295339,50.73555509143029],[4.275719112977851,50.73528294145373],[4.275934568710718,50.73532557295576],[4.27621099852438,50.73489409290366],[4.276029803039538,50.73484660927357],[4.276315045091471,50.73441717319261],[4.276813096594701,50.73412257423535],[4.276664253796829,50.73403678521842],[4.277157837772966,50.733703501871204],[4.277678777998009,50.73403408948196],[4.278059326867608,50.73380813518386],[4.277456219689339,50.732984026111666],[4.276940198473414,50.73150921894644],[4.276569612196544,50.73112616772236],[4.274345899513636,50.73086490807894],[4.275156963553121,50.73024858237298],[4.275405609724459,50.72994640381941],[4.274342676086581,50.72891969984355],[4.273903926956671,50.72858654891742],[4.276357968040614,50.726825262206816],[4.278461503674038,50.72567019987393],[4.28084944838642,50.72543405085976],[4.2813533827579295,50.725462825931196],[4.282228575585331,50.725306629024544],[4.283263902067199,50.72490945183621],[4.284303560830489,50.724668851148245],[4.283616409802158,50.723397327114334],[4.280742309425783,50.72409644500267],[4.280556907166291,50.72281885187818],[4.280035472282441,50.72293470862247],[4.279658147271343,50.722370556203046],[4.276923605590035,50.72279926334091],[4.2732845653123785,50.72451670757636],[4.272680747205393,50.722938843850756],[4.271737384583761,50.72144345232209],[4.273166612557574,50.720463022273925],[4.276482570595433,50.72037839896886],[4.277861565093474,50.72017520419265],[4.27870223600885,50.71994814315838],[4.281599967322964,50.7193905418805],[4.281705351156044,50.719510420856906],[4.281572260361947,50.71959045582776],[4.281891478235165,50.71979954725484],[4.281906051526595,50.71990663000006],[4.281829360053961,50.71998755835778],[4.281948844712708,50.72000469565428],[4.281877556737243,50.72006772695555],[4.281980642799213,50.72023957645532],[4.282394420494532,50.72029188059506],[4.282394223553389,50.720401423983915],[4.2822667524109965,50.72034506712384],[4.282179357061588,50.72040382410489],[4.28217504403282,50.720561188256546],[4.282256845144638,50.72062433130188],[4.2824543196668925,50.72058270486078],[4.282608494798776,50.72072518049854],[4.282716287206537,50.72067240492599],[4.282858552406026,50.7207176909202],[4.282842112030278,50.72089703911263],[4.283016062925768,50.72095821903058],[4.283113185060299,50.72115255269217],[4.2832367599168615,50.721135593608174],[4.283206533946794,50.721222155512],[4.283361428875749,50.721258865555725],[4.2835093319375055,50.7214554693748],[4.283388276204957,50.72156279395602],[4.283586890441509,50.72163880701797],[4.283594042578718,50.72184332061322],[4.283779356048809,50.72184856899933],[4.283685218343709,50.72192437294123],[4.283734817472264,50.72197299795148],[4.284010256287862,50.72189391699923],[4.283976449176687,50.72202517356203],[4.284247945448946,50.72204923848637],[4.284266601937684,50.722131429620084],[4.28437944519723,50.72210849407422],[4.284391268588685,50.72225683373379],[4.2846520746638115,50.72225190481444],[4.284572239521604,50.722345737890585],[4.285085730326603,50.7224657583734],[4.285046642312181,50.722546374595794],[4.284897608014239,50.722528365871895],[4.284929536754579,50.72269973681413],[4.285124263989348,50.72269987470319],[4.285092101996656,50.72280515185897],[4.28485947954138,50.722827301809474],[4.284759915636318,50.72293208561312],[4.285009564380469,50.72292884338444],[4.284912749188587,50.72308052564911],[4.285162405037536,50.72315708443279],[4.285244308953507,50.723434468535544],[4.28582906347704,50.723658607443596],[4.2864491632235335,50.723642344688564],[4.286446106713205,50.723784699254416],[4.286568014512398,50.72383768313925],[4.286543570726977,50.72375004184872],[4.286647290758193,50.7236873820856],[4.287459583287881,50.721515363403],[4.287431820445019,50.721446657395],[4.289045644432553,50.72051479183329],[4.289672812420075,50.72058088872751],[4.289947668594892,50.720679732848396],[4.290230083147337,50.720639772521686],[4.290338221598974,50.720746392411],[4.292111359664751,50.720992590633635],[4.292739161126051,50.72087010150839],[4.293414105746534,50.72064115220441],[4.295016904930352,50.72064834121873],[4.294883134516984,50.72015107155751],[4.295075208396703,50.720058826685445],[4.298715939205863,50.71653386552146],[4.298975131731054,50.71610015713531],[4.2992682129385225,50.71615518381258],[4.299713677750478,50.715669557172625],[4.3000148082377505,50.715508318973356],[4.300249927331412,50.71525666415927],[4.300581413865066,50.71510529720516],[4.3007033271907265,50.71496143638478],[4.301249108689232,50.715047668620564],[4.302343274514626,50.71487160028881],[4.303583877145212,50.71493568182083],[4.303831453400712,50.71477791164906],[4.303814877586836,50.71459153793313],[4.3044215676324615,50.71427638998633],[4.30583463900997,50.71407709929059],[4.308606965552178,50.71343727238979],[4.30921092332552,50.71344055459278],[4.310132962625941,50.713687738480644],[4.311300212860065,50.71366282699268],[4.311414377545828,50.7138648838175],[4.31160366151113,50.71400593514622],[4.311281910782946,50.71416382086315],[4.311359090104398,50.714391210453506],[4.311461952527595,50.714454099039756],[4.311547167918078,50.71435750055156],[4.311745639018438,50.71439508351466],[4.311872372656843,50.71450832662101],[4.312115861097062,50.71455572974741],[4.312157967489989,50.71462964630644],[4.312074363742041,50.714803199355046],[4.312187762679092,50.71481943490503],[4.312330171699579,50.71473077354015],[4.312249248777352,50.714910082213535],[4.3122808199221145,50.71503325729573],[4.312807356583405,50.7153275645002],[4.312841876867692,50.715474474797034],[4.312711568336075,50.715747613219],[4.312934218213085,50.7162848078439],[4.312876868157155,50.716497961452376],[4.3126376848499595,50.71669715966492],[4.31329913621392,50.71745595548489],[4.313194850564859,50.71769434424076],[4.313218453137779,50.71883529656807],[4.313723888768901,50.7202666374937],[4.31453473103009,50.720044694146395],[4.314706629776844,50.71993626531654],[4.316255001563828,50.7197012509752],[4.316835764724123,50.71946515213954],[4.317162317403643,50.71943497320671],[4.317461736545276,50.71957475356326],[4.3174855884374015,50.71966244038332],[4.317376407331072,50.72003714813701],[4.317496273598215,50.72044742162885],[4.317391131806541,50.72129527522495],[4.317615191459525,50.72130886781257],[4.317900178262669,50.720872583081714],[4.318544164601346,50.72027193337849],[4.319415720387129,50.720191147176685],[4.319468490405882,50.72009973085383],[4.321575709414906,50.7197822482347],[4.321277918853688,50.72202381312076],[4.321665303777463,50.723352794322395],[4.321230830381385,50.726123841565936],[4.321199069111473,50.727813536557484],[4.3212511057104175,50.72800414843437],[4.321836991333073,50.72918226063235],[4.322996123489112,50.73069432833138],[4.32405110049213,50.7308770498762],[4.325162830267219,50.73120514708962],[4.325335315418877,50.731722205510636],[4.325564682300523,50.731931855768785],[4.325573115799541,50.73225365269141],[4.325712558051353,50.732660797278776],[4.325062640541155,50.7331111978073],[4.323832296597293,50.734640386761356],[4.323532495707111,50.73470185189669],[4.322801960251459,50.73504323742256],[4.323401514460899,50.73535167353603],[4.323269974783586,50.735495747624526],[4.3231215071599305,50.73553653020272],[4.323127066822518,50.73561483347516],[4.323307667922447,50.73572014664822],[4.323191781556052,50.73576266895436],[4.323295718817624,50.73605846321754],[4.323615208377941,50.73617298810101],[4.3238947956992035,50.736193690144866],[4.323956374758676,50.7361063067521],[4.324169696527191,50.736232305977694],[4.3245284465547815,50.73619122231441],[4.3250997695527404,50.73641512593909],[4.325895711872565,50.73660242047071],[4.326945715435881,50.73761264264324],[4.327379495638954,50.737627841930646],[4.327532767078365,50.737707349232785],[4.327609384195919,50.73784693003994],[4.327724450119609,50.73781063851257],[4.327864703376707,50.73788618634182],[4.327736874888741,50.73802174578476],[4.3282387281740275,50.73807007515308],[4.32826163923898,50.73798281863538],[4.328476894155802,50.73790588638864],[4.328575470710596,50.737963697139634],[4.328513883650583,50.73824236783488],[4.328681564189772,50.738321263393054],[4.329422123883516,50.73827531215098],[4.329561706547224,50.73839869899396],[4.32972058652599,50.73830948263146],[4.329905326823139,50.738476132351835],[4.329842615681562,50.73862875690016],[4.330010512304689,50.73874196571265],[4.330292598769542,50.73874574318875],[4.330236777309463,50.738823343147594],[4.330456014962344,50.73888599258322],[4.330417287472683,50.73893348176707],[4.33048868791222,50.73909329818212],[4.330783842291098,50.73907437923928],[4.330776457973494,50.739131488085825],[4.331033718986524,50.73923494245037],[4.331084511129738,50.73932208867058],[4.3314353088640525,50.739361645057485],[4.331320415544405,50.7394518037689],[4.331390996847814,50.739544231601386],[4.331315801930086,50.73961105582897],[4.331386919937506,50.73970426680296],[4.331581987623074,50.739739028184225],[4.331607248878808,50.73997407251089],[4.331809676985807,50.73996387797691],[4.331729443537211,50.74004380846361],[4.331862715212415,50.74019053582729],[4.3322534157402695,50.740194763625894],[4.332910244120148,50.739727513587795],[4.333555101269539,50.73976970673769],[4.334865819365534,50.74044578331815],[4.335417628873245,50.740867404992855],[4.336662349974135,50.74012561530181],[4.336600641293764,50.74007551562559],[4.337390173569796,50.73928227924758],[4.338179501417566,50.73939190744075],[4.34098327605647,50.73956364687505],[4.340627778797596,50.74008246178819],[4.3405438990101155,50.740366815789336],[4.3405396900622355,50.740734478657856],[4.340647316507334,50.7408852256284],[4.33950662903884,50.74150647833266],[4.341372755907059,50.74236436179625],[4.340928578353498,50.74285897388214],[4.34072118488989,50.742812170803745],[4.340147947280433,50.74369531503944],[4.339665873939871,50.7442086130342],[4.340786416639928,50.74481817826878],[4.341498334827799,50.74541764337983],[4.34174921654407,50.745273236204724],[4.34250322335614,50.74540099281619],[4.344122114074766,50.746086920515395],[4.344137026762425,50.74601707421869],[4.344988847438644,50.74608357160532],[4.34559561849802,50.745972045045306],[4.346345958461977,50.74697200032126],[4.34689016800392,50.74732349161825],[4.347556743598623,50.74822219830954],[4.347597099066599,50.74952643577055],[4.349412687333826,50.74968317122126],[4.3508075419098695,50.749632457627555],[4.351865862822615,50.749502285348996],[4.351974248701659,50.74900572351321],[4.35246318596624,50.74907516400568],[4.3526655241905825,50.74918559380528],[4.353292144835746,50.74978635264595],[4.353546113964725,50.75052603262084],[4.353454600586885,50.751075150988804],[4.353501259267284,50.75173695430643],[4.353850139190265,50.75395185149748],[4.35599229605296,50.75711608906766],[4.35512425658015,50.75700350878633],[4.352167387606911,50.75625746386296],[4.346988843096344,50.759300646962856],[4.345655800172605,50.759361961550916],[4.34482280458431,50.76021660784113],[4.341824979917782,50.760059503439415],[4.341283684557605,50.760674772894106],[4.339998102992126,50.76097711216678],[4.338251119455856,50.76204477931649],[4.338115861611087,50.76329828701268],[4.330922850918105,50.76657330981828],[4.331000563387374,50.766931731156056],[4.33130236579058,50.767044607197164],[4.329850092280853,50.768043591201966],[4.328418106591802,50.7678833887236],[4.328056009508769,50.76910095663638],[4.327537500032682,50.76901759379977],[4.327408233638353,50.76912175379361],[4.326432262159669,50.76864480917336],[4.324758763262415,50.76759850160406],[4.324343614560837,50.76792298953831],[4.324940805355532,50.768261927498955],[4.324277389801703,50.76874473479379],[4.322586190903577,50.76781227875301],[4.322135710891353,50.76842993574293],[4.322013363221891,50.76944391436993],[4.32271390796932,50.76965008149503],[4.323881440900133,50.77017754845591],[4.32492458080029,50.77052433953454],[4.323589667775056,50.771564923572164],[4.324365160655723,50.77186987221954],[4.325328482977068,50.772525445810565],[4.324219527178814,50.773334757380006],[4.323869160183863,50.772960761668145],[4.322050555261889,50.77498716647522],[4.3234830129747595,50.775478427886824],[4.3229190324610025,50.77637863056533],[4.3228399076618125,50.77668361667578],[4.3229390614484355,50.77690383705516],[4.3227274383625565,50.77739847378953],[4.3216748602186,50.77727880483938],[4.322284516316662,50.777938624393144],[4.322535734123577,50.77811773063016],[4.325485234752067,50.778935135530126],[4.325706211971168,50.77970180955358],[4.313703726669579,50.78003961249605],[4.3127741172495675,50.780442283935415],[4.3121235113261855,50.78062042832917],[4.310601447032859,50.78139127572026],[4.310340312734998,50.78146090676878],[4.309209288757456,50.78141540418543],[4.308785060371798,50.781629594399945],[4.307931051197836,50.78190243712437],[4.307802649182539,50.78211677269789],[4.307102936392285,50.78185865741717],[4.306930379285847,50.781611493828606],[4.3069675900428805,50.78149900020008],[4.307385034027703,50.78130102026667],[4.308843486269017,50.780919927807474],[4.308978613136909,50.780834093330796],[4.309038879315538,50.780655732058264],[4.3081419195880555,50.780218717772186],[4.308098670484657,50.78008469324646],[4.308150300773452,50.77972485169794],[4.307564828855111,50.77897208468404],[4.306574869077618,50.77870974821129],[4.306409334260958,50.77857059955558],[4.306414390768758,50.77842999854159],[4.306643381520103,50.77815509339255],[4.306685271935325,50.77796773340575],[4.306575691378398,50.77740118776358],[4.306349445011105,50.776935853514246],[4.306156408173328,50.77679046121719],[4.305982371411233,50.776759237230216],[4.30496882991963,50.77677414190299],[4.304642877634533,50.77666426510963],[4.304619245190873,50.77660680596419],[4.304751088343238,50.776422584566156],[4.305209033280204,50.77606661803462],[4.3053258029093735,50.77588098840915],[4.3053075309615565,50.775794870715316],[4.3049802325148,50.775701849106525],[4.303802098683213,50.775787124551535],[4.302759042247941,50.77547757375691],[4.302901654150961,50.775194337389145],[4.303962178500451,50.774492465510654],[4.303969038487193,50.77435160639807],[4.30344371222323,50.774237559596536],[4.3026400868465196,50.77419928584845],[4.3025261285271155,50.77394990240991],[4.302662234454332,50.77340427528752],[4.302554689847368,50.77332021576463],[4.3022246570689795,50.77329938184751],[4.30172174265292,50.773372223673235],[4.300634820544335,50.774639985671094],[4.29899167279022,50.773798397332286],[4.297819967883841,50.774226464751266],[4.296819537492656,50.77410852068074],[4.295345972843787,50.773681067624025],[4.294801560172349,50.773600736257485],[4.294622266178837,50.77438981004486],[4.294424982898785,50.77467924956505],[4.2931583256922625,50.77557763471606],[4.2923756420150685,50.775993882067425],[4.29218067558701,50.77604276839932],[4.291828892154591,50.77593945128048],[4.291597035828524,50.775971196212204],[4.287640716449775,50.77707019803956],[4.28446116850712,50.77785578425072],[4.28416416138093,50.777996559924304],[4.283827050971975,50.77829296391695],[4.283300551285749,50.778464590593885],[4.2825206625172285,50.77841037496796],[4.281781489607649,50.77876504942438],[4.28071621665585,50.77882635693227],[4.280198124319585,50.779090362067706],[4.276378447056797,50.78024040916593],[4.275179849932595,50.78073532914564],[4.2735293038355255,50.781128631225975],[4.267363102854217,50.77337735185821],[4.266684729340481,50.772949689648996],[4.256797504103237,50.76787322622622],[4.256698542252009,50.76782240578865]]]}},{"type":"Feature","properties":{"kind":"municipality-label","name":"Beersel","revealIndex":3},"geometry":{"type":"Point","coordinates":[4.306345419152484,50.74777702254384]}},{"type":"Feature","properties":{"kind":"municipality","name":"Pepingen","revealIndex":4,"sectorCount":15},"geometry":{"type":"Polygon","coordinates":[[[4.072070537190814,50.71173980592977],[4.072470778750331,50.71134515228856],[4.073908031387453,50.7108358342282],[4.074292313735461,50.71094570164826],[4.075330994547655,50.71096315197882],[4.075364328231929,50.71108709571166],[4.0756877373785345,50.71114450804859],[4.077733967811344,50.711197333603174],[4.077822782632391,50.711219177196604],[4.077763907020142,50.71161299810072],[4.078901311021213,50.71150848247016],[4.080688106675608,50.71180601147789],[4.082297978193838,50.711911179367476],[4.083673163221678,50.71177069081277],[4.084558345112856,50.7119787950842],[4.084853628638091,50.71214502748917],[4.0846505032627745,50.712329084007266],[4.08637666836578,50.71350638225826],[4.086919185056811,50.71321373365194],[4.085839369948293,50.712352754667855],[4.085627949422684,50.711908206745655],[4.0854538083109855,50.71194457623176],[4.090729766919512,50.70710931120099],[4.093164436958851,50.70816227773788],[4.096299708097044,50.706898372853615],[4.096014867807682,50.70659018990393],[4.097367914362047,50.70608677806763],[4.09778629167242,50.706288277613005],[4.099011427710437,50.7055032503637],[4.100467686658712,50.70594635818445],[4.09734264656867,50.70787695559207],[4.099058485428444,50.70834416497002],[4.102734460951233,50.70977840350535],[4.103735958881451,50.71142950490242],[4.104359204516566,50.71176690283769],[4.10568455999562,50.71270030889051],[4.1085381358184145,50.71506191627822],[4.109025216930178,50.715817558615996],[4.108767278959619,50.71610840191235],[4.108949721358467,50.716174882882804],[4.110840023714829,50.7164991853647],[4.111466375001051,50.7166991473876],[4.1115807433526435,50.71647366129868],[4.111353987501291,50.71598861078152],[4.111292937690821,50.715394606082256],[4.111379806604934,50.71527765849053],[4.111778875172072,50.71511356956986],[4.112024962314471,50.714411549552246],[4.1114726428668265,50.714142619950046],[4.111388885265054,50.713974416889684],[4.111299506672172,50.713954352490674],[4.112005803632805,50.712776969465764],[4.1130476964564044,50.71324414958125],[4.115727041917392,50.712861767262126],[4.116385829672751,50.71270083262232],[4.117189329480489,50.71272486524559],[4.1177560712651,50.713133512155395],[4.118157953719154,50.71331697816101],[4.119153823660368,50.71348816247963],[4.119826472510924,50.713681493585966],[4.120807160110493,50.713821888014756],[4.1209463569138345,50.71373355337861],[4.122463464324617,50.71398376964655],[4.122182640704775,50.71408574812418],[4.123503210256413,50.71464462093667],[4.124104620653694,50.715051884397006],[4.124401439743962,50.71516474432126],[4.125574876651755,50.715400939679284],[4.127961375355899,50.7161187777554],[4.12917335970045,50.71632362474647],[4.1316486838609725,50.71693956758057],[4.132544644507703,50.71695857979896],[4.13355810626331,50.71677645643733],[4.133894866436857,50.71663258813112],[4.13417056378292,50.716177311640486],[4.134534332241656,50.71617046669249],[4.1345620903221905,50.716615600536436],[4.134789645662956,50.717149138246526],[4.134802323328197,50.71757126473808],[4.134898289357427,50.71769664252446],[4.1348242058213405,50.71781160740751],[4.135057749708896,50.71811770186544],[4.134979747534104,50.71818415868879],[4.1351142536699275,50.71824556594591],[4.135198753477756,50.71841196858028],[4.13606744059933,50.718628846113546],[4.136248880797937,50.71878264021806],[4.136296934756041,50.71918327596005],[4.1364956249235885,50.71943352841702],[4.138787903063494,50.72131248712619],[4.138703225913692,50.72136755256998],[4.1413762476874645,50.72321239632073],[4.140987205036847,50.72335978981637],[4.139777281158208,50.724342055331384],[4.139569565629344,50.725027460604785],[4.1400026571777895,50.725816740816754],[4.140220143642453,50.726595943583945],[4.1408843615006825,50.72653592795345],[4.141280724386061,50.727207638309025],[4.141321284116427,50.727411119375496],[4.141240763409634,50.72757666223691],[4.14165703013991,50.72775505688459],[4.141928278385244,50.728198096031754],[4.142043507450848,50.72874440949137],[4.142389305293917,50.72896942797633],[4.143349973978637,50.72859619547398],[4.145907786331561,50.728089465460975],[4.147309793573078,50.72807416850738],[4.148611046160741,50.7282340923747],[4.148552865739593,50.72740321587245],[4.148016390490449,50.726445367196526],[4.149931226121831,50.72581723030068],[4.150718919152996,50.725649721133976],[4.152849223437251,50.72476380043574],[4.153066241820007,50.72580364678676],[4.153300307202621,50.72577918218741],[4.153548639549916,50.72611448205414],[4.1548378080657535,50.726879785207906],[4.155157374248533,50.72702106015126],[4.156219627048577,50.72702431249624],[4.156915039417453,50.72724473039425],[4.158031861429243,50.727393165638254],[4.157411351112598,50.72789445580326],[4.156375057849009,50.727610468935765],[4.156306606186106,50.727728639272144],[4.153348360961984,50.7275327258473],[4.152347190111659,50.7286936723927],[4.156352091783709,50.72907466351234],[4.1569864749397585,50.72832299135391],[4.158309846548536,50.727965335069136],[4.159898654100354,50.7276873515013],[4.160733916617043,50.727039625719094],[4.161216759820471,50.72710402588845],[4.1621119270298195,50.72670761334897],[4.162379250350955,50.726428161250595],[4.162539763170682,50.72521162431554],[4.162701342163675,50.724771023115096],[4.162927523837863,50.724524934872626],[4.163653142975755,50.724010360075695],[4.1646047628769445,50.72350215322567],[4.165149655288269,50.72337547112084],[4.1677806423262,50.723319234359856],[4.168364014387787,50.72275568383864],[4.168903457319337,50.72248682612483],[4.170109102901682,50.72208305280641],[4.171930134563929,50.72159583521381],[4.1734336520077076,50.72172743221785],[4.174883138386616,50.72214124452402],[4.175296594765656,50.72207250770127],[4.1758039058345435,50.72217395072098],[4.176792683098579,50.72264505655464],[4.176728171501022,50.72271939229924],[4.1773569763665055,50.72331250929208],[4.177711173878265,50.72341970299627],[4.180860368679058,50.72309988148434],[4.183091528088111,50.722750106658744],[4.187458047520055,50.72286638625065],[4.18802115577559,50.72435621340088],[4.18835104520192,50.72479433448811],[4.188456555076733,50.72505346576183],[4.188593158007294,50.72511149526332],[4.189061830479278,50.72504924599166],[4.189476806540894,50.7248744354177],[4.189986741494975,50.72452582705015],[4.19165893211249,50.725780200549835],[4.1916515925937174,50.72667897027638],[4.19337561491003,50.726269158034484],[4.1936516168881095,50.727128078654985],[4.19460786167878,50.725851820475185],[4.194972951289459,50.72617139554241],[4.196624201000089,50.727273791890404],[4.196052294934166,50.72766311073952],[4.1977843122699365,50.72924611642935],[4.196100517546228,50.73061944716129],[4.195232095227118,50.731559946079024],[4.194288882791378,50.732295438468974],[4.193736540207499,50.7322209937069],[4.193291209744175,50.732812028836044],[4.1915268365026535,50.73432697674623],[4.190714311434822,50.73560508576735],[4.190354105380765,50.73630987818592],[4.189966024014833,50.73678213857063],[4.189552675039897,50.73748639478169],[4.188501772906259,50.738637192294554],[4.188447368797804,50.738614604092774],[4.187875976629885,50.739329341978106],[4.187532776988541,50.740346715773434],[4.187227082202979,50.74092921868854],[4.185881331109089,50.74232277509409],[4.185357858004839,50.742316585748],[4.184367566083361,50.7434368471369],[4.184147663466597,50.74345772902517],[4.1833962649749274,50.74488755576552],[4.183540008562128,50.74494045844544],[4.182294901695903,50.746981052686586],[4.182810016760503,50.74728086576209],[4.18345838195949,50.747881949268645],[4.1838258218358915,50.74772143487557],[4.1839899085846275,50.74772123656615],[4.185032511003815,50.746874504086264],[4.186328697277392,50.74595226997801],[4.186992482009239,50.74626164895362],[4.188034729445686,50.74518429584959],[4.191137148031828,50.746284723231845],[4.191763576350387,50.746467670959234],[4.192069476479237,50.74648772768668],[4.1931127311993635,50.74614882788955],[4.195689444214533,50.743951880906934],[4.1964505592740675,50.743978291560616],[4.196784774770151,50.743910108553045],[4.198474237071431,50.74506116928815],[4.1998561311893825,50.744262994426556],[4.200471134835051,50.744052002540464],[4.200968835573105,50.74400027210115],[4.20116985457572,50.74420421322125],[4.20201602354944,50.74473596237584],[4.202467432917505,50.745265252513],[4.201200917033828,50.745737033535946],[4.200400707284082,50.74611948309686],[4.198617524544249,50.747423029947434],[4.19851675026224,50.74762667869264],[4.198207462911609,50.747699225925665],[4.196905870434918,50.74859135240991],[4.195405928056522,50.75004262249742],[4.196014092200656,50.750590352471725],[4.1966274823380285,50.75095336697671],[4.196684935551474,50.75105485297949],[4.19713065857706,50.751272070290426],[4.198121595618356,50.75225779870546],[4.198160278831961,50.75313088830273],[4.196081356327926,50.75525101494954],[4.19646870544809,50.755462787109316],[4.196410955853045,50.75553213699719],[4.1953601492292965,50.75629221293128],[4.19491097170886,50.75619514590196],[4.19416231506747,50.756837457254676],[4.192873958222979,50.75778327015854],[4.191991360788942,50.7580665718612],[4.1897416105442415,50.75910948500937],[4.1894924773296385,50.75939902314925],[4.188560351955297,50.759873155506064],[4.188413603580164,50.76010980870885],[4.188287701026797,50.76045670726675],[4.188301533203325,50.760955756459815],[4.188199092825661,50.761132690868735],[4.1880150274767605,50.761231383480514],[4.188068101754984,50.761509248050245],[4.187897473983891,50.761762316960336],[4.187680356464155,50.76179362788164],[4.1877327527730115,50.761954082857436],[4.187563650935377,50.76210333018148],[4.18769456548442,50.76233932565968],[4.1875405060197375,50.76240939296067],[4.187648386264489,50.76273893949545],[4.187491852556861,50.762826353431144],[4.187500563536697,50.76288246261053],[4.187341517522862,50.76292401564817],[4.187451772169022,50.76300356645417],[4.187350128440768,50.763042065365056],[4.187465275802002,50.763105440785594],[4.187391693248382,50.76318380664105],[4.187409955407763,50.7632988139755],[4.1870946502326865,50.76324330894617],[4.186999195137357,50.7634071354594],[4.187112377091095,50.76346115893041],[4.187034631629315,50.7635190207782],[4.1870712886225165,50.763568888101474],[4.186927869818624,50.76363491492556],[4.187013763562099,50.76370948588269],[4.187002609635292,50.76388314443841],[4.18708683784496,50.763948183692385],[4.187105599576367,50.76415830482657],[4.187287113555699,50.76428416719246],[4.187457968449817,50.764305290501],[4.187492661926387,50.76420627284459],[4.187644847587304,50.76428993843681],[4.187788797843189,50.764568034045695],[4.188267255129661,50.76455177437407],[4.188424269688582,50.76474646107799],[4.188332642624632,50.76483666770959],[4.188610648617892,50.76497482210519],[4.188449678333309,50.765033274660524],[4.188460476874448,50.765100084645034],[4.188998101829113,50.76521849639113],[4.188800151594452,50.76546379543633],[4.188741018275069,50.76565356586759],[4.1889463715886,50.76570116812985],[4.188954911143149,50.76580492375202],[4.188608116658853,50.76586344864955],[4.188629709828844,50.76599877751332],[4.188788334778979,50.76607220347823],[4.188688175749098,50.76620375012259],[4.188926205027266,50.766419591060604],[4.188827865625148,50.76663618485937],[4.188694268744662,50.76665378297142],[4.188705980205578,50.76681669608297],[4.188806099794814,50.766840934507236],[4.18877966544815,50.7668985206388],[4.188931763143497,50.767123227097834],[4.189343629411058,50.76751257029653],[4.189611495214081,50.76756314686282],[4.189592813659509,50.76766847302482],[4.189776466039589,50.76768628522712],[4.1897682411471076,50.76779702851383],[4.190074905981401,50.76800955828935],[4.190030987445885,50.76808114440616],[4.190284935441509,50.76813915274639],[4.190499265961045,50.76840197278718],[4.190680904918115,50.768464370941196],[4.190639107777655,50.76864796507486],[4.190488034569653,50.7687112981203],[4.1902915630623205,50.768937632247784],[4.189968615168326,50.768977685576324],[4.1895541405892605,50.76915657055099],[4.1895235591638675,50.76922404047932],[4.189760973325691,50.76930531043036],[4.189698912570314,50.76959917961824],[4.189441781042664,50.769519403832575],[4.188974250248327,50.76952039889934],[4.1889794441932535,50.76927264866131],[4.188803311502382,50.76929062734358],[4.188560602283149,50.76918291953611],[4.1879138276386465,50.76919954563203],[4.187543468464238,50.76903653066156],[4.187285678563393,50.769054653406485],[4.186978624465912,50.76887105574754],[4.186805351857413,50.76899277965778],[4.186547231415663,50.768986985639465],[4.186509222512205,50.76891743577361],[4.186665005038196,50.76884683845682],[4.186310346492319,50.76869481294478],[4.186208664689215,50.768705351610826],[4.1861972360954836,50.76883766180845],[4.185814584434161,50.76892238012901],[4.185662125639932,50.768829637569304],[4.185913346213835,50.7686411547544],[4.1856274682051335,50.76870157061104],[4.185458979919555,50.76861239993242],[4.185406336699871,50.76844250275833],[4.185177190996645,50.7683867672541],[4.185007186490734,50.76854166303004],[4.184112056660111,50.76877722957572],[4.183492129930167,50.768600415477536],[4.183345512303211,50.768682440289545],[4.183313406330016,50.768844923972715],[4.183119509708302,50.76883733729865],[4.182924533204577,50.7689239599381],[4.181774915850518,50.76876796118514],[4.18139531306594,50.768796754961606],[4.181140958269895,50.76869943951192],[4.180742175195992,50.768704014950785],[4.180565740325396,50.76847629322948],[4.180151460851077,50.76849234905016],[4.1801941884532,50.76826452841213],[4.179496661011974,50.768037136264624],[4.1792659527207165,50.76777129696906],[4.1787685241836625,50.76759726200673],[4.1786559067661635,50.76740182363954],[4.178382385221333,50.76742088870073],[4.178185745064124,50.76711060301559],[4.177625063777076,50.76694652851626],[4.177430878355586,50.766697645672174],[4.177062058713167,50.76676195185381],[4.1769940456670325,50.76661530684815],[4.176747136288117,50.76657481070647],[4.176750753262916,50.76638216666448],[4.17643535871762,50.76620734084886],[4.176152265299212,50.76621101228974],[4.175989461346398,50.76605621210407],[4.175684943536942,50.766203413357005],[4.175433326922154,50.76603291268977],[4.174843586790354,50.765943301957776],[4.174510632779289,50.766042268231494],[4.174305154178006,50.765890182499085],[4.173894228417628,50.76581567613683],[4.173610174282894,50.76657144043821],[4.1740987414220365,50.76668678088156],[4.174700085150855,50.766714474780066],[4.1742243556778345,50.76812849140719],[4.173942986662178,50.768570366226534],[4.175360192496942,50.769251566340344],[4.177475949188018,50.76974532753742],[4.178966657986218,50.77027187528787],[4.178747285354067,50.77055241987929],[4.178927901629657,50.77062085423142],[4.177602272239325,50.77237152096119],[4.178311247517868,50.77262105752351],[4.178222133597326,50.773238956937035],[4.178522800046357,50.77314127707504],[4.178686676183999,50.7738144216384],[4.179238044254391,50.77363515821379],[4.179975039340205,50.7740113047119],[4.179040510593828,50.77431661907171],[4.179199583029602,50.774564183463035],[4.180275970848054,50.77434557721515],[4.180360718261676,50.774780635102246],[4.180651659608879,50.7749544227924],[4.182071653343995,50.77421368628172],[4.181878386421339,50.77396948833164],[4.182306457763055,50.773704253058355],[4.182380557131603,50.77375273451792],[4.183025545631845,50.773336954708526],[4.183711229508647,50.77398543946853],[4.1842341096358675,50.77424739405317],[4.184120876304567,50.774326521873334],[4.185646741160861,50.775179951373254],[4.18651658976319,50.77542672134155],[4.1873772813194226,50.77580867765415],[4.189208724317963,50.77636649919167],[4.188356982715543,50.77733115347303],[4.189284796216235,50.77778538489348],[4.1885903583968656,50.778930600812856],[4.188477215666738,50.779263586028506],[4.188013801674141,50.77916371817603],[4.187278577113836,50.7788796790447],[4.186158775302231,50.77824327082252],[4.1861747322346226,50.778149901443875],[4.182891196426385,50.77712760743488],[4.182786133473423,50.777653562365096],[4.182952206276329,50.77850802711108],[4.183045759193219,50.77954307046957],[4.184849368011081,50.779919609266244],[4.18433772363614,50.78051536252495],[4.186488299579551,50.780997236644644],[4.186364029387798,50.78254952998639],[4.185916016835742,50.782316402541284],[4.184960978710105,50.78381474758056],[4.187797464341821,50.784227729987855],[4.189161754023491,50.784083289944384],[4.190389638922259,50.78412210586873],[4.192021368576438,50.784468335284835],[4.191311235967362,50.78555546649338],[4.190582944495792,50.78535677146634],[4.1899805765253735,50.78632892044839],[4.190439080599304,50.7864429922437],[4.189650473577845,50.78736023377185],[4.190477592948719,50.787721080252936],[4.190082933523122,50.788092832335536],[4.18772552837445,50.78705136806911],[4.186232009164048,50.786668076525174],[4.185949372876615,50.78696240942134],[4.187335942242195,50.78750088156052],[4.187134107430382,50.78773025718175],[4.187454262106839,50.78782118644719],[4.187179685808605,50.78808532758211],[4.186675616903987,50.78839271524849],[4.185406479812205,50.787773781574096],[4.185154202371697,50.78795336200539],[4.184691015063611,50.78762927817629],[4.184342745844275,50.78751249608854],[4.183328791853905,50.78848133800125],[4.1830057729977455,50.788398752731005],[4.182671131072395,50.78980794038042],[4.181597907969168,50.78983831249595],[4.181943031630567,50.788961890717516],[4.181032250638636,50.78882325692403],[4.181568648107161,50.78777591518824],[4.180447530801901,50.78750605239209],[4.180198258427583,50.787567681212884],[4.179969083582028,50.78802965395065],[4.179092369137084,50.78792414211683],[4.178407405948205,50.788942284651654],[4.177760359815655,50.788747867823886],[4.1779637331325965,50.78850026152401],[4.175954990868463,50.78784801835327],[4.175110202067066,50.78864050860397],[4.174007452429222,50.788288809013],[4.173492197384529,50.788914356023156],[4.173391275012413,50.788901423325996],[4.172886687781637,50.7887630399047],[4.172162685325942,50.78842633806896],[4.170317777412124,50.78791918614271],[4.169467536236458,50.7878975193419],[4.16784330639693,50.78736535332855],[4.167743106869842,50.787283644387855],[4.167738772419879,50.787102855067836],[4.167674014412113,50.78705743541505],[4.166431598960401,50.786490842079374],[4.166058215461062,50.786125305591696],[4.1655910202804565,50.78624055697402],[4.164755845779277,50.78605428188021],[4.163780902807313,50.78595441820719],[4.163070372258422,50.78609800074528],[4.162751808592924,50.78627391160341],[4.161764777216121,50.78620987014114],[4.162076232920722,50.78513483700148],[4.1623102666008975,50.78480868105925],[4.160004740347649,50.784312424670894],[4.160025255206506,50.78403168215454],[4.157871797937894,50.78293708880536],[4.1568236447644455,50.78382169697967],[4.156646959050934,50.78374800355028],[4.156067891047175,50.78335725182376],[4.155660183423596,50.782834544790845],[4.157427294728958,50.78153254742758],[4.156146372676576,50.780885316182705],[4.155994701648231,50.7806543655452],[4.1557935594640405,50.779665493155086],[4.153603832688451,50.78029599794996],[4.152829450766113,50.780709273209716],[4.152702420614466,50.78079866568348],[4.1523203986298425,50.78176336760146],[4.1516263625425305,50.78221130284628],[4.150804570881507,50.782347953301205],[4.1492855868504055,50.782261701211844],[4.147942975393639,50.78172681353646],[4.147291470231744,50.780904907464986],[4.147150546243467,50.78104579550732],[4.146722963169227,50.78090941777274],[4.146169815351993,50.780518847930544],[4.146125659934669,50.780320630133225],[4.145865148386102,50.7801361206407],[4.146004586988409,50.780016009488605],[4.145977303065782,50.77984820958329],[4.146153623849077,50.77962218215179],[4.146054024764273,50.77945487545453],[4.146166033278798,50.77936626830359],[4.146082510626866,50.77930740855183],[4.1460597720558745,50.779138177642515],[4.146139512764207,50.77906641167123],[4.145792593942535,50.7787574069914],[4.145805237378878,50.77866231990578],[4.145571596969143,50.7783265587355],[4.145608848577057,50.778184501766404],[4.145521842183769,50.77811313853551],[4.145579195696892,50.77800842765925],[4.145537092859254,50.777737038178365],[4.145424323992858,50.777687380444476],[4.145488227637369,50.77727631138412],[4.1453978708654935,50.77719505315908],[4.145507698103951,50.77711660287046],[4.145403434525434,50.77706767891073],[4.145387265527996,50.77691904907573],[4.145663813934375,50.77681394525577],[4.145656180083461,50.776599256059136],[4.145873776576175,50.776457271481554],[4.145846953688492,50.77625243519006],[4.1460410391646905,50.7761354862724],[4.14595522836259,50.776051900280024],[4.14596434333667,50.77595303007613],[4.146148661622339,50.77595257088185],[4.1461977065385325,50.77586456374853],[4.146505634148198,50.77577866595528],[4.146728304717126,50.775852712776484],[4.1468618755796625,50.77574551717147],[4.1469459032858005,50.775769159839214],[4.147917927059185,50.77519753715053],[4.148180556757344,50.77524648549475],[4.148939194222847,50.77570728157172],[4.149965424379752,50.7752728353667],[4.150259578636452,50.77500486161299],[4.150491035667988,50.77458969697153],[4.1510255538668295,50.77409310658909],[4.1523716062120215,50.77355791847594],[4.151707666852085,50.773098488996894],[4.151799537285536,50.77302960473775],[4.1509266400013765,50.772853420428525],[4.1491088592103775,50.77230282996341],[4.148928219965966,50.77230806589094],[4.148478682121544,50.77254814836077],[4.148089045811228,50.77261996449438],[4.144892295285086,50.771805110127985],[4.143669628758427,50.77163925055508],[4.1426022557093285,50.771166048900334],[4.141179097969168,50.77024724481043],[4.135753315964392,50.76822110555096],[4.135699444142755,50.76855006850398],[4.13574130365487,50.76927065568399],[4.135502521136527,50.76938476943647],[4.133062316923757,50.76861378832288],[4.132308890895612,50.768449403774724],[4.132535905103706,50.768190344439034],[4.133608142307767,50.76825556883957],[4.133704644981832,50.76766849875152],[4.134436665961135,50.76665376147035],[4.133318611127574,50.76600375122904],[4.1340329785073955,50.76545256006222],[4.137573329465504,50.76440522806904],[4.139632481892449,50.76263513861398],[4.139735214917921,50.76193561545393],[4.139942451266212,50.76136048412634],[4.141473713970568,50.7615275926333],[4.141920537007399,50.76076634357995],[4.144026396801571,50.75998459805972],[4.143462877535763,50.75981701886976],[4.143872130942248,50.75916877685506],[4.14296345119058,50.75890857220846],[4.143023776208619,50.75884366647742],[4.141091174529564,50.75826215200254],[4.14099306590086,50.758175265804546],[4.1390540428848555,50.7579280878399],[4.138624892811558,50.75779085468276],[4.139692370261336,50.75718137549877],[4.142458753596384,50.75491932602433],[4.14337138183385,50.75403454763365],[4.14283133533263,50.753857878216884],[4.141351539075796,50.75355248475727],[4.1400624370965575,50.75355110757504],[4.139242386486562,50.75342356044753],[4.139041499771566,50.75331384285373],[4.138420720017036,50.752692987222254],[4.13778385634377,50.752191334594905],[4.137208547779086,50.75183123428181],[4.136195513714284,50.751460850413984],[4.135550021714815,50.75221811296966],[4.13510632355541,50.75213597444114],[4.134758004443509,50.75275008137509],[4.1348693188362295,50.75280072963099],[4.1345836384923516,50.753074737947365],[4.133105829203206,50.75303847181791],[4.13154372389135,50.752640788486964],[4.131505871643188,50.75269377653892],[4.131203640616908,50.7526324878073],[4.131162095125108,50.752727888056995],[4.129779505139213,50.75246619386761],[4.129106232545914,50.75225276113165],[4.128681187065616,50.75265650397079],[4.128285586501245,50.75291109160987],[4.127576065704341,50.752993052477265],[4.126941475008064,50.752655633806235],[4.126072045028686,50.75178191202987],[4.126323315063868,50.75137605470705],[4.1231750519870145,50.74994074997381],[4.121959985993954,50.749717206463146],[4.123447647473836,50.748597259629214],[4.121740945310591,50.74712908427559],[4.12050215035651,50.74644121886523],[4.120922055452833,50.74606124674317],[4.119540989922453,50.74537981542826],[4.119031549369414,50.74587791821095],[4.1192430607432335,50.7459565972356],[4.11840166853004,50.746535226056906],[4.118640982985288,50.746688921774506],[4.117741761175149,50.74733116055744],[4.117122856544476,50.746484207789926],[4.116296728793933,50.74585243912124],[4.116456659590965,50.745486534441895],[4.116025372494246,50.74509359429741],[4.115414993432315,50.744635505711194],[4.112955708882485,50.7432727944005],[4.1125252330176965,50.742963815400714],[4.1131425574567215,50.7424664852333],[4.112868070284893,50.74234018515297],[4.112813932420092,50.74242150149813],[4.110139099396519,50.740866459528604],[4.110061232230008,50.74092548315252],[4.107047818127477,50.73844170997402],[4.105369146968366,50.7373100177805],[4.105487018847909,50.73721471177246],[4.105154717153187,50.736977206789106],[4.099302901702533,50.73373253447849],[4.099021174469278,50.733453089096216],[4.0993382424653975,50.733257995474005],[4.098898916374516,50.73253957577231],[4.100284302543449,50.73159493315888],[4.0992081723606075,50.731053650891305],[4.099098738481072,50.73075525905741],[4.098800892381563,50.730466372714574],[4.0988179575416765,50.73036951923299],[4.097286824372365,50.729506959491616],[4.096725269909356,50.7292973344209],[4.094700852040169,50.72796195675894],[4.093467209387126,50.726571921721074],[4.092220264443614,50.72721787872215],[4.092031031360515,50.72713137806428],[4.091535012638316,50.7274841737205],[4.081941351734595,50.724445293585745],[4.078167840813242,50.71972422443641],[4.075261961517591,50.7158844714741],[4.072322575063472,50.71220593827816],[4.072428024628224,50.71218637495556],[4.072070537190814,50.71173980592977]]]}},{"type":"Feature","properties":{"kind":"municipality-label","name":"Pepingen","revealIndex":4},"geometry":{"type":"Point","coordinates":[4.13726898505416,50.747670781429825]}},{"type":"Feature","properties":{"kind":"municipality","name":"Sint-Genesius-Rode","revealIndex":5,"sectorCount":22},"geometry":{"type":"Polygon","coordinates":[[[4.321199069111473,50.727813536557484],[4.321230830381385,50.726123841565936],[4.321665303777463,50.723352794322395],[4.321277918853688,50.72202381312076],[4.321575709414906,50.7197822482347],[4.321870972301418,50.71978750666736],[4.321919476896215,50.71989899395989],[4.322362641679486,50.71979612299244],[4.3229887302454495,50.71990521120344],[4.326468685388311,50.7154049355789],[4.327125981142054,50.71515298733365],[4.327697846788263,50.71586911378931],[4.327875011691809,50.716463152940385],[4.327989132948403,50.71744677677323],[4.328224125286893,50.71816831613177],[4.3284236814729615,50.7184084598476],[4.331837618778634,50.716597548603524],[4.333419602033761,50.71642341273238],[4.333997078013515,50.71653977431552],[4.33461657679807,50.71651631139848],[4.333717248504996,50.71529190641716],[4.333857670238584,50.71526606494596],[4.334067965835992,50.71555191780229],[4.33442648383651,50.71565788713855],[4.334736574074968,50.71525260286172],[4.335033183784405,50.71541196809986],[4.334827056989641,50.715745220920134],[4.3347801570823945,50.71622434966955],[4.335335621551994,50.716626662047645],[4.334841975564356,50.71695374980954],[4.334907630512689,50.71705181795277],[4.332691089407725,50.71879596432601],[4.331247381890117,50.72030954361253],[4.330933025830395,50.72054156240819],[4.330825243985489,50.72073519444786],[4.3312866702439,50.72274899898871],[4.3318528810221295,50.724435059145726],[4.331721456430929,50.72481826825292],[4.332319862232051,50.72424370299976],[4.332804007638712,50.72434261917883],[4.332549316869067,50.72445903774292],[4.332449243172381,50.72460724794449],[4.332595467909849,50.724718544427525],[4.332477334772144,50.7249443555736],[4.332635119159439,50.72535651585322],[4.3325590521084925,50.72552103739093],[4.332850925812202,50.72583576056714],[4.332904835553252,50.726067412792574],[4.333545425454711,50.72707162504566],[4.333949011738701,50.727240698974974],[4.333854014740803,50.72744045655389],[4.334054532827362,50.72770403408504],[4.333728361568673,50.72787802608936],[4.333373890057152,50.72739625709881],[4.332468269357729,50.726718424564524],[4.332159439749649,50.72624023565322],[4.331538478455709,50.72578014275472],[4.329221080481796,50.72480901907024],[4.328424907777347,50.724209771346025],[4.327837746179956,50.72397695926375],[4.3268587314935365,50.72394520013278],[4.325338059063454,50.72324781001788],[4.324425426001016,50.72350316106882],[4.324229237127662,50.72339558727847],[4.323771446632841,50.7236042482271],[4.323867243916103,50.723704054004024],[4.324182542527694,50.7237786614099],[4.325064686749607,50.72442790104828],[4.325266470554697,50.7248675563137],[4.325242175838721,50.7249833999031],[4.324831645847115,50.72525596334185],[4.3251229552551465,50.726147974688864],[4.323826318470756,50.728906656888505],[4.325900383441573,50.729402102862686],[4.326694792117706,50.7290072589241],[4.327366612177851,50.728549168535025],[4.328558021193494,50.72878920056113],[4.329076624059481,50.72929082385895],[4.3297204721179385,50.73023416522536],[4.3324834750363665,50.73243168177912],[4.332634860069886,50.73321654288369],[4.333585523638659,50.733605734130045],[4.333829647004743,50.73395771118482],[4.334362932677917,50.7343912900977],[4.334664522195757,50.734261753425386],[4.334614983592749,50.73418615277967],[4.335023811184198,50.733703213448024],[4.338069234547792,50.73410777765669],[4.3381342513894285,50.73386729116097],[4.338442010415237,50.733480623568845],[4.340073859028079,50.731874457733596],[4.351500921926693,50.715101065392],[4.353849683622442,50.71549533683952],[4.364127301239832,50.71684627969622],[4.365733636590735,50.71680399189894],[4.372729641561936,50.716218040614876],[4.371859066909307,50.729499981543476],[4.375881405049961,50.72996763262653],[4.378232704739483,50.730385281716515],[4.381188067005831,50.73107043198158],[4.383184897559824,50.73138302351039],[4.384739389574868,50.73126696381263],[4.38800650212264,50.73147216390133],[4.389243376500485,50.73178156065177],[4.390527445252904,50.73220889384098],[4.391297802360797,50.73211595929356],[4.391817200768044,50.732452336471546],[4.392725394368472,50.73338687700052],[4.3934119238706755,50.73436994853684],[4.395733330221168,50.735117580827556],[4.396307271652741,50.73386892521765],[4.414254768965376,50.73513270631219],[4.411036824081843,50.74375888480326],[4.405068770861316,50.75878906028081],[4.423981006099223,50.76493000208683],[4.422989154622561,50.76581044211197],[4.41680256295201,50.7733687099016],[4.4109716496301985,50.77191258774227],[4.398008596348645,50.76800968519579],[4.382929199979794,50.763680063875256],[4.382670001638304,50.7646833010842],[4.382652634093159,50.76873480049811],[4.381789426361093,50.768582310300026],[4.381111251435809,50.76858488699841],[4.381045484565944,50.76933265041125],[4.363099049241415,50.7733048462639],[4.363159326828862,50.773066698302564],[4.36421467603343,50.772902173248994],[4.364273517316575,50.772429493548074],[4.363729537014805,50.771366917651655],[4.36375744070117,50.77131896696573],[4.363136840343565,50.770564659057634],[4.363107645947165,50.77031542863676],[4.363248070036762,50.76961573946559],[4.363019486802573,50.76955735497052],[4.363439842491035,50.769153145252744],[4.364014485605456,50.7687433864679],[4.363932178086114,50.768652569754224],[4.364542078328647,50.76847715586213],[4.365782465439926,50.76829949633562],[4.367492147981676,50.767481596442586],[4.367367733303906,50.767219375265476],[4.366579352723246,50.76647719841638],[4.366694332645559,50.76628177137659],[4.366248323236986,50.76598130224753],[4.366264492734069,50.76502450121788],[4.366145336096908,50.76438699449645],[4.3659438535990835,50.76419802757144],[4.365081945559889,50.76378444509502],[4.364092283889817,50.76374041989153],[4.3645745012360635,50.76344363980403],[4.365334702896289,50.76377353833981],[4.365662635229989,50.76360401660068],[4.366469223346876,50.76400843497719],[4.3672759290287555,50.76323823835423],[4.366893105481658,50.76301066164587],[4.366484012355187,50.76258050860484],[4.366460245839755,50.76245535339465],[4.366355926862934,50.76242190072264],[4.3657386138026855,50.762638973522726],[4.365156972686334,50.76239409038306],[4.364972821410482,50.762421763849105],[4.3642707632419855,50.7628739347826],[4.363736603821878,50.7625489660345],[4.3639664517173715,50.762348908147565],[4.363951604759742,50.762281654367605],[4.363320650838029,50.762022269835825],[4.363127281801946,50.76210819453617],[4.362407757435478,50.76215403550465],[4.361887721460392,50.76246863078072],[4.361320277474114,50.76218318611014],[4.361400826715144,50.7620917657063],[4.360980393327947,50.76177954584027],[4.360557730303643,50.76206384624256],[4.360098108353466,50.76177867930989],[4.360169377498208,50.76171963653016],[4.358637245425155,50.76076102556108],[4.3582710783564105,50.76016533366076],[4.358155372674136,50.75903465784092],[4.356451986613463,50.75793123350134],[4.35599229605296,50.75711608906766],[4.353939701563544,50.75414179664031],[4.353812695418643,50.753777706478004],[4.353501259267284,50.75173695430643],[4.353454600586885,50.751075150988804],[4.353546113964725,50.75052603262084],[4.353292144835746,50.74978635264595],[4.3526655241905825,50.74918559380528],[4.35246318596624,50.74907516400568],[4.351974248701659,50.74900572351321],[4.351865862822615,50.749502285348996],[4.3508075419098695,50.749632457627555],[4.349412687333826,50.74968317122126],[4.347597099066599,50.74952643577055],[4.347556743598623,50.74822219830954],[4.34689016800392,50.74732349161825],[4.346345958461977,50.74697200032126],[4.34559561849802,50.745972045045306],[4.344988847438644,50.74608357160532],[4.344137026762425,50.74601707421869],[4.344122114074766,50.746086920515395],[4.34250322335614,50.74540099281619],[4.34174921654407,50.745273236204724],[4.341498334827799,50.74541764337983],[4.340786416639928,50.74481817826878],[4.339665873939871,50.7442086130342],[4.340147947280433,50.74369531503944],[4.34072118488989,50.742812170803745],[4.340928578353498,50.74285897388214],[4.341372755907059,50.74236436179625],[4.33950662903884,50.74150647833266],[4.340647316507334,50.7408852256284],[4.3405396900622355,50.740734478657856],[4.3405438990101155,50.740366815789336],[4.340627778797596,50.74008246178819],[4.34098327605647,50.73956364687505],[4.338179501417566,50.73939190744075],[4.337390173569796,50.73928227924758],[4.336600641293764,50.74007551562559],[4.336662349974135,50.74012561530181],[4.335417628873245,50.740867404992855],[4.334865819365534,50.74044578331815],[4.333555101269539,50.73976970673769],[4.332910244120148,50.739727513587795],[4.3322534157402695,50.740194763625894],[4.331862715212415,50.74019053582729],[4.331729443537211,50.74004380846361],[4.331809676985807,50.73996387797691],[4.331607248878808,50.73997407251089],[4.331581987623074,50.739739028184225],[4.331386919937506,50.73970426680296],[4.331315801930086,50.73961105582897],[4.331390996847814,50.739544231601386],[4.331320415544405,50.7394518037689],[4.3314353088640525,50.739361645057485],[4.331084511129738,50.73932208867058],[4.331033718986524,50.73923494245037],[4.330776457973494,50.739131488085825],[4.330783842291098,50.73907437923928],[4.33048868791222,50.73909329818212],[4.330417287472683,50.73893348176707],[4.330456014962344,50.73888599258322],[4.330236777309463,50.738823343147594],[4.330292598769542,50.73874574318875],[4.330010512304689,50.73874196571265],[4.329842615681562,50.73862875690016],[4.329905326823139,50.738476132351835],[4.32972058652599,50.73830948263146],[4.329561706547224,50.73839869899396],[4.329422123883516,50.73827531215098],[4.328681564189772,50.738321263393054],[4.328513883650583,50.73824236783488],[4.328575470710596,50.737963697139634],[4.328476894155802,50.73790588638864],[4.32826163923898,50.73798281863538],[4.3282387281740275,50.73807007515308],[4.327736874888741,50.73802174578476],[4.327864703376707,50.73788618634182],[4.327724450119609,50.73781063851257],[4.327609384195919,50.73784693003994],[4.327532767078365,50.737707349232785],[4.327379495638954,50.737627841930646],[4.326945715435881,50.73761264264324],[4.325895711872565,50.73660242047071],[4.3250997695527404,50.73641512593909],[4.3245284465547815,50.73619122231441],[4.324169696527191,50.736232305977694],[4.323956374758676,50.7361063067521],[4.3238947956992035,50.736193690144866],[4.323399692515512,50.73613843998181],[4.32321193934841,50.7358800654581],[4.323191781556052,50.73576266895436],[4.323296988558335,50.73568990242879],[4.323127066822518,50.73561483347516],[4.3231215071599305,50.73553653020272],[4.323269974783586,50.735495747624526],[4.323401514460899,50.73535167353603],[4.322801960251459,50.73504323742256],[4.323532495707111,50.73470185189669],[4.323832296597293,50.734640386761356],[4.325062640541155,50.7331111978073],[4.325712558051353,50.732660797278776],[4.325573115799541,50.73225365269141],[4.325570184043285,50.73195154423167],[4.325335315418877,50.731722205510636],[4.32518905893441,50.731244402631084],[4.325073442162289,50.73113959218359],[4.322996123489112,50.73069432833138],[4.321836991333073,50.72918226063235],[4.3212345815586755,50.72794362061899],[4.321199069111473,50.727813536557484]]]}},{"type":"Feature","properties":{"kind":"municipality-label","name":"Sint-Genesius-Rode","revealIndex":5},"geometry":{"type":"Point","coordinates":[4.372590037605348,50.7442348876468]}},{"type":"Feature","properties":{"kind":"municipality","name":"Halle","revealIndex":6,"sectorCount":41},"geometry":{"type":"Polygon","coordinates":[[[4.172090109402363,50.72162002956558],[4.173246935972985,50.71914286750299],[4.17385704422007,50.71859947810592],[4.174680345304805,50.71736085732345],[4.175146298877453,50.7169065042298],[4.176403691040486,50.71630072859123],[4.177214958659901,50.71520978485572],[4.178007455177262,50.71381836581324],[4.1784801349423795,50.71325994496992],[4.17865015330704,50.71269085347844],[4.1797642508505515,50.71049190356211],[4.180276501865374,50.70920514766509],[4.180474854892059,50.70902931855455],[4.182047893778857,50.70666320024536],[4.183378821751502,50.70770940050832],[4.187534064430094,50.70822264655772],[4.190836869040359,50.70804277884358],[4.195065970298891,50.70825371738107],[4.196946306123008,50.70812442275571],[4.198750065481025,50.708178919519376],[4.202824507446574,50.70846172494481],[4.204830599056473,50.708966803293315],[4.2061491636911645,50.708544048764715],[4.208970070592292,50.70809060657604],[4.21176824125684,50.70717445073998],[4.217286117392667,50.70410357286866],[4.2190117521081145,50.70299850182326],[4.220686298292033,50.70203934380234],[4.223318264393045,50.70107368553313],[4.2240662895396355,50.70050728864728],[4.227439657468858,50.69944723545106],[4.231350919233211,50.69884184239528],[4.2332907148041885,50.69764752917876],[4.237658847089324,50.69414318778832],[4.237865759338726,50.69419753391738],[4.238353172909941,50.69359198168262],[4.2387453142505525,50.693300700457556],[4.239569813564741,50.69249180379874],[4.2398487768859745,50.6911340986582],[4.240044807639226,50.690919642911176],[4.240576888122421,50.69067749411776],[4.242426884553095,50.69019997513489],[4.244642056163605,50.68990854656532],[4.246335065843736,50.68952421195127],[4.246587961842425,50.689531344904076],[4.247641471150962,50.68993011931134],[4.2481563630753625,50.69047113498321],[4.2491558705691705,50.691308489107875],[4.2518349713807595,50.69290816093114],[4.254862866537855,50.69491910706594],[4.255934204453883,50.695516995880766],[4.256578857755945,50.69616252069252],[4.257040637018417,50.69677637691885],[4.258009828282829,50.69748030932544],[4.2587003477973635,50.698101629427946],[4.25945654507593,50.698584808173386],[4.260744223882541,50.69956114822458],[4.261583587770465,50.700432897163004],[4.263096036266876,50.70010292636563],[4.264057461854044,50.70003245866264],[4.264089639966423,50.699771976495434],[4.266344675290914,50.69927886697592],[4.266316509697273,50.69924141952191],[4.268878142061494,50.69872124597019],[4.269877459538407,50.69869145620199],[4.2709226529541615,50.69878196792303],[4.270598819238365,50.69960468619328],[4.2723496526019655,50.70003389644062],[4.272512973760564,50.69975739940513],[4.274445994469763,50.700123255099136],[4.274603903784089,50.70009585132012],[4.274687248418826,50.69970045640315],[4.274377902805075,50.69955063274911],[4.274267336885356,50.69928348956934],[4.2742894176646935,50.69914185130701],[4.276025399709194,50.699268821802995],[4.276444308432292,50.69906830121272],[4.277614900392339,50.69908384062028],[4.279245356034451,50.698872030013625],[4.280339438503814,50.69861132726677],[4.280922658458878,50.698388904797696],[4.281948728318711,50.6983156093092],[4.282857084942269,50.69796987897004],[4.28387204967514,50.69815261142725],[4.28446953888376,50.698085796134045],[4.286329476743494,50.69740390931091],[4.287188224901224,50.69681069613719],[4.287858142695994,50.69545008950291],[4.288467614645129,50.69515188801545],[4.289297741711241,50.69456126771329],[4.290354572984164,50.694075935902184],[4.292506699832703,50.69475611100905],[4.293997134173218,50.69509834839526],[4.294538394106799,50.69544832248914],[4.29531536072588,50.69573960288659],[4.296124034767484,50.696185540028594],[4.297735379216282,50.697215226919674],[4.298697467394676,50.6975268281196],[4.298956042082909,50.69772764387006],[4.300120323773195,50.698332355059655],[4.302914452559472,50.69936663877711],[4.305957048126732,50.69938396757372],[4.306488279878391,50.69971097323185],[4.307960833374681,50.700216095816174],[4.309811932792992,50.70167715071742],[4.311153477174584,50.7029178582999],[4.310259163356304,50.70344026078176],[4.30980225272284,50.70360518366021],[4.3095043893818135,50.70384896009219],[4.309525229548278,50.70400970593004],[4.309131879621192,50.70427696737827],[4.3087708972831,50.70473340361784],[4.308499535927756,50.70488483548772],[4.308443868919391,50.70496621498941],[4.308490086507612,50.705116247022154],[4.308337902752258,50.7053912245658],[4.308394500322072,50.70555304781033],[4.308228159493631,50.705667837693674],[4.30837671215953,50.70584974849891],[4.308256262045034,50.7059826469573],[4.308296283924763,50.70619517418589],[4.308195344613442,50.70635247878217],[4.308353331015024,50.70662349179484],[4.308318116059971,50.70686627323561],[4.308442776079526,50.706967139366476],[4.308368508347679,50.707111159588045],[4.308490755729822,50.70719318266436],[4.308676410012637,50.70759667166933],[4.309264029538884,50.70824600709285],[4.309357375269622,50.70845675952668],[4.309584726801058,50.70847996838977],[4.309577380096531,50.70872222343109],[4.3097561912797575,50.70898156444408],[4.309713713417314,50.70906757086143],[4.3098797636570785,50.70915730453877],[4.3098495705953335,50.70931652815995],[4.310199586708198,50.70952063742134],[4.310082405517698,50.709774649186734],[4.310144826190884,50.7098467995851],[4.310381726251464,50.70986844755054],[4.310404327465802,50.70992001407525],[4.31025226363204,50.70992538040457],[4.310277043669497,50.71000288283356],[4.3103800176989715,50.710056738535734],[4.310562648169356,50.7100130706991],[4.310748956181482,50.71009653749434],[4.3108249539140795,50.71028121075552],[4.311261796883485,50.7105184795689],[4.3113202681636515,50.710773751077895],[4.311455192868626,50.71080615282052],[4.311432515602502,50.71091607924546],[4.311590223121788,50.71096131063406],[4.311502565012858,50.71107700907167],[4.311331722848421,50.7111385443262],[4.311302041052964,50.711241302899424],[4.311378840385296,50.7113222704019],[4.311591829703022,50.71134857457614],[4.311481232445556,50.71136767527188],[4.311492973396821,50.711491604919246],[4.311390018355757,50.711540304291695],[4.3115211957382416,50.711683593915865],[4.311631014729821,50.71168017934022],[4.311589846271318,50.71176044057382],[4.311941681227348,50.711709732871284],[4.311878697230722,50.711759105085314],[4.3119352644850695,50.71186924522866],[4.311857034434055,50.711930882474626],[4.311814081496431,50.71185404639587],[4.311754879250042,50.71187363744215],[4.31176797289616,50.711933173858185],[4.311626051376122,50.71203994943607],[4.31169009999835,50.71210369587525],[4.311653414544274,50.71218761783323],[4.311398524137112,50.712331203908626],[4.311577535184417,50.71248627267412],[4.311593250648398,50.71258543583418],[4.311423438911327,50.71260433344373],[4.311241573781262,50.71252687215366],[4.311000246773761,50.712610270164795],[4.311151439904029,50.71280488993503],[4.311041265366367,50.712947187914004],[4.311126812538864,50.713088453480516],[4.311043406279796,50.71320903477912],[4.311094756020066,50.71325636973668],[4.311011096512633,50.713388844534],[4.310865517997719,50.71343686149492],[4.3109861991292355,50.713629347206215],[4.310132962625941,50.713687738480644],[4.30921092332552,50.71344055459278],[4.308606965552178,50.71343727238979],[4.30583463900997,50.71407709929059],[4.3044215676324615,50.71427638998633],[4.303814877586836,50.71459153793313],[4.303831453400712,50.71477791164906],[4.303583877145212,50.71493568182083],[4.302343274514626,50.71487160028881],[4.301249108689232,50.715047668620564],[4.3007033271907265,50.71496143638478],[4.300581413865066,50.71510529720516],[4.300249927331412,50.71525666415927],[4.3000148082377505,50.715508318973356],[4.299713677750478,50.715669557172625],[4.2992682129385225,50.71615518381258],[4.298975131731054,50.71610015713531],[4.298715939205863,50.71653386552146],[4.295075208396703,50.720058826685445],[4.294883134516984,50.72015107155751],[4.295016904930352,50.72064834121873],[4.293414105746534,50.72064115220441],[4.292739161126051,50.72087010150839],[4.292111359664751,50.720992590633635],[4.290338221598974,50.720746392411],[4.290230083147337,50.720639772521686],[4.289947668594892,50.720679732848396],[4.289672812420075,50.72058088872751],[4.289045644432553,50.72051479183329],[4.287431820445019,50.721446657395],[4.287459583287881,50.721515363403],[4.286647290758193,50.7236873820856],[4.286543570726977,50.72375004184872],[4.286568014512398,50.72383768313925],[4.286446106713205,50.723784699254416],[4.2864491632235335,50.723642344688564],[4.28582906347704,50.723658607443596],[4.285244308953507,50.723434468535544],[4.285162405037536,50.72315708443279],[4.284912749188587,50.72308052564911],[4.285009564380469,50.72292884338444],[4.284759915636318,50.72293208561312],[4.28485947954138,50.722827301809474],[4.285092101996656,50.72280515185897],[4.285124263989348,50.72269987470319],[4.284929536754579,50.72269973681413],[4.284897608014239,50.722528365871895],[4.285046642312181,50.722546374595794],[4.285085730326603,50.7224657583734],[4.284572239521604,50.722345737890585],[4.2846520746638115,50.72225190481444],[4.284391268588685,50.72225683373379],[4.28437944519723,50.72210849407422],[4.284266601937684,50.722131429620084],[4.284247945448946,50.72204923848637],[4.283976449176687,50.72202517356203],[4.284010256287862,50.72189391699923],[4.283734817472264,50.72197299795148],[4.283685218343709,50.72192437294123],[4.283779356048809,50.72184856899933],[4.283594042578718,50.72184332061322],[4.283586890441509,50.72163880701797],[4.283388276204957,50.72156279395602],[4.2835093319375055,50.7214554693748],[4.283361428875749,50.721258865555725],[4.283206533946794,50.721222155512],[4.2832367599168615,50.721135593608174],[4.283113185060299,50.72115255269217],[4.283016062925768,50.72095821903058],[4.282842112030278,50.72089703911263],[4.282858552406026,50.7207176909202],[4.282716287206537,50.72067240492599],[4.282608494798776,50.72072518049854],[4.2824543196668925,50.72058270486078],[4.282256845144638,50.72062433130188],[4.28217504403282,50.720561188256546],[4.282179357061588,50.72040382410489],[4.2822667524109965,50.72034506712384],[4.282394223553389,50.720401423983915],[4.282394420494532,50.72029188059506],[4.281980642799213,50.72023957645532],[4.281877556737243,50.72006772695555],[4.281948844712708,50.72000469565428],[4.281829360053961,50.71998755835778],[4.281906051526595,50.71990663000006],[4.281891478235165,50.71979954725484],[4.281572260361947,50.71959045582776],[4.281705351156044,50.719510420856906],[4.281599967322964,50.7193905418805],[4.27870223600885,50.71994814315838],[4.277861565093474,50.72017520419265],[4.276482570595433,50.72037839896886],[4.273166612557574,50.720463022273925],[4.271737384583761,50.72144345232209],[4.272680747205393,50.722938843850756],[4.2732845653123785,50.72451670757636],[4.276923605590035,50.72279926334091],[4.279658147271343,50.722370556203046],[4.280035472282441,50.72293470862247],[4.280556907166291,50.72281885187818],[4.280742309425783,50.72409644500267],[4.283616409802158,50.723397327114334],[4.284303560830489,50.724668851148245],[4.283263902067199,50.72490945183621],[4.282228575585331,50.725306629024544],[4.2813533827579295,50.725462825931196],[4.28084944838642,50.72543405085976],[4.278461503674038,50.72567019987393],[4.276357968040614,50.726825262206816],[4.273903926956671,50.72858654891742],[4.274342676086581,50.72891969984355],[4.275405609724459,50.72994640381941],[4.275156963553121,50.73024858237298],[4.274345899513636,50.73086490807894],[4.276569612196544,50.73112616772236],[4.276940198473414,50.73150921894644],[4.277456219689339,50.732984026111666],[4.278059326867608,50.73380813518386],[4.277678777998009,50.73403408948196],[4.277157837772966,50.733703501871204],[4.276664253796829,50.73403678521842],[4.276813096594701,50.73412257423535],[4.276315045091471,50.73441717319261],[4.276029803039538,50.73484660927357],[4.27621099852438,50.73489409290366],[4.275934568710718,50.73532557295576],[4.275719112977851,50.73528294145373],[4.275530675295339,50.73555509143029],[4.275512804627519,50.735837568509574],[4.27510458416202,50.73600435751632],[4.274398434338014,50.73650380922858],[4.274591126056384,50.73662869098981],[4.27351534980628,50.7370825974221],[4.2738697955931535,50.73748672087478],[4.272834107869251,50.738575443833355],[4.272372541649257,50.73932846904766],[4.2705673901834365,50.740761064325696],[4.2705001987332425,50.74072823195315],[4.270142049383312,50.74168149500703],[4.269446659917195,50.74283598412598],[4.268893226396438,50.74397031987341],[4.269009604755931,50.744057771935736],[4.268623823160562,50.744265365605266],[4.269118995743447,50.74463488116517],[4.2678488603227125,50.74532141980444],[4.268610629583572,50.74588604923575],[4.267656694185275,50.746385298583306],[4.267446174059295,50.74674798740102],[4.265479961603926,50.74788560816557],[4.265572236229097,50.7479503323584],[4.2630620019664605,50.74936608556704],[4.263676341699292,50.74970713658873],[4.262505822344552,50.750432242576565],[4.261805580870446,50.749904873693765],[4.260971246457876,50.75031974425694],[4.261170684846149,50.750506381036175],[4.260116634555052,50.75097995619902],[4.260501674480047,50.751280660174494],[4.260213370173611,50.75155442001594],[4.259835983544807,50.75178496049725],[4.259603574543835,50.75172598211545],[4.259396627343107,50.75180652177911],[4.259855771608739,50.75227073034144],[4.2593101403955025,50.75255521247514],[4.259479782695621,50.752814757364874],[4.259300097627146,50.75315100207255],[4.258984731013215,50.75344107196069],[4.25774955173757,50.754223415078485],[4.257611631288096,50.754277833032305],[4.256489717738758,50.75336959647707],[4.255277595294809,50.75206232775886],[4.248823721866684,50.75550177403366],[4.245892174580594,50.75087079495497],[4.243858385179661,50.75164485800264],[4.241996231661424,50.75224948898257],[4.239780255647231,50.75262653010498],[4.239204438824784,50.75296555398459],[4.239285963003973,50.75331451618499],[4.23923427254595,50.753516698134234],[4.238474868333532,50.75319763815241],[4.23692298212459,50.75280377067444],[4.235680850072816,50.752207184690725],[4.232709187294936,50.750976835959825],[4.232813906367058,50.750861844293595],[4.232064341903453,50.750421505475934],[4.23120796691576,50.75043959805814],[4.230338528691005,50.75008382179055],[4.230215009966473,50.75018578227137],[4.229879932928064,50.75025392483687],[4.227351813121509,50.74971694448653],[4.226034257008728,50.749863922331386],[4.225286759657142,50.74967730444606],[4.223856643447853,50.74957089085135],[4.223662481268789,50.7494923647257],[4.222515441964075,50.75093654635823],[4.222238109569073,50.75142513827652],[4.221504313081722,50.75211616285965],[4.221184000916511,50.75271832394815],[4.220841559227074,50.75313906939665],[4.219504626400697,50.75460526985344],[4.218413129849844,50.75567284858273],[4.217914914871838,50.75658364650838],[4.217717073761818,50.75719737045374],[4.217336499529949,50.757768636707965],[4.217353202529225,50.75852884436401],[4.21713443579781,50.7589492023547],[4.216912949229911,50.76009299247801],[4.217008087384456,50.76011241729365],[4.217002167211483,50.76057144668659],[4.216691097879384,50.76194153616462],[4.216550460253002,50.76419945791847],[4.2160585143926745,50.7652665629535],[4.215951489274553,50.765654751621845],[4.2161353786629,50.76739320139471],[4.215566003414456,50.768195129711714],[4.215131543333866,50.76835916114929],[4.214957780975001,50.76852912208553],[4.214152410183998,50.769793897125496],[4.212720835226789,50.77081635150598],[4.211634735370047,50.77211035052743],[4.211282376666206,50.773028949962665],[4.211163846229296,50.77380083508615],[4.210891255876198,50.774285430132075],[4.2105762492655705,50.77531989762156],[4.210602988639456,50.77565773936663],[4.211290539606339,50.776983765080885],[4.211668099871787,50.778120355704864],[4.210612570568388,50.778090403962224],[4.210131140414076,50.777874432309375],[4.209769502330834,50.77789451209565],[4.209363406916232,50.77781647169961],[4.209060557818975,50.77752101980545],[4.207980234112023,50.77716436384788],[4.207809815651983,50.77687115713846],[4.207413189645597,50.77692931631489],[4.207201576531579,50.776785280098395],[4.207222031135355,50.77660803105647],[4.2068937034985465,50.77663778491873],[4.206697769211567,50.776428415225126],[4.205918055011463,50.77632108049624],[4.2058427542540455,50.776119157907296],[4.205062507046007,50.77596371968051],[4.2046598077166095,50.77601736665793],[4.204508049011808,50.77590990748147],[4.2040968957194496,50.775826087712964],[4.203660668035647,50.77589175021722],[4.2036404334566,50.7757255725329],[4.202989014502971,50.775385115654544],[4.203028350260974,50.77516447183229],[4.2022287888691805,50.77498498798655],[4.202284800489918,50.77478064003572],[4.201895360634457,50.77477514344904],[4.201642769458101,50.77455858440751],[4.201508485214877,50.774284295419484],[4.201359340366823,50.77420362515787],[4.200861745985665,50.77415338368505],[4.200638278835721,50.77368398111184],[4.200374716034039,50.77364476826873],[4.200116533042019,50.773696883922455],[4.200226731898884,50.77339913744816],[4.199806027121542,50.7735636070697],[4.199858581028404,50.77338988906298],[4.199398398377086,50.773149113388925],[4.1985517020741066,50.77300108688143],[4.197934219592762,50.772666853751176],[4.197063611475864,50.77254880848778],[4.197029718130114,50.77227843875301],[4.196917103168933,50.77221417836691],[4.196547823689844,50.772323131855764],[4.195848804688773,50.772077855017706],[4.19543863373856,50.77185484599373],[4.194972540694679,50.7718439097402],[4.194894981917638,50.77169312852197],[4.194401868657811,50.77147547418911],[4.194107539056464,50.77148097032459],[4.193637460233091,50.771351228490104],[4.193522860110122,50.771106937918994],[4.193330599899977,50.771113843149166],[4.193010861853419,50.77135797578758],[4.192817208754477,50.77135795606266],[4.192818613862649,50.77113285557874],[4.192305492304699,50.77111374745091],[4.1920613731998335,50.77099975031546],[4.192060865780379,50.77094221674382],[4.19242234972211,50.77095075920206],[4.192468135249312,50.770837288779184],[4.192377667859622,50.77069187863411],[4.192013984774113,50.77070715403701],[4.191870984353702,50.77050610797239],[4.191237697639357,50.770438001602734],[4.191086696510784,50.77033088369275],[4.190955472998428,50.770091828377],[4.1901245378652625,50.77003357496079],[4.190035693080074,50.76976096155542],[4.189698912570314,50.76959917961824],[4.189755920554423,50.769294784161175],[4.189521962156646,50.76919554052089],[4.189968615168326,50.768977685576324],[4.190302356982717,50.76893162465826],[4.190488034569653,50.7687112981203],[4.1906339703431446,50.76865748775872],[4.190680904918115,50.768464370941196],[4.190499265961045,50.76840197278718],[4.190284935441509,50.76813915274639],[4.190030987445885,50.76808114440616],[4.190074905981401,50.76800955828935],[4.1897682411471076,50.76779702851383],[4.189776466039589,50.76768628522712],[4.189592813659509,50.76766847302482],[4.189611495214081,50.76756314686282],[4.189343629411058,50.76751257029653],[4.188931763143497,50.767123227097834],[4.18877966544815,50.7668985206388],[4.188806099794814,50.766840934507236],[4.188705980205578,50.76681669608297],[4.188694268744662,50.76665378297142],[4.188827865625148,50.76663618485937],[4.188926205027266,50.766419591060604],[4.188688175749098,50.76620375012259],[4.188788334778979,50.76607220347823],[4.188629709828844,50.76599877751332],[4.188608116658853,50.76586344864955],[4.188954911143149,50.76580492375202],[4.1889463715886,50.76570116812985],[4.188741018275069,50.76565356586759],[4.188800151594452,50.76546379543633],[4.188998101829113,50.76521849639113],[4.188460476874448,50.765100084645034],[4.188449678333309,50.765033274660524],[4.188610648617892,50.76497482210519],[4.188332642624632,50.76483666770959],[4.188424269688582,50.76474646107799],[4.188267255129661,50.76455177437407],[4.187788797843189,50.764568034045695],[4.187644847587304,50.76428993843681],[4.187492661926387,50.76420627284459],[4.187457968449817,50.764305290501],[4.187287113555699,50.76428416719246],[4.187105599576367,50.76415830482657],[4.18708683784496,50.763948183692385],[4.187002609635292,50.76388314443841],[4.187013763562099,50.76370948588269],[4.186927869818624,50.76363491492556],[4.1870712886225165,50.763568888101474],[4.187034631629315,50.7635190207782],[4.187112377091095,50.76346115893041],[4.186999195137357,50.7634071354594],[4.1870946502326865,50.76324330894617],[4.187367654323577,50.76331529313581],[4.187422093064358,50.76327428871458],[4.187389665817451,50.76319171469588],[4.187465275802002,50.763105440785594],[4.187350128440768,50.763042065365056],[4.187451772169022,50.76300356645417],[4.187341517522862,50.76292401564817],[4.187500563536697,50.76288246261053],[4.187491852556861,50.762826353431144],[4.1876498403581,50.76272887214215],[4.187558323291006,50.762607195780035],[4.187603540687694,50.76249425927719],[4.1875405060197375,50.76240939296067],[4.18769456548442,50.76233932565968],[4.187563650935377,50.76210333018148],[4.1877327527730115,50.761954082857436],[4.187680356464155,50.76179362788164],[4.187897473983891,50.761762316960336],[4.188068101754984,50.761509248050245],[4.1880150274767605,50.761231383480514],[4.188199092825661,50.761132690868735],[4.188288212906259,50.76098970861285],[4.188287701026797,50.76045670726675],[4.188560351955297,50.759873155506064],[4.1894924773296385,50.75939902314925],[4.1897416105442415,50.75910948500937],[4.191991360788942,50.7580665718612],[4.192873958222979,50.75778327015854],[4.19416231506747,50.756837457254676],[4.19491097170886,50.75619514590196],[4.195288315419268,50.75631066824464],[4.19559681188722,50.756138228305964],[4.196447028898737,50.75549369184638],[4.196081356327926,50.75525101494954],[4.198108446983438,50.75322837457393],[4.198160278831961,50.75313088830273],[4.198121595618356,50.75225779870546],[4.197939187053328,50.75203036553073],[4.19713065857706,50.751272070290426],[4.196684935551474,50.75105485297949],[4.1966274823380285,50.75095336697671],[4.196014092200656,50.750590352471725],[4.195405928056522,50.75004262249742],[4.196905870434918,50.74859135240991],[4.198207462911609,50.747699225925665],[4.19851675026224,50.74762667869264],[4.198617524544249,50.747423029947434],[4.200400707284082,50.74611948309686],[4.201200917033828,50.745737033535946],[4.202467432917505,50.745265252513],[4.20201602354944,50.74473596237584],[4.20116985457572,50.74420421322125],[4.200968835573105,50.74400027210115],[4.200471134835051,50.744052002540464],[4.1998561311893825,50.744262994426556],[4.198474237071431,50.74506116928815],[4.196784774770151,50.743910108553045],[4.1964505592740675,50.743978291560616],[4.195689444214533,50.743951880906934],[4.1931127311993635,50.74614882788955],[4.192069476479237,50.74648772768668],[4.191763576350387,50.746467670959234],[4.191137148031828,50.746284723231845],[4.188034729445686,50.74518429584959],[4.186992482009239,50.74626164895362],[4.186328697277392,50.74595226997801],[4.185032511003815,50.746874504086264],[4.1839899085846275,50.74772123656615],[4.1838258218358915,50.74772143487557],[4.18345838195949,50.747881949268645],[4.182810016760503,50.74728086576209],[4.182294901695903,50.746981052686586],[4.183540008562128,50.74494045844544],[4.1833962649749274,50.74488755576552],[4.184147663466597,50.74345772902517],[4.184367566083361,50.7434368471369],[4.185357858004839,50.742316585748],[4.185881331109089,50.74232277509409],[4.187227082202979,50.74092921868854],[4.187532776988541,50.740346715773434],[4.187875976629885,50.739329341978106],[4.188447368797804,50.738614604092774],[4.188501772906259,50.738637192294554],[4.189552675039897,50.73748639478169],[4.189966024014833,50.73678213857063],[4.190354105380765,50.73630987818592],[4.190714311434822,50.73560508576735],[4.1915268365026535,50.73432697674623],[4.193291209744175,50.732812028836044],[4.193736540207499,50.7322209937069],[4.194288882791378,50.732295438468974],[4.195232095227118,50.731559946079024],[4.196100517546228,50.73061944716129],[4.1977843122699365,50.72924611642935],[4.196052294934166,50.72766311073952],[4.196624201000089,50.727273791890404],[4.194972951289459,50.72617139554241],[4.19460786167878,50.725851820475185],[4.1936516168881095,50.727128078654985],[4.19337561491003,50.726269158034484],[4.1916515925937174,50.72667897027638],[4.19165893211249,50.725780200549835],[4.189986741494975,50.72452582705015],[4.189476806540894,50.7248744354177],[4.189061830479278,50.72504924599166],[4.188593158007294,50.72511149526332],[4.188456555076733,50.72505346576183],[4.18835104520192,50.72479433448811],[4.18802115577559,50.72435621340088],[4.187458047520055,50.72286638625065],[4.183091528088111,50.722750106658744],[4.180860368679058,50.72309988148434],[4.177711173878265,50.72341970299627],[4.1773569763665055,50.72331250929208],[4.176728171501022,50.72271939229924],[4.176792683098579,50.72264505655464],[4.1758039058345435,50.72217395072098],[4.175296594765656,50.72207250770127],[4.174883138386616,50.72214124452402],[4.1734336520077076,50.72172743221785],[4.172657206857997,50.72166536802743],[4.172090109402363,50.72162002956558]]]}},{"type":"Feature","properties":{"kind":"municipality-label","name":"Halle","revealIndex":6},"geometry":{"type":"Point","coordinates":[4.2420158953148555,50.73382228382807]}}]}
