{"type":"FeatureCollection","name":"Statbel variable population grid 2025, Zennevallei","features":[{"type":"Feature","id":"3903000-3084000-1000","properties":{"cellId":"3903000-3084000-1000","municipality":"Pepingen","population":56,"sideM":1000,"areaKm2":1,"densityPerHa":0.56,"renderClass":"under-5"},"geometry":{"type":"MultiPolygon","coordinates":[[[[4.0743045753351135,50.7152837864998],[4.073167461012588,50.72423951399949],[4.0872901799050805,50.724965832155085],[4.088424614785919,50.71600994488426],[4.0743045753351135,50.7152837864998]]]]}},{"type":"Feature","id":"3904000-3083000-1000","properties":{"cellId":"3904000-3083000-1000","municipality":"Pepingen","population":40,"sideM":1000,"areaKm2":1,"densityPerHa":0.4,"renderClass":"under-5"},"geometry":{"type":"MultiPolygon","coordinates":[[[[4.089558509838821,50.70705402179635],[4.088424614785919,50.71600994488426],[4.1025450560641215,50.71673437506397],[4.103676272640931,50.70777829265721],[4.089558509838821,50.70705402179635]]]]}},{"type":"Feature","id":"3904000-3084000-1000","properties":{"cellId":"3904000-3084000-1000","municipality":"Pepingen","population":73,"sideM":1000,"areaKm2":1,"densityPerHa":0.73,"renderClass":"under-5"},"geometry":{"type":"MultiPolygon","coordinates":[[[[4.088424614785919,50.71600994488426],[4.0872901799050805,50.724965832155085],[4.101413300916183,50.72569042173165],[4.1025450560641215,50.71673437506397],[4.088424614785919,50.71600994488426]]]]}},{"type":"Feature","id":"3905000-3084000-1000","properties":{"cellId":"3905000-3084000-1000","municipality":"Pepingen","population":41,"sideM":1000,"areaKm2":1,"densityPerHa":0.41,"renderClass":"under-5"},"geometry":{"type":"MultiPolygon","coordinates":[[[[4.1025450560641215,50.71673437506397],[4.101413300916183,50.72569042173165],[4.1155368231111105,50.72641328264993],[4.116665898235598,50.71745707695971],[4.1025450560641215,50.71673437506397]]]]}},{"type":"Feature","id":"3905000-3085000-1000","properties":{"cellId":"3905000-3085000-1000","municipality":"Pepingen","population":386,"sideM":1000,"areaKm2":1,"densityPerHa":3.86,"renderClass":"under-5"},"geometry":{"type":"MultiPolygon","coordinates":[[[[4.101413300916183,50.72569042173165],[4.10028100682859,50.7346464327052],[4.114407210304885,50.735369452723866],[4.1155368231111105,50.72641328264993],[4.101413300916183,50.72569042173165]]]]}},{"type":"Feature","id":"3906000-3084000-1000","properties":{"cellId":"3906000-3084000-1000","municipality":"Pepingen","population":26,"sideM":1000,"areaKm2":1,"densityPerHa":0.26,"renderClass":"under-5"},"geometry":{"type":"MultiPolygon","coordinates":[[[[4.116665898235598,50.71745707695971],[4.1155368231111105,50.72641328264993],[4.12966074555486,50.72713441483083],[4.130787140366013,50.718178050492476],[4.116665898235598,50.71745707695971]]]]}},{"type":"Feature","id":"3906000-3085000-1000","properties":{"cellId":"3906000-3085000-1000","municipality":"Pepingen","population":59,"sideM":1000,"areaKm2":1,"densityPerHa":0.59,"renderClass":"under-5"},"geometry":{"type":"MultiPolygon","coordinates":[[[[4.1155368231111105,50.72641328264993],[4.114407210304885,50.735369452723866],[4.128533814320158,50.7360907436306],[4.12966074555486,50.72713441483083],[4.1155368231111105,50.72641328264993]]]]}},{"type":"Feature","id":"3906000-3086000-1000","properties":{"cellId":"3906000-3086000-1000","municipality":"Pepingen","population":23,"sideM":1000,"areaKm2":1,"densityPerHa":0.23,"renderClass":"under-5"},"geometry":{"type":"MultiPolygon","coordinates":[[[[4.114407210304885,50.735369452723866],[4.113277059448901,50.74432558722654],[4.127406346294726,50.745047036936846],[4.128533814320158,50.7360907436306],[4.114407210304885,50.735369452723866]]]]}},{"type":"Feature","id":"3907000-3084000-1000","properties":{"cellId":"3907000-3084000-1000","municipality":"Pepingen","population":81,"sideM":1000,"areaKm2":1,"densityPerHa":0.81,"renderClass":"under-5"},"geometry":{"type":"MultiPolygon","coordinates":[[[[4.130787140366013,50.718178050492476],[4.12966074555486,50.72713441483083],[4.1437850673122245,50.727853818195435],[4.14490878152082,50.718897295583425],[4.130787140366013,50.718178050492476]]]]}},{"type":"Feature","id":"3907000-3085000-1000","properties":{"cellId":"3907000-3085000-1000","municipality":"Pepingen","population":35,"sideM":1000,"areaKm2":1,"densityPerHa":0.35,"renderClass":"under-5"},"geometry":{"type":"MultiPolygon","coordinates":[[[[4.12966074555486,50.72713441483083],[4.128533814320158,50.7360907436306],[4.142660817938533,50.73681030534641],[4.1437850673122245,50.727853818195435],[4.12966074555486,50.72713441483083]]]]}},{"type":"Feature","id":"3907000-3086000-1000","properties":{"cellId":"3907000-3086000-1000","municipality":"Pepingen","population":331,"sideM":1000,"areaKm2":1,"densityPerHa":3.31,"renderClass":"under-5"},"geometry":{"type":"MultiPolygon","coordinates":[[[[4.128533814320158,50.7360907436306],[4.127406346294726,50.745047036936846],[4.141536033033406,50.74576675708143],[4.142660817938533,50.73681030534641],[4.128533814320158,50.7360907436306]]]]}},{"type":"Feature","id":"3907000-3087000-1000","properties":{"cellId":"3907000-3087000-1000","municipality":"Pepingen","population":70,"sideM":1000,"areaKm2":1,"densityPerHa":0.7,"renderClass":"under-5"},"geometry":{"type":"MultiPolygon","coordinates":[[[[4.127406346294726,50.745047036936846],[4.126278341111037,50.754003294794586],[4.140410712230166,50.75472317344557],[4.141536033033406,50.74576675708143],[4.127406346294726,50.745047036936846]]]]}},{"type":"Feature","id":"3908000-3085000-1000","properties":{"cellId":"3908000-3085000-1000","municipality":"Pepingen","population":74,"sideM":1000,"areaKm2":1,"densityPerHa":0.74,"renderClass":"under-5"},"geometry":{"type":"MultiPolygon","coordinates":[[[[4.1437850673122245,50.727853818195435],[4.142660817938533,50.73681030534641],[4.156788220223925,50.73752813779254],[4.1579097874477835,50.72857149266505],[4.1437850673122245,50.727853818195435]]]]}},{"type":"Feature","id":"3908000-3086000-1000","properties":{"cellId":"3908000-3086000-1000","municipality":"Pepingen","population":252,"sideM":1000,"areaKm2":1,"densityPerHa":2.52,"renderClass":"under-5"},"geometry":{"type":"MultiPolygon","coordinates":[[[[4.142660817938533,50.73681030534641],[4.141536033033406,50.74576675708143],[4.155666118728193,50.74648474758145],[4.156788220223925,50.73752813779254],[4.142660817938533,50.73681030534641]]]]}},{"type":"Feature","id":"3908000-3087000-1000","properties":{"cellId":"3908000-3087000-1000","municipality":"Pepingen","population":35,"sideM":1000,"areaKm2":1,"densityPerHa":0.35,"renderClass":"under-5"},"geometry":{"type":"MultiPolygon","coordinates":[[[[4.141536033033406,50.74576675708143],[4.140410712230166,50.75472317344557],[4.154543482594759,50.75544132207692],[4.155666118728193,50.74648474758145],[4.141536033033406,50.74576675708143]]]]}},{"type":"Feature","id":"3908000-3088000-1000","properties":{"cellId":"3908000-3088000-1000","municipality":"Pepingen","population":232,"sideM":1000,"areaKm2":1,"densityPerHa":2.32,"renderClass":"under-5"},"geometry":{"type":"MultiPolygon","coordinates":[[[[4.140410712230166,50.75472317344557],[4.139284855161796,50.76367955448386],[4.153420311457446,50.76439786132406],[4.154543482594759,50.75544132207692],[4.140410712230166,50.75472317344557]]]]}},{"type":"Feature","id":"3908000-3089000-1000","properties":{"cellId":"3908000-3089000-1000","municipality":"Pepingen","population":86,"sideM":1000,"areaKm2":1,"densityPerHa":0.86,"renderClass":"under-5"},"geometry":{"type":"MultiPolygon","coordinates":[[[[4.139284855161796,50.76367955448386],[4.138158461460939,50.77263590024139],[4.152296604949747,50.77335436536799],[4.153420311457446,50.76439786132406],[4.139284855161796,50.76367955448386]]]]}},{"type":"Feature","id":"3909000-3084000-1000","properties":{"cellId":"3909000-3084000-1000","municipality":"Pepingen","population":149,"sideM":1000,"areaKm2":1,"densityPerHa":1.49,"renderClass":"under-5"},"geometry":{"type":"MultiPolygon","coordinates":[[[[4.15903082076527,50.71961481215389],[4.1579097874477835,50.72857149266505],[4.172034905025921,50.72928743816115],[4.173153257164403,50.7203306001254],[4.15903082076527,50.71961481215389]]]]}},{"type":"Feature","id":"3909000-3086000-1000","properties":{"cellId":"3909000-3086000-1000","municipality":"Pepingen","population":66,"sideM":1000,"areaKm2":1,"densityPerHa":0.66,"renderClass":"under-5"},"geometry":{"type":"MultiPolygon","coordinates":[[[[4.156788220223925,50.73752813779254],[4.155666118728193,50.74648474758145],[4.169796602442134,50.747201008358246],[4.170916020240046,50.73824424089037],[4.156788220223925,50.73752813779254]]]]}},{"type":"Feature","id":"3909000-3087000-1000","properties":{"cellId":"3909000-3087000-1000","municipality":"Pepingen","population":27,"sideM":1000,"areaKm2":1,"densityPerHa":0.27,"renderClass":"under-5"},"geometry":{"type":"MultiPolygon","coordinates":[[[[4.155666118728193,50.74648474758145],[4.154543482594759,50.75544132207692],[4.16867665126719,50.756157740609964],[4.169796602442134,50.747201008358246],[4.155666118728193,50.74648474758145]]]]}},{"type":"Feature","id":"3909000-3088000-1000","properties":{"cellId":"3909000-3088000-1000","municipality":"Pepingen","population":553,"sideM":1000,"areaKm2":1,"densityPerHa":5.53,"renderClass":"5-15"},"geometry":{"type":"MultiPolygon","coordinates":[[[[4.154543482594759,50.75544132207692],[4.153420311457446,50.76439786132406],[4.167556166349895,50.76511443769067],[4.16867665126719,50.756157740609964],[4.154543482594759,50.75544132207692]]]]}},{"type":"Feature","id":"3909000-3089000-1000","properties":{"cellId":"3909000-3089000-1000","municipality":"Pepingen","population":37,"sideM":1000,"areaKm2":1,"densityPerHa":0.37,"renderClass":"under-5"},"geometry":{"type":"MultiPolygon","coordinates":[[[[4.153420311457446,50.76439786132406],[4.152296604949747,50.77335436536799],[4.166435147324577,50.77407109964551],[4.167556166349895,50.76511443769067],[4.153420311457446,50.76439786132406]]]]}},{"type":"Feature","id":"3909000-3090000-1000","properties":{"cellId":"3909000-3090000-1000","municipality":"Pepingen","population":108,"sideM":1000,"areaKm2":1,"densityPerHa":1.08,"renderClass":"under-5"},"geometry":{"type":"MultiPolygon","coordinates":[[[[4.152296604949747,50.77335436536799],[4.151172362704813,50.7823108342538],[4.1653135938252355,50.78302772651968],[4.166435147324577,50.77407109964551],[4.152296604949747,50.77335436536799]]]]}},{"type":"Feature","id":"3910000-3082000-1000","properties":{"cellId":"3910000-3082000-1000","municipality":"Halle","population":40,"sideM":1000,"areaKm2":1,"densityPerHa":0.4,"renderClass":"under-5"},"geometry":{"type":"MultiPolygon","coordinates":[[[[4.1753883649561185,50.7024168179535],[4.17427107701981,50.71137372673792],[4.188391229430636,50.71208762895916],[4.1895058384166886,50.70313056317859],[4.1753883649561185,50.7024168179535]]]]}},{"type":"Feature","id":"3910000-3083000-1000","properties":{"cellId":"3910000-3083000-1000","municipality":"Halle","population":148,"sideM":1000,"areaKm2":1,"densityPerHa":1.48,"renderClass":"under-5"},"geometry":{"type":"MultiPolygon","coordinates":[[[[4.17427107701981,50.71137372673792],[4.173153257164403,50.7203306001254],[4.187276089783049,50.721044659419654],[4.188391229430636,50.71208762895916],[4.17427107701981,50.71137372673792]]]]}},{"type":"Feature","id":"3910000-3084000-1000","properties":{"cellId":"3910000-3084000-1000","municipality":"Pepingen","population":67,"sideM":1000,"areaKm2":1,"densityPerHa":0.67,"renderClass":"under-5"},"geometry":{"type":"MultiPolygon","coordinates":[[[[4.173153257164403,50.7203306001254],[4.172034905025921,50.72928743816115],[4.1861604191107915,50.73000165460536],[4.187276089783049,50.721044659419654],[4.173153257164403,50.7203306001254]]]]}},{"type":"Feature","id":"3910000-3087000-1000","properties":{"cellId":"3910000-3087000-1000","municipality":"Pepingen","population":98,"sideM":1000,"areaKm2":1,"densityPerHa":0.98,"renderClass":"under-5"},"geometry":{"type":"MultiPolygon","coordinates":[[[[4.169796602442134,50.747201008358246],[4.16867665126719,50.756157740609964],[4.182810217309627,50.75687242896615],[4.183927483238056,50.74791553933337],[4.169796602442134,50.747201008358246]]]]}},{"type":"Feature","id":"3910000-3088000-1000","properties":{"cellId":"3910000-3088000-1000","municipality":"Pepingen","population":155,"sideM":1000,"areaKm2":1,"densityPerHa":1.55,"renderClass":"under-5"},"geometry":{"type":"MultiPolygon","coordinates":[[[[4.16867665126719,50.756157740609964],[4.167556166349895,50.76511443769067],[4.1816924189006315,50.76582928350505],[4.182810217309627,50.75687242896615],[4.16867665126719,50.756157740609964]]]]}},{"type":"Feature","id":"3910000-3089000-1000","properties":{"cellId":"3910000-3089000-1000","municipality":"Pepingen","population":37,"sideM":1000,"areaKm2":1,"densityPerHa":0.37,"renderClass":"under-5"},"geometry":{"type":"MultiPolygon","coordinates":[[[[4.167556166349895,50.76511443769067],[4.166435147324577,50.77407109964551],[4.18057408764625,50.77478610299531],[4.1816924189006315,50.76582928350505],[4.167556166349895,50.76511443769067]]]]}},{"type":"Feature","id":"3910000-3091000-1000","properties":{"cellId":"3910000-3091000-1000","municipality":"Pepingen","population":16,"sideM":1000,"areaKm2":1,"densityPerHa":0.16,"renderClass":"under-5"},"geometry":{"type":"MultiPolygon","coordinates":[[[[4.1653135938252355,50.78302772651968],[4.16419150548553,50.79198431835827],[4.1783358251403655,50.79269963701064],[4.179455223181328,50.783742887482106],[4.1653135938252355,50.78302772651968]]]]}},{"type":"Feature","id":"3911000-3084000-1000","properties":{"cellId":"3911000-3084000-1000","municipality":"Halle","population":32,"sideM":1000,"areaKm2":1,"densityPerHa":0.32,"renderClass":"under-5"},"geometry":{"type":"MultiPolygon","coordinates":[[[[4.187276089783049,50.721044659419654],[4.1861604191107915,50.73000165460536],[4.2002863287663645,50.730714141919535],[4.201399317685834,50.72175698995855],[4.187276089783049,50.721044659419654]]]]}},{"type":"Feature","id":"3911000-3085000-1000","properties":{"cellId":"3911000-3085000-1000","municipality":"Halle","population":42,"sideM":1000,"areaKm2":1,"densityPerHa":0.42,"renderClass":"under-5"},"geometry":{"type":"MultiPolygon","coordinates":[[[[4.1861604191107915,50.73000165460536],[4.185044217050398,50.73895861456152],[4.199172809718269,50.73967125872774],[4.2002863287663645,50.730714141919535],[4.1861604191107915,50.73000165460536]]]]}},{"type":"Feature","id":"3911000-3086000-1000","properties":{"cellId":"3911000-3086000-1000","municipality":"Halle","population":42,"sideM":1000,"areaKm2":1,"densityPerHa":0.42,"renderClass":"under-5"},"geometry":{"type":"MultiPolygon","coordinates":[[[[4.185044217050398,50.73895861456152],[4.183927483238056,50.74791553933337],[4.1980587601785935,50.74862834042851],[4.199172809718269,50.73967125872774],[4.185044217050398,50.73895861456152]]]]}},{"type":"Feature","id":"3911000-3087000-1000","properties":{"cellId":"3911000-3087000-1000","municipality":"Pepingen","population":37,"sideM":1000,"areaKm2":1,"densityPerHa":0.37,"renderClass":"under-5"},"geometry":{"type":"MultiPolygon","coordinates":[[[[4.183927483238056,50.74791553933337],[4.182810217309627,50.75687242896615],[4.196944179784032,50.75758538706712],[4.1980587601785935,50.74862834042851],[4.183927483238056,50.74791553933337]]]]}},{"type":"Feature","id":"3911000-3088000-1000","properties":{"cellId":"3911000-3088000-1000","municipality":"Halle","population":36,"sideM":1000,"areaKm2":1,"densityPerHa":0.36,"renderClass":"under-5"},"geometry":{"type":"MultiPolygon","coordinates":[[[[4.182810217309627,50.75687242896615],[4.1816924189006315,50.76582928350505],[4.195829068170958,50.7665423986888],[4.196944179784032,50.75758538706712],[4.182810217309627,50.75687242896615]]]]}},{"type":"Feature","id":"3911000-3089000-1000","properties":{"cellId":"3911000-3089000-1000","municipality":"Sint-Pieters-Leeuw","population":150,"sideM":1000,"areaKm2":1,"densityPerHa":1.5,"renderClass":"under-5"},"geometry":{"type":"MultiPolygon","coordinates":[[[[4.1816924189006315,50.76582928350505],[4.18057408764625,50.77478610299531],[4.1947134249753955,50.775499375338875],[4.195829068170958,50.7665423986888],[4.1816924189006315,50.76582928350505]]]]}},{"type":"Feature","id":"3911000-3090000-1000","properties":{"cellId":"3911000-3090000-1000","municipality":"Sint-Pieters-Leeuw","population":62,"sideM":1000,"areaKm2":1,"densityPerHa":0.62,"renderClass":"under-5"},"geometry":{"type":"MultiPolygon","coordinates":[[[[4.18057408764625,50.77478610299531],[4.179455223181328,50.783742887482106],[4.19359724983304,50.784456317062535],[4.1947134249753955,50.775499375338875],[4.18057408764625,50.77478610299531]]]]}},{"type":"Feature","id":"3912000-3082000-1000","properties":{"cellId":"3912000-3082000-1000","municipality":"Halle","population":266,"sideM":1000,"areaKm2":1,"densityPerHa":2.66,"renderClass":"under-5"},"geometry":{"type":"MultiPolygon","coordinates":[[[[4.203623706589073,50.703842580397165],[4.202511776839309,50.71279980279954],[4.216632718310909,50.71351024818122],[4.2177419685390225,50.70455286953142],[4.203623706589073,50.703842580397165]]]]}},{"type":"Feature","id":"3912000-3084000-1000","properties":{"cellId":"3912000-3084000-1000","municipality":"Halle","population":249,"sideM":1000,"areaKm2":1,"densityPerHa":2.49,"renderClass":"under-5"},"geometry":{"type":"MultiPolygon","coordinates":[[[[4.201399317685834,50.72175698995855],[4.2002863287663645,50.730714141919535],[4.214412633056386,50.73142490002565],[4.2155229399371805,50.722467591664184],[4.201399317685834,50.72175698995855]]]]}},{"type":"Feature","id":"3912000-3085000-1000","properties":{"cellId":"3912000-3085000-1000","municipality":"Halle","population":66,"sideM":1000,"areaKm2":1,"densityPerHa":0.66,"renderClass":"under-5"},"geometry":{"type":"MultiPolygon","coordinates":[[[[4.2002863287663645,50.730714141919535],[4.199172809718269,50.73967125872774],[4.213301797306754,50.74038217331101],[4.214412633056386,50.73142490002565],[4.2002863287663645,50.730714141919535]]]]}},{"type":"Feature","id":"3912000-3086000-1000","properties":{"cellId":"3912000-3086000-1000","municipality":"Halle","population":225,"sideM":1000,"areaKm2":1,"densityPerHa":2.25,"renderClass":"under-5"},"geometry":{"type":"MultiPolygon","coordinates":[[[[4.199172809718269,50.73967125872774],[4.1980587601785935,50.74862834042851],[4.212190432326159,50.74933941156558],[4.213301797306754,50.74038217331101],[4.199172809718269,50.73967125872774]]]]}},{"type":"Feature","id":"3912000-3087000-1000","properties":{"cellId":"3912000-3087000-1000","municipality":"Halle","population":155,"sideM":1000,"areaKm2":1,"densityPerHa":1.55,"renderClass":"under-5"},"geometry":{"type":"MultiPolygon","coordinates":[[[[4.1980587601785935,50.74862834042851],[4.196944179784032,50.75758538706712],[4.2110785377521545,50.75829661483472],[4.212190432326159,50.74933941156558],[4.1980587601785935,50.74862834042851]]]]}},{"type":"Feature","id":"3912000-3088000-1000","properties":{"cellId":"3912000-3088000-1000","municipality":"Halle","population":311,"sideM":1000,"areaKm2":1,"densityPerHa":3.11,"renderClass":"under-5"},"geometry":{"type":"MultiPolygon","coordinates":[[[[4.196944179784032,50.75758538706712],[4.195829068170958,50.7665423986888],[4.20996611322195,50.76725378316374],[4.2110785377521545,50.75829661483472],[4.196944179784032,50.75758538706712]]]]}},{"type":"Feature","id":"3912000-3089000-1000","properties":{"cellId":"3912000-3089000-1000","municipality":"Halle","population":6,"sideM":1000,"areaKm2":1,"densityPerHa":0.06,"renderClass":"under-5"},"geometry":{"type":"MultiPolygon","coordinates":[[[[4.195829068170958,50.7665423986888],[4.1947134249753955,50.775499375338875],[4.208853158372425,50.77621091659795],[4.20996611322195,50.76725378316374],[4.195829068170958,50.7665423986888]]]]}},{"type":"Feature","id":"3912000-3090000-1000","properties":{"cellId":"3912000-3090000-1000","municipality":"Sint-Pieters-Leeuw","population":264,"sideM":1000,"areaKm2":1,"densityPerHa":2.64,"renderClass":"under-5"},"geometry":{"type":"MultiPolygon","coordinates":[[[[4.1947134249753955,50.775499375338875],[4.19359724983304,50.784456317062535],[4.207739672840122,50.78516801518267],[4.208853158372425,50.77621091659795],[4.1947134249753955,50.775499375338875]]]]}},{"type":"Feature","id":"3912000-3091000-1000","properties":{"cellId":"3912000-3091000-1000","municipality":"Sint-Pieters-Leeuw","population":310,"sideM":1000,"areaKm2":1,"densityPerHa":3.1,"renderClass":"under-5"},"geometry":{"type":"MultiPolygon","coordinates":[[[[4.19359724983304,50.784456317062535],[4.192480542379244,50.79341322390509],[4.206625656261238,50.79412507896318],[4.207739672840122,50.78516801518267],[4.19359724983304,50.784456317062535]]]]}},{"type":"Feature","id":"3913000-3081000-1000","properties":{"cellId":"3913000-3081000-1000","municipality":"Halle","population":118,"sideM":1000,"areaKm2":1,"densityPerHa":1.18,"renderClass":"under-5"},"geometry":{"type":"MultiPolygon","coordinates":[[[[4.218850690982633,50.69559545566939],[4.2177419685390225,50.70455286953142],[4.231860623332074,50.70526143050371],[4.232966667226843,50.696303860845006],[4.218850690982633,50.69559545566939]]]]}},{"type":"Feature","id":"3913000-3087000-1000","properties":{"cellId":"3913000-3087000-1000","municipality":"Halle","population":109,"sideM":1000,"areaKm2":1,"densityPerHa":1.09,"renderClass":"under-5"},"geometry":{"type":"MultiPolygon","coordinates":[[[[4.212190432326159,50.74933941156558],[4.2110785377521545,50.75829661483472],[4.225213290275537,50.75900611219099],[4.226322498742969,50.75004875266665],[4.212190432326159,50.74933941156558]]]]}},{"type":"Feature","id":"3913000-3088000-1000","properties":{"cellId":"3913000-3088000-1000","municipality":"Sint-Pieters-Leeuw","population":113,"sideM":1000,"areaKm2":1,"densityPerHa":1.13,"renderClass":"under-5"},"geometry":{"type":"MultiPolygon","coordinates":[[[[4.2110785377521545,50.75829661483472],[4.20996611322195,50.76725378316374],[4.22410355311449,50.76796343685179],[4.225213290275537,50.75900611219099],[4.2110785377521545,50.75829661483472]]]]}},{"type":"Feature","id":"3913000-3089000-1000","properties":{"cellId":"3913000-3089000-1000","municipality":"Sint-Pieters-Leeuw","population":22,"sideM":1000,"areaKm2":1,"densityPerHa":0.22,"renderClass":"under-5"},"geometry":{"type":"MultiPolygon","coordinates":[[[[4.20996611322195,50.76725378316374],[4.208853158372425,50.77621091659795],[4.22299328689755,50.77692072669445],[4.22410355311449,50.76796343685179],[4.20996611322195,50.76725378316374]]]]}},{"type":"Feature","id":"3913000-3091000-1000","properties":{"cellId":"3913000-3091000-1000","municipality":"Sint-Pieters-Leeuw","population":13,"sideM":1000,"areaKm2":1,"densityPerHa":0.13,"renderClass":"under-5"},"geometry":{"type":"MultiPolygon","coordinates":[[[[4.207739672840122,50.78516801518267],[4.206625656261238,50.79412507896318],[4.220771165845215,50.794835202106746],[4.221882491262107,50.78587798176432],[4.207739672840122,50.78516801518267]]]]}},{"type":"Feature","id":"3913000-3093000-1000","properties":{"cellId":"3913000-3093000-1000","municipality":"Sint-Pieters-Leeuw","population":180,"sideM":1000,"areaKm2":1,"densityPerHa":1.8,"renderClass":"under-5"},"geometry":{"type":"MultiPolygon","coordinates":[[[[4.205511108271645,50.803082107984785],[4.204396028506867,50.812039102292765],[4.218546924213605,50.81274953879064],[4.219659310283588,50.803792387767075],[4.205511108271645,50.803082107984785]]]]}},{"type":"Feature","id":"3914000-3080000-1000","properties":{"cellId":"3914000-3080000-1000","municipality":"Halle","population":1255,"sideM":1000,"areaKm2":1,"densityPerHa":12.55,"renderClass":"5-15"},"geometry":{"type":"MultiPolygon","coordinates":[[[[4.234072184954554,50.68734625600494],[4.232966667226843,50.696303860845006],[4.247083035095721,50.69701053815555],[4.248185875247748,50.68805277796919],[4.234072184954554,50.68734625600494]]]]}},{"type":"Feature","id":"3914000-3081000-1000","properties":{"cellId":"3914000-3081000-1000","municipality":"Halle","population":477,"sideM":1000,"areaKm2":1,"densityPerHa":4.77,"renderClass":"under-5"},"geometry":{"type":"MultiPolygon","coordinates":[[[[4.232966667226843,50.696303860845006],[4.231860623332074,50.70526143050371],[4.24597967003357,50.70596826323661],[4.247083035095721,50.69701053815555],[4.232966667226843,50.696303860845006]]]]}},{"type":"Feature","id":"3914000-3087000-1000","properties":{"cellId":"3914000-3087000-1000","municipality":"Sint-Pieters-Leeuw","population":153,"sideM":1000,"areaKm2":1,"densityPerHa":1.53,"renderClass":"under-5"},"geometry":{"type":"MultiPolygon","coordinates":[[[[4.226322498742969,50.75004875266665],[4.225213290275537,50.75900611219099],[4.239348436415522,50.759713879058104],[4.240454958491031,50.750756363654006],[4.226322498742969,50.75004875266665]]]]}},{"type":"Feature","id":"3914000-3088000-1000","properties":{"cellId":"3914000-3088000-1000","municipality":"Sint-Pieters-Leeuw","population":368,"sideM":1000,"areaKm2":1,"densityPerHa":3.68,"renderClass":"under-5"},"geometry":{"type":"MultiPolygon","coordinates":[[[[4.225213290275537,50.75900611219099],[4.22410355311449,50.76796343685179],[4.238241386909243,50.76867135967512],[4.239348436415522,50.759713879058104],[4.225213290275537,50.75900611219099]]]]}},{"type":"Feature","id":"3914000-3090000-1000","properties":{"cellId":"3914000-3090000-1000","municipality":"Sint-Pieters-Leeuw","population":135,"sideM":1000,"areaKm2":1,"densityPerHa":1.35,"renderClass":"under-5"},"geometry":{"type":"MultiPolygon","coordinates":[[[[4.22299328689755,50.77692072669445],[4.221882491262107,50.78587798176432],[4.236025704158329,50.78658621672953],[4.237133809610769,50.77762880555047],[4.22299328689755,50.77692072669445]]]]}},{"type":"Feature","id":"3914000-3091000-1000","properties":{"cellId":"3914000-3091000-1000","municipality":"Sint-Pieters-Leeuw","population":28,"sideM":1000,"areaKm2":1,"densityPerHa":0.28,"renderClass":"under-5"},"geometry":{"type":"MultiPolygon","coordinates":[[[[4.221882491262107,50.78587798176432],[4.220771165845215,50.794835202106746],[4.234917070189833,50.79554359325774],[4.236025704158329,50.78658621672953],[4.221882491262107,50.78587798176432]]]]}},{"type":"Feature","id":"3914000-3094000-1000","properties":{"cellId":"3914000-3094000-1000","municipality":"Sint-Pieters-Leeuw","population":312,"sideM":1000,"areaKm2":1,"densityPerHa":3.12,"renderClass":"under-5"},"geometry":{"type":"MultiPolygon","coordinates":[[[[4.218546924213605,50.81274953879064],[4.217434007271311,50.82170665522275],[4.231587993561981,50.82241551539109],[4.232698215254597,50.81345824254314],[4.218546924213605,50.81274953879064]]]]}},{"type":"Feature","id":"3915000-3081000-1000","properties":{"cellId":"3915000-3081000-1000","municipality":"Halle","population":290,"sideM":1000,"areaKm2":1,"densityPerHa":2.9,"renderClass":"under-5"},"geometry":{"type":"MultiPolygon","coordinates":[[[[4.247083035095721,50.69701053815555],[4.24597967003357,50.70596826323661],[4.260099107708644,50.70667336765288],[4.261199793655067,50.69771548752384],[4.247083035095721,50.69701053815555]]]]}},{"type":"Feature","id":"3915000-3087000-1000","properties":{"cellId":"3915000-3087000-1000","municipality":"Sint-Pieters-Leeuw","population":397,"sideM":1000,"areaKm2":1,"densityPerHa":3.97,"renderClass":"under-5"},"geometry":{"type":"MultiPolygon","coordinates":[[[[4.240454958491031,50.750756363654006],[4.239348436415522,50.759713879058104],[4.253483975233241,50.76041991535848],[4.2545878106321435,50.75146224445007],[4.240454958491031,50.750756363654006]]]]}},{"type":"Feature","id":"3915000-3091000-1000","properties":{"cellId":"3915000-3091000-1000","municipality":"Sint-Pieters-Leeuw","population":148,"sideM":1000,"areaKm2":1,"densityPerHa":1.48,"renderClass":"under-5"},"geometry":{"type":"MultiPolygon","coordinates":[[[[4.236025704158329,50.78658621672953],[4.234917070189833,50.79554359325774],[4.249063368353546,50.79625025233832],[4.250169310587909,50.787292720000515],[4.236025704158329,50.78658621672953]]]]}},{"type":"Feature","id":"3915000-3092000-1000","properties":{"cellId":"3915000-3092000-1000","municipality":"Sint-Pieters-Leeuw","population":147,"sideM":1000,"areaKm2":1,"densityPerHa":1.47,"renderClass":"under-5"},"geometry":{"type":"MultiPolygon","coordinates":[[[[4.234917070189833,50.79554359325774],[4.233807907342847,50.804500935180485],[4.247956898507199,50.805207750147105],[4.249063368353546,50.79625025233832],[4.234917070189833,50.79554359325774]]]]}},{"type":"Feature","id":"3916000-3081000-1000","properties":{"cellId":"3916000-3081000-1000","municipality":"Halle","population":68,"sideM":1000,"areaKm2":1,"densityPerHa":0.68,"renderClass":"under-5"},"geometry":{"type":"MultiPolygon","coordinates":[[[[4.261199793655067,50.69771548752384],[4.260099107708644,50.70667336765288],[4.274218935422224,50.707376743675404],[4.275316941970475,50.698418708872815],[4.261199793655067,50.69771548752384]]]]}},{"type":"Feature","id":"3916000-3082000-1000","properties":{"cellId":"3916000-3082000-1000","municipality":"Halle","population":189,"sideM":1000,"areaKm2":1,"densityPerHa":1.89,"renderClass":"under-5"},"geometry":{"type":"MultiPolygon","coordinates":[[[[4.260099107708644,50.70667336765288],[4.258997897751038,50.71563121279802],[4.273120406121086,50.71633474356982],[4.274218935422224,50.707376743675404],[4.260099107708644,50.70667336765288]]]]}},{"type":"Feature","id":"3916000-3087000-1000","properties":{"cellId":"3916000-3087000-1000","municipality":"Sint-Pieters-Leeuw","population":775,"sideM":1000,"areaKm2":1,"densityPerHa":7.75,"renderClass":"5-15"},"geometry":{"type":"MultiPolygon","coordinates":[[[[4.2545878106321435,50.75146224445007],[4.253483975233241,50.76041991535848],[4.26761990578962,50.76112422101468],[4.268721054227903,50.75216639497748],[4.2545878106321435,50.75146224445007]]]]}},{"type":"Feature","id":"3916000-3088000-1000","properties":{"cellId":"3916000-3088000-1000","municipality":"Beersel","population":378,"sideM":1000,"areaKm2":1,"densityPerHa":3.78,"renderClass":"under-5"},"geometry":{"type":"MultiPolygon","coordinates":[[[[4.253483975233241,50.76041991535848],[4.252379613666676,50.769377551556055],[4.266518232447045,50.77008201241711],[4.26761990578962,50.76112422101468],[4.253483975233241,50.76041991535848]]]]}},{"type":"Feature","id":"3916000-3089000-1000","properties":{"cellId":"3916000-3089000-1000","municipality":"Sint-Pieters-Leeuw","population":198,"sideM":1000,"areaKm2":1,"densityPerHa":1.98,"renderClass":"under-5"},"geometry":{"type":"MultiPolygon","coordinates":[[[[4.252379613666676,50.769377551556055],[4.25127472557187,50.77833515308824],[4.265416033840448,50.779039769230245],[4.266518232447045,50.77008201241711],[4.252379613666676,50.769377551556055]]]]}},{"type":"Feature","id":"3917000-3082000-1000","properties":{"cellId":"3917000-3082000-1000","municipality":"Halle","population":19,"sideM":1000,"areaKm2":1,"densityPerHa":0.19,"renderClass":"under-5"},"geometry":{"type":"MultiPolygon","coordinates":[[[[4.274218935422224,50.707376743675404],[4.273120406121086,50.71633474356982],[4.287243303876403,50.7170365454963],[4.288339152239036,50.70807839122728],[4.274218935422224,50.707376743675404]]]]}},{"type":"Feature","id":"3917000-3093000-1000","properties":{"cellId":"3917000-3093000-1000","municipality":"Sint-Pieters-Leeuw","population":303,"sideM":1000,"areaKm2":1,"densityPerHa":3.03,"renderClass":"under-5"},"geometry":{"type":"MultiPolygon","coordinates":[[[[4.262106282834226,50.80591283258921],[4.261001979567566,50.81487045150035],[4.275154450953141,50.815573956549684],[4.276256059381289,50.80661618242927],[4.262106282834226,50.80591283258921]]]]}},{"type":"Feature","id":"3918000-3082000-1000","properties":{"cellId":"3918000-3082000-1000","municipality":"Halle","population":121,"sideM":1000,"areaKm2":1,"densityPerHa":1.21,"renderClass":"under-5"},"geometry":{"type":"MultiPolygon","coordinates":[[[[4.288339152239036,50.70807839122728],[4.287243303876403,50.7170365454963],[4.301366590080851,50.717736618500716],[4.302459757223602,50.70877831023184],[4.288339152239036,50.70807839122728]]]]}},{"type":"Feature","id":"3918000-3085000-1000","properties":{"cellId":"3918000-3085000-1000","municipality":"Beersel","population":298,"sideM":1000,"areaKm2":1,"densityPerHa":2.98,"renderClass":"under-5"},"geometry":{"type":"MultiPolygon","coordinates":[[[[4.28505004124023,50.7349527497191],[4.283952626251911,50.74391079976413],[4.298083963677337,50.74461133522093],[4.299178693664259,50.73565313094958],[4.28505004124023,50.7349527497191]]]]}},{"type":"Feature","id":"3918000-3086000-1000","properties":{"cellId":"3918000-3086000-1000","municipality":"Beersel","population":161,"sideM":1000,"areaKm2":1,"densityPerHa":1.61,"renderClass":"under-5"},"geometry":{"type":"MultiPolygon","coordinates":[[[[4.283952626251911,50.74391079976413],[4.2828546883396985,50.75286881515905],[4.2969887120287185,50.75356950491778],[4.298083963677337,50.74461133522093],[4.283952626251911,50.74391079976413]]]]}},{"type":"Feature","id":"3918000-3089000-1000","properties":{"cellId":"3918000-3089000-1000","municipality":"Beersel","population":382,"sideM":1000,"areaKm2":1,"densityPerHa":3.82,"renderClass":"under-5"},"geometry":{"type":"MultiPolygon","coordinates":[[[[4.280657242310403,50.770784742180986],[4.279557733475885,50.77974265389914],[4.293699823537351,50.780443807017726],[4.294796642316591,50.77148574077053],[4.280657242310403,50.770784742180986]]]]}},{"type":"Feature","id":"3919000-3082000-1000","properties":{"cellId":"3919000-3082000-1000","municipality":"Beersel","population":164,"sideM":1000,"areaKm2":1,"densityPerHa":1.64,"renderClass":"under-5"},"geometry":{"type":"MultiPolygon","coordinates":[[[[4.302459757223602,50.70877831023184],[4.301366590080851,50.717736618500716],[4.31549026379808,50.71843496250646],[4.316580749440245,50.70947650061253],[4.302459757223602,50.70877831023184]]]]}},{"type":"Feature","id":"3919000-3086000-1000","properties":{"cellId":"3919000-3086000-1000","municipality":"Beersel","population":93,"sideM":1000,"areaKm2":1,"densityPerHa":0.93,"renderClass":"under-5"},"geometry":{"type":"MultiPolygon","coordinates":[[[[4.298083963677337,50.74461133522093],[4.2969887120287185,50.75356950491778],[4.311123124355944,50.75426846417685],[4.312215689459224,50.74531014055361],[4.298083963677337,50.74461133522093]]]]}},{"type":"Feature","id":"3919000-3088000-1000","properties":{"cellId":"3919000-3088000-1000","municipality":"Beersel","population":668,"sideM":1000,"areaKm2":1,"densityPerHa":6.68,"renderClass":"5-15"},"geometry":{"type":"MultiPolygon","coordinates":[[[[4.295892938361038,50.762527640085764],[4.294796642316591,50.77148574077053],[4.3089364315252645,50.77218500810887],[4.310030038496909,50.76322675334671],[4.295892938361038,50.762527640085764]]]]}},{"type":"Feature","id":"3919000-3090000-1000","properties":{"cellId":"3919000-3090000-1000","municipality":"Sint-Pieters-Leeuw","population":2403,"sideM":1000,"areaKm2":1,"densityPerHa":24.03,"renderClass":"15-30"},"geometry":{"type":"MultiPolygon","coordinates":[[[[4.293699823537351,50.780443807017726],[4.292602481664951,50.78940183887295],[4.306747652815089,50.79010141459281],[4.307842303083828,50.781143228509],[4.293699823537351,50.780443807017726]]]]}},{"type":"Feature","id":"3919000-3092000-1000","properties":{"cellId":"3919000-3092000-1000","municipality":"Sint-Pieters-Leeuw","population":428,"sideM":1000,"areaKm2":1,"densityPerHa":4.28,"renderClass":"under-5"},"geometry":{"type":"MultiPolygon","coordinates":[[[[4.291504616340696,50.79835983638181],[4.290406227205554,50.80731779958993],[4.30455678536398,50.80801768399403],[4.305652480361197,50.79905956640593],[4.291504616340696,50.79835983638181]]]]}},{"type":"Feature","id":"3920000-3083000-1000","properties":{"cellId":"3920000-3083000-1000","municipality":"Sint-Genesius-Rode","population":264,"sideM":1000,"areaKm2":1,"densityPerHa":2.64,"renderClass":"under-5"},"geometry":{"type":"MultiPolygon","coordinates":[[[[4.31549026379808,50.71843496250646],[4.314399258824264,50.727393389764124],[4.32852600215853,50.728090158020066],[4.32961432409154,50.719131577437146],[4.31549026379808,50.71843496250646]]]]}},{"type":"Feature","id":"3920000-3087000-1000","properties":{"cellId":"3920000-3087000-1000","municipality":"Beersel","population":589,"sideM":1000,"areaKm2":1,"densityPerHa":5.89,"renderClass":"5-15"},"geometry":{"type":"MultiPolygon","coordinates":[[[[4.311123124355944,50.75426846417685],[4.310030038496909,50.76322675334671],[4.3241675266131,50.76392413565561],[4.325257924382153,50.75496569285964],[4.311123124355944,50.75426846417685]]]]}},{"type":"Feature","id":"3920000-3090000-1000","properties":{"cellId":"3920000-3090000-1000","municipality":"Drogenbos","population":3240,"sideM":1000,"areaKm2":1,"densityPerHa":32.4,"renderClass":"30-60"},"geometry":{"type":"MultiPolygon","coordinates":[[[[4.307842303083828,50.781143228509],[4.306747652815089,50.79010141459281],[4.320893212791117,50.79079925823227],[4.32198517117408,50.78184091829618],[4.307842303083828,50.781143228509]]]]}},{"type":"Feature","id":"3922000-3083000-1000","properties":{"cellId":"3922000-3083000-1000","municipality":"Sint-Genesius-Rode","population":20,"sideM":1000,"areaKm2":1,"densityPerHa":0.2,"renderClass":"under-5"},"geometry":{"type":"MultiPolygon","coordinates":[[[[4.343738770024478,50.71982646321652],[4.342653131411906,50.72878519674966],[4.3567806456467775,50.72947850587677],[4.357863600659946,50.720519619768595],[4.343738770024478,50.71982646321652]]]]}},{"type":"Feature","id":"3922000-3084000-1000","properties":{"cellId":"3922000-3084000-1000","municipality":"Sint-Genesius-Rode","population":82,"sideM":1000,"areaKm2":1,"densityPerHa":0.82,"renderClass":"under-5"},"geometry":{"type":"MultiPolygon","coordinates":[[[[4.342653131411906,50.72878519674966],[4.341566975634454,50.73774389584236],[4.355697174730268,50.73843735761927],[4.3567806456467775,50.72947850587677],[4.342653131411906,50.72878519674966]]]]}},{"type":"Feature","id":"3922000-3087000-1000","properties":{"cellId":"3922000-3087000-1000","municipality":"Linkebeek","population":161,"sideM":1000,"areaKm2":1,"densityPerHa":1.61,"renderClass":"under-5"},"geometry":{"type":"MultiPolygon","coordinates":[[[[4.339393111167921,50.75566119088969],[4.338305401769516,50.764619786935945],[4.352443663025864,50.7653137071114],[4.3535286837736225,50.756354958190734],[4.339393111167921,50.75566119088969]]]]}},{"type":"Feature","id":"3923000-3084000-1000","properties":{"cellId":"3923000-3084000-1000","municipality":"Sint-Genesius-Rode","population":856,"sideM":1000,"areaKm2":1,"densityPerHa":8.56,"renderClass":"5-15"},"geometry":{"type":"MultiPolygon","coordinates":[[[[4.3567806456467775,50.72947850587677],[4.355697174730268,50.73843735761927],[4.369827758148303,50.73912908934241],[4.370908543925318,50.7301700853255],[4.3567806456467775,50.72947850587677]]]]}},{"type":"Feature","id":"3925000-3086000-1000","properties":{"cellId":"3925000-3086000-1000","municipality":"Sint-Genesius-Rode","population":577,"sideM":1000,"areaKm2":1,"densityPerHa":5.77,"renderClass":"5-15"},"geometry":{"type":"MultiPolygon","coordinates":[[[[4.382880110859121,50.748778212681174],[4.381800982685306,50.75773730030163],[4.395937707111025,50.75842587495989],[4.397014147063082,50.749466635667346],[4.382880110859121,50.748778212681174]]]]}},{"type":"Feature","id":"3925000-3087000-1000","properties":{"cellId":"3925000-3087000-1000","municipality":"Sint-Genesius-Rode","population":214,"sideM":1000,"areaKm2":1,"densityPerHa":2.14,"renderClass":"under-5"},"geometry":{"type":"MultiPolygon","coordinates":[[[[4.381800982685306,50.75773730030163],[4.380721340076147,50.7666963538433],[4.394860753988481,50.76738508024803],[4.395937707111025,50.75842587495989],[4.381800982685306,50.75773730030163]]]]}},{"type":"Feature","id":"3926000-3085000-1000","properties":{"cellId":"3926000-3085000-1000","municipality":"Sint-Genesius-Rode","population":173,"sideM":1000,"areaKm2":1,"densityPerHa":1.73,"renderClass":"under-5"},"geometry":{"type":"MultiPolygon","coordinates":[[[[4.398090074196079,50.74050736232442],[4.397014147063082,50.749466635667346],[4.411148565049392,50.750153327997225],[4.412221804947835,50.741193903432276],[4.398090074196079,50.74050736232442]]]]}},{"type":"Feature","id":"3905000-3083500-500","properties":{"cellId":"3905000-3083500-500","municipality":"Pepingen","population":92,"sideM":500,"areaKm2":0.25,"densityPerHa":3.68,"renderClass":"under-5"},"geometry":{"type":"MultiPolygon","coordinates":[[[[4.110170432931361,50.71261786555467],[4.103110731650897,50.712256338330775],[4.1025450560641215,50.71673437506397],[4.109605427096592,50.71709594205228],[4.110170432931361,50.71261786555467]]]]}},{"type":"Feature","id":"3905500-3083500-500","properties":{"cellId":"3905500-3083500-500","municipality":"Pepingen","population":37,"sideM":500,"areaKm2":0.25,"densityPerHa":1.48,"renderClass":"under-5"},"geometry":{"type":"MultiPolygon","coordinates":[[[[4.110170432931361,50.71261786555467],[4.109605427096592,50.71709594205228],[4.116665898235598,50.71745707695971],[4.117230234282107,50.71297896074446],[4.110170432931361,50.71261786555467]]]]}},{"type":"Feature","id":"3909000-3085000-500","properties":{"cellId":"3909000-3085000-500","municipality":"Pepingen","population":36,"sideM":500,"areaKm2":0.25,"densityPerHa":1.44,"renderClass":"under-5"},"geometry":{"type":"MultiPolygon","coordinates":[[[[4.1579097874477835,50.72857149266505],[4.157349070596988,50.733049819648926],[4.1644122502770164,50.73340804794261],[4.164972296615017,50.7289296815397],[4.1579097874477835,50.72857149266505]]]]}},{"type":"Feature","id":"3909000-3085500-500","properties":{"cellId":"3909000-3085500-500","municipality":"Pepingen","population":100,"sideM":500,"areaKm2":0.25,"densityPerHa":4,"renderClass":"under-5"},"geometry":{"type":"MultiPolygon","coordinates":[[[[4.1644122502770164,50.73340804794261],[4.157349070596988,50.733049819648926],[4.156788220223925,50.73752813779254],[4.163852070574171,50.73788640551488],[4.1644122502770164,50.73340804794261]]]]}},{"type":"Feature","id":"3909500-3085000-500","properties":{"cellId":"3909500-3085000-500","municipality":"Pepingen","population":71,"sideM":500,"areaKm2":0.25,"densityPerHa":2.84,"renderClass":"under-5"},"geometry":{"type":"MultiPolygon","coordinates":[[[[4.164972296615017,50.7289296815397],[4.1644122502770164,50.73340804794261],[4.171475529236691,50.733765843936254],[4.172034905025921,50.72928743816115],[4.164972296615017,50.7289296815397]]]]}},{"type":"Feature","id":"3909500-3085500-500","properties":{"cellId":"3909500-3085500-500","municipality":"Pepingen","population":25,"sideM":500,"areaKm2":0.25,"densityPerHa":1,"renderClass":"under-5"},"geometry":{"type":"MultiPolygon","coordinates":[[[[4.1644122502770164,50.73340804794261],[4.163852070574171,50.73788640551488],[4.170916020240046,50.73824424089037],[4.171475529236691,50.733765843936254],[4.1644122502770164,50.73340804794261]]]]}},{"type":"Feature","id":"3910000-3085000-500","properties":{"cellId":"3910000-3085000-500","municipality":"Pepingen","population":26,"sideM":500,"areaKm2":0.25,"densityPerHa":1.04,"renderClass":"under-5"},"geometry":{"type":"MultiPolygon","coordinates":[[[[4.172034905025921,50.72928743816115],[4.171475529236691,50.733765843936254],[4.178538907358978,50.73412320762007],[4.17909761256351,50.729644762519634],[4.172034905025921,50.72928743816115]]]]}},{"type":"Feature","id":"3910000-3085500-500","properties":{"cellId":"3910000-3085500-500","municipality":"Pepingen","population":23,"sideM":500,"areaKm2":0.25,"densityPerHa":0.92,"renderClass":"under-5"},"geometry":{"type":"MultiPolygon","coordinates":[[[[4.178538907358978,50.73412320762007],[4.171475529236691,50.733765843936254],[4.170916020240046,50.73824424089037],[4.177980069104483,50.73860164390918],[4.178538907358978,50.73412320762007]]]]}},{"type":"Feature","id":"3910000-3086000-500","properties":{"cellId":"3910000-3086000-500","municipality":"Pepingen","population":69,"sideM":500,"areaKm2":0.25,"densityPerHa":2.76,"renderClass":"under-5"},"geometry":{"type":"MultiPolygon","coordinates":[[[[4.170916020240046,50.73824424089037],[4.170356377990401,50.74272262902916],[4.177421097754485,50.74308007139257],[4.177980069104483,50.73860164390918],[4.170916020240046,50.73824424089037]]]]}},{"type":"Feature","id":"3910000-3086500-500","properties":{"cellId":"3910000-3086500-500","municipality":"Pepingen","population":29,"sideM":500,"areaKm2":0.25,"densityPerHa":1.16,"renderClass":"under-5"},"geometry":{"type":"MultiPolygon","coordinates":[[[[4.177421097754485,50.74308007139257],[4.170356377990401,50.74272262902916],[4.169796602442134,50.747201008358246],[4.176861993263428,50.74755849007592],[4.177421097754485,50.74308007139257]]]]}},{"type":"Feature","id":"3910000-3090000-500","properties":{"cellId":"3910000-3090000-500","municipality":"Pepingen","population":151,"sideM":500,"areaKm2":0.25,"densityPerHa":6.04,"renderClass":"5-15"},"geometry":{"type":"MultiPolygon","coordinates":[[[[4.166435147324577,50.77407109964551],[4.165874437407047,50.77854941746486],[4.172944530044818,50.77890717493244],[4.173504567800763,50.77442881769129],[4.166435147324577,50.77407109964551]]]]}},{"type":"Feature","id":"3910000-3090500-500","properties":{"cellId":"3910000-3090500-500","municipality":"Pepingen","population":50,"sideM":500,"areaKm2":0.25,"densityPerHa":2,"renderClass":"under-5"},"geometry":{"type":"MultiPolygon","coordinates":[[[[4.172944530044818,50.77890717493244],[4.165874437407047,50.77854941746486],[4.1653135938252355,50.78302772651968],[4.172384358782572,50.78338552341872],[4.172944530044818,50.77890717493244]]]]}},{"type":"Feature","id":"3910500-3085000-500","properties":{"cellId":"3910500-3085000-500","municipality":"Pepingen","population":35,"sideM":500,"areaKm2":0.25,"densityPerHa":1.4,"renderClass":"under-5"},"geometry":{"type":"MultiPolygon","coordinates":[[[[4.17909761256351,50.729644762519634],[4.178538907358978,50.73412320762007],[4.185602384526841,50.73448013898431],[4.1861604191107915,50.73000165460536],[4.17909761256351,50.729644762519634]]]]}},{"type":"Feature","id":"3910500-3085500-500","properties":{"cellId":"3910500-3085500-500","municipality":"Pepingen","population":65,"sideM":500,"areaKm2":0.25,"densityPerHa":2.6,"renderClass":"under-5"},"geometry":{"type":"MultiPolygon","coordinates":[[[[4.178538907358978,50.73412320762007],[4.177980069104483,50.73860164390918],[4.185044217050398,50.73895861456152],[4.185602384526841,50.73448013898431],[4.178538907358978,50.73412320762007]]]]}},{"type":"Feature","id":"3910500-3086500-500","properties":{"cellId":"3910500-3086500-500","municipality":"Pepingen","population":64,"sideM":500,"areaKm2":0.25,"densityPerHa":2.56,"renderClass":"under-5"},"geometry":{"type":"MultiPolygon","coordinates":[[[[4.177421097754485,50.74308007139257],[4.176861993263428,50.74755849007592],[4.183927483238056,50.74791553933337],[4.184485916635972,50.74343708134264],[4.177421097754485,50.74308007139257]]]]}},{"type":"Feature","id":"3910500-3090000-500","properties":{"cellId":"3910500-3090000-500","municipality":"Pepingen","population":15,"sideM":500,"areaKm2":0.25,"densityPerHa":0.6,"renderClass":"under-5"},"geometry":{"type":"MultiPolygon","coordinates":[[[[4.173504567800763,50.77442881769129],[4.172944530044818,50.77890717493244],[4.180014722087941,50.77926449961131],[4.18057408764625,50.77478610299531],[4.173504567800763,50.77442881769129]]]]}},{"type":"Feature","id":"3910500-3090500-500","properties":{"cellId":"3910500-3090500-500","municipality":"Pepingen","population":64,"sideM":500,"areaKm2":0.25,"densityPerHa":2.56,"renderClass":"under-5"},"geometry":{"type":"MultiPolygon","coordinates":[[[[4.172944530044818,50.77890717493244],[4.172384358782572,50.78338552341872],[4.179455223181328,50.783742887482106],[4.180014722087941,50.77926449961131],[4.172944530044818,50.77890717493244]]]]}},{"type":"Feature","id":"3911000-3083000-500","properties":{"cellId":"3911000-3083000-500","municipality":"Halle","population":48,"sideM":500,"areaKm2":0.25,"densityPerHa":1.92,"renderClass":"under-5"},"geometry":{"type":"MultiPolygon","coordinates":[[[[4.188391229430636,50.71208762895916],[4.187833725962221,50.71656614860158],[4.1948946203772755,50.7169224907675],[4.195451453818669,50.71244393193182],[4.188391229430636,50.71208762895916]]]]}},{"type":"Feature","id":"3911000-3083500-500","properties":{"cellId":"3911000-3083500-500","municipality":"Halle","population":173,"sideM":500,"areaKm2":0.25,"densityPerHa":6.92,"renderClass":"5-15"},"geometry":{"type":"MultiPolygon","coordinates":[[[[4.1948946203772755,50.7169224907675],[4.187833725962221,50.71656614860158],[4.187276089783049,50.721044659419654],[4.194337654382392,50.72140104078841],[4.1948946203772755,50.7169224907675]]]]}},{"type":"Feature","id":"3911500-3083000-500","properties":{"cellId":"3911500-3083000-500","municipality":"Halle","population":192,"sideM":500,"areaKm2":0.25,"densityPerHa":7.68,"renderClass":"5-15"},"geometry":{"type":"MultiPolygon","coordinates":[[[[4.195451453818669,50.71244393193182],[4.1948946203772755,50.7169224907675],[4.201955613460671,50.71727840078163],[4.202511776839309,50.71279980279954],[4.195451453818669,50.71244393193182]]]]}},{"type":"Feature","id":"3912000-3083000-500","properties":{"cellId":"3912000-3083000-500","municipality":"Halle","population":129,"sideM":500,"areaKm2":0.25,"densityPerHa":5.16,"renderClass":"5-15"},"geometry":{"type":"MultiPolygon","coordinates":[[[[4.202511776839309,50.71279980279954],[4.201955613460671,50.71727840078163],[4.209016705095496,50.71763387863428],[4.209572198375682,50.71315524155257],[4.202511776839309,50.71279980279954]]]]}},{"type":"Feature","id":"3912500-3083000-500","properties":{"cellId":"3912500-3083000-500","municipality":"Halle","population":762,"sideM":500,"areaKm2":0.25,"densityPerHa":30.48,"renderClass":"30-60"},"geometry":{"type":"MultiPolygon","coordinates":[[[[4.209572198375682,50.71315524155257],[4.209016705095496,50.71763387863428],[4.216077895164828,50.71798892431572],[4.216632718310909,50.71351024818122],[4.209572198375682,50.71315524155257]]]]}},{"type":"Feature","id":"3913000-3082000-500","properties":{"cellId":"3913000-3082000-500","municipality":"Halle","population":88,"sideM":500,"areaKm2":0.25,"densityPerHa":3.52,"renderClass":"under-5"},"geometry":{"type":"MultiPolygon","coordinates":[[[[4.2177419685390225,50.70455286953142],[4.21718740942059,50.709031563255],[4.224247357625338,50.70938609875312],[4.224801246888571,50.70490736604264],[4.2177419685390225,50.70455286953142]]]]}},{"type":"Feature","id":"3913000-3082500-500","properties":{"cellId":"3913000-3082500-500","municipality":"Halle","population":458,"sideM":500,"areaKm2":0.25,"densityPerHa":18.32,"renderClass":"15-30"},"geometry":{"type":"MultiPolygon","coordinates":[[[[4.224247357625338,50.70938609875312],[4.21718740942059,50.709031563255],[4.216632718310909,50.71351024818122],[4.223693336528089,50.71386482267573],[4.224247357625338,50.70938609875312]]]]}},{"type":"Feature","id":"3913000-3083500-500","properties":{"cellId":"3913000-3083500-500","municipality":"Halle","population":239,"sideM":500,"areaKm2":0.25,"densityPerHa":9.56,"renderClass":"5-15"},"geometry":{"type":"MultiPolygon","coordinates":[[[[4.223139183551729,50.71834353781621],[4.216077895164828,50.71798892431572],[4.2155229399371805,50.722467591664184],[4.222584898651135,50.7228222441802],[4.223139183551729,50.71834353781621]]]]}},{"type":"Feature","id":"3913000-3084000-500","properties":{"cellId":"3913000-3084000-500","municipality":"Halle","population":35,"sideM":500,"areaKm2":0.25,"densityPerHa":1.4,"renderClass":"under-5"},"geometry":{"type":"MultiPolygon","coordinates":[[[[4.2155229399371805,50.722467591664184],[4.214967852582769,50.72694625023227],[4.222030481781174,50.72730094177336],[4.222584898651135,50.7228222441802],[4.2155229399371805,50.722467591664184]]]]}},{"type":"Feature","id":"3913000-3084500-500","properties":{"cellId":"3913000-3084500-500","municipality":"Halle","population":85,"sideM":500,"areaKm2":0.25,"densityPerHa":3.4,"renderClass":"under-5"},"geometry":{"type":"MultiPolygon","coordinates":[[[[4.222030481781174,50.72730094177336],[4.214967852582769,50.72694625023227],[4.214412633056386,50.73142490002565],[4.221475932896686,50.731779630601395],[4.222030481781174,50.72730094177336]]]]}},{"type":"Feature","id":"3913000-3085000-500","properties":{"cellId":"3913000-3085000-500","municipality":"Halle","population":72,"sideM":500,"areaKm2":0.25,"densityPerHa":2.88,"renderClass":"under-5"},"geometry":{"type":"MultiPolygon","coordinates":[[[[4.214412633056386,50.73142490002565],[4.2138572813128015,50.73590354105001],[4.220921251952487,50.73625831066993],[4.221475932896686,50.731779630601395],[4.214412633056386,50.73142490002565]]]]}},{"type":"Feature","id":"3913000-3085500-500","properties":{"cellId":"3913000-3085500-500","municipality":"Halle","population":157,"sideM":500,"areaKm2":0.25,"densityPerHa":6.28,"renderClass":"5-15"},"geometry":{"type":"MultiPolygon","coordinates":[[[[4.220921251952487,50.73625831066993],[4.2138572813128015,50.73590354105001],[4.213301797306754,50.74038217331101],[4.220366438903381,50.74073698198468],[4.220921251952487,50.73625831066993]]]]}},{"type":"Feature","id":"3913000-3086500-500","properties":{"cellId":"3913000-3086500-500","municipality":"Halle","population":69,"sideM":500,"areaKm2":0.25,"densityPerHa":2.76,"renderClass":"under-5"},"geometry":{"type":"MultiPolygon","coordinates":[[[[4.219811493704142,50.74521564455131],[4.212746180992971,50.744860796814315],[4.212190432326159,50.74933941156558],[4.219256416309528,50.74969429837548],[4.219811493704142,50.74521564455131]]]]}},{"type":"Feature","id":"3913000-3090000-500","properties":{"cellId":"3913000-3090000-500","municipality":"Sint-Pieters-Leeuw","population":33,"sideM":500,"areaKm2":0.25,"densityPerHa":1.32,"renderClass":"under-5"},"geometry":{"type":"MultiPolygon","coordinates":[[[[4.208853158372425,50.77621091659795],[4.208296481964351,50.78068947024366],[4.215367169271917,50.7810446308321],[4.215923173302721,50.7765660380464],[4.208853158372425,50.77621091659795]]]]}},{"type":"Feature","id":"3913000-3090500-500","properties":{"cellId":"3913000-3090500-500","municipality":"Sint-Pieters-Leeuw","population":52,"sideM":500,"areaKm2":0.25,"densityPerHa":2.08,"renderClass":"under-5"},"geometry":{"type":"MultiPolygon","coordinates":[[[[4.215367169271917,50.7810446308321],[4.208296481964351,50.78068947024366],[4.207739672840122,50.78516801518267],[4.214811032683039,50.78552321492067],[4.215367169271917,50.7810446308321]]]]}},{"type":"Feature","id":"3913000-3092000-500","properties":{"cellId":"3913000-3092000-500","municipality":"Sint-Pieters-Leeuw","population":28,"sideM":500,"areaKm2":0.25,"densityPerHa":1.12,"renderClass":"under-5"},"geometry":{"type":"MultiPolygon","coordinates":[[[[4.206625656261238,50.79412507896318],[4.20606844871555,50.79860359781602],[4.213141827113529,50.798958915060396],[4.213698361649308,50.79448035702917],[4.206625656261238,50.79412507896318]]]]}},{"type":"Feature","id":"3913000-3092500-500","properties":{"cellId":"3913000-3092500-500","municipality":"Sint-Pieters-Leeuw","population":34,"sideM":500,"areaKm2":0.25,"densityPerHa":1.36,"renderClass":"under-5"},"geometry":{"type":"MultiPolygon","coordinates":[[[[4.213141827113529,50.798958915060396],[4.20606844871555,50.79860359781602],[4.205511108271645,50.803082107984785],[4.212585159837821,50.80343746441717],[4.213141827113529,50.798958915060396]]]]}},{"type":"Feature","id":"3913500-3082500-500","properties":{"cellId":"3913500-3082500-500","municipality":"Halle","population":84,"sideM":500,"areaKm2":0.25,"densityPerHa":3.36,"renderClass":"under-5"},"geometry":{"type":"MultiPolygon","coordinates":[[[[4.224247357625338,50.70938609875312],[4.223693336528089,50.71386482267573],[4.230754052910315,50.71421896502649],[4.231307403959578,50.70974020215425],[4.224247357625338,50.70938609875312]]]]}},{"type":"Feature","id":"3913500-3083000-500","properties":{"cellId":"3913500-3083000-500","municipality":"Halle","population":111,"sideM":500,"areaKm2":0.25,"densityPerHa":4.44,"renderClass":"under-5"},"geometry":{"type":"MultiPolygon","coordinates":[[[[4.223693336528089,50.71386482267573],[4.223139183551729,50.71834353781621],[4.230200570139242,50.71869771912609],[4.230754052910315,50.71421896502649],[4.223693336528089,50.71386482267573]]]]}},{"type":"Feature","id":"3913500-3083500-500","properties":{"cellId":"3913500-3083500-500","municipality":"Halle","population":395,"sideM":500,"areaKm2":0.25,"densityPerHa":15.8,"renderClass":"15-30"},"geometry":{"type":"MultiPolygon","coordinates":[[[[4.223139183551729,50.71834353781621],[4.222584898651135,50.7228222441802],[4.229646955601296,50.72317646445876],[4.230200570139242,50.71869771912609],[4.223139183551729,50.71834353781621]]]]}},{"type":"Feature","id":"3913500-3084000-500","properties":{"cellId":"3913500-3084000-500","municipality":"Halle","population":178,"sideM":500,"areaKm2":0.25,"densityPerHa":7.12,"renderClass":"5-15"},"geometry":{"type":"MultiPolygon","coordinates":[[[[4.222584898651135,50.7228222441802],[4.222030481781174,50.72730094177336],[4.229093209251386,50.72765520103013],[4.229646955601296,50.72317646445876],[4.222584898651135,50.7228222441802]]]]}},{"type":"Feature","id":"3913500-3084500-500","properties":{"cellId":"3913500-3084500-500","municipality":"Halle","population":494,"sideM":500,"areaKm2":0.25,"densityPerHa":19.76,"renderClass":"15-30"},"geometry":{"type":"MultiPolygon","coordinates":[[[[4.222030481781174,50.72730094177336],[4.221475932896686,50.731779630601395],[4.22853933104441,50.73213392884594],[4.229093209251386,50.72765520103013],[4.222030481781174,50.72730094177336]]]]}},{"type":"Feature","id":"3913500-3085000-500","properties":{"cellId":"3913500-3085000-500","municipality":"Halle","population":222,"sideM":500,"areaKm2":0.25,"densityPerHa":8.88,"renderClass":"5-15"},"geometry":{"type":"MultiPolygon","coordinates":[[[[4.221475932896686,50.731779630601395],[4.220921251952487,50.73625831066993],[4.2279853209352405,50.73661264791182],[4.22853933104441,50.73213392884594],[4.221475932896686,50.731779630601395]]]]}},{"type":"Feature","id":"3913500-3085500-500","properties":{"cellId":"3913500-3085500-500","municipality":"Halle","population":263,"sideM":500,"areaKm2":0.25,"densityPerHa":10.52,"renderClass":"5-15"},"geometry":{"type":"MultiPolygon","coordinates":[[[[4.220921251952487,50.73625831066993],[4.220366438903381,50.74073698198468],[4.227431178878725,50.74109135823344],[4.2279853209352405,50.73661264791182],[4.220921251952487,50.73625831066993]]]]}},{"type":"Feature","id":"3913500-3090000-500","properties":{"cellId":"3913500-3090000-500","municipality":"Sint-Pieters-Leeuw","population":78,"sideM":500,"areaKm2":0.25,"densityPerHa":3.12,"renderClass":"under-5"},"geometry":{"type":"MultiPolygon","coordinates":[[[[4.215923173302721,50.7765660380464],[4.215367169271917,50.7810446308321],[4.222437955279818,50.781399358573154],[4.22299328689755,50.77692072669445],[4.215923173302721,50.7765660380464]]]]}},{"type":"Feature","id":"3913500-3090500-500","properties":{"cellId":"3913500-3090500-500","municipality":"Sint-Pieters-Leeuw","population":50,"sideM":500,"areaKm2":0.25,"densityPerHa":2,"renderClass":"under-5"},"geometry":{"type":"MultiPolygon","coordinates":[[[[4.215367169271917,50.7810446308321],[4.214811032683039,50.78552321492067],[4.221882491262107,50.78587798176432],[4.222437955279818,50.781399358573154],[4.215367169271917,50.7810446308321]]]]}},{"type":"Feature","id":"3913500-3092000-500","properties":{"cellId":"3913500-3092000-500","municipality":"Sint-Pieters-Leeuw","population":120,"sideM":500,"areaKm2":0.25,"densityPerHa":4.8,"renderClass":"under-5"},"geometry":{"type":"MultiPolygon","coordinates":[[[[4.213698361649308,50.79448035702917],[4.213141827113529,50.798958915060396],[4.220215304355211,50.79931379926934],[4.220771165845215,50.794835202106746],[4.213698361649308,50.79448035702917]]]]}},{"type":"Feature","id":"3913500-3092500-500","properties":{"cellId":"3913500-3092500-500","municipality":"Sint-Pieters-Leeuw","population":13,"sideM":500,"areaKm2":0.25,"densityPerHa":0.52,"renderClass":"under-5"},"geometry":{"type":"MultiPolygon","coordinates":[[[[4.213141827113529,50.798958915060396],[4.212585159837821,50.80343746441717],[4.219659310283588,50.803792387767075],[4.220215304355211,50.79931379926934],[4.213141827113529,50.798958915060396]]]]}},{"type":"Feature","id":"3914000-3082000-500","properties":{"cellId":"3914000-3082000-500","municipality":"Halle","population":35,"sideM":500,"areaKm2":0.25,"densityPerHa":1.4,"renderClass":"under-5"},"geometry":{"type":"MultiPolygon","coordinates":[[[[4.231860623332074,50.70526143050371],[4.231307403959578,50.70974020215425],[4.238367548306428,50.710093873448734],[4.2389200977526915,50.70561506290494],[4.231860623332074,50.70526143050371]]]]}},{"type":"Feature","id":"3914000-3082500-500","properties":{"cellId":"3914000-3082500-500","municipality":"Halle","population":265,"sideM":500,"areaKm2":0.25,"densityPerHa":10.6,"renderClass":"5-15"},"geometry":{"type":"MultiPolygon","coordinates":[[[[4.238367548306428,50.710093873448734],[4.231307403959578,50.70974020215425],[4.230754052910315,50.71421896502649],[4.237814867340665,50.71457267522374],[4.238367548306428,50.710093873448734]]]]}},{"type":"Feature","id":"3914000-3083000-500","properties":{"cellId":"3914000-3083000-500","municipality":"Halle","population":116,"sideM":500,"areaKm2":0.25,"densityPerHa":4.64,"renderClass":"under-5"},"geometry":{"type":"MultiPolygon","coordinates":[[[[4.230754052910315,50.71421896502649],[4.230200570139242,50.71869771912609],[4.23726205481041,50.71905146823567],[4.237814867340665,50.71457267522374],[4.230754052910315,50.71421896502649]]]]}},{"type":"Feature","id":"3914000-3083500-500","properties":{"cellId":"3914000-3083500-500","municipality":"Halle","population":255,"sideM":500,"areaKm2":0.25,"densityPerHa":10.2,"renderClass":"5-15"},"geometry":{"type":"MultiPolygon","coordinates":[[[[4.23726205481041,50.71905146823567],[4.230200570139242,50.71869771912609],[4.229646955601296,50.72317646445876],[4.236709110670653,50.723530252490164],[4.23726205481041,50.71905146823567]]]]}},{"type":"Feature","id":"3914000-3084000-500","properties":{"cellId":"3914000-3084000-500","municipality":"Halle","population":218,"sideM":500,"areaKm2":0.25,"densityPerHa":8.72,"renderClass":"5-15"},"geometry":{"type":"MultiPolygon","coordinates":[[[[4.229646955601296,50.72317646445876],[4.229093209251386,50.72765520103013],[4.236156034876357,50.72800902799293],[4.236709110670653,50.723530252490164],[4.229646955601296,50.72317646445876]]]]}},{"type":"Feature","id":"3914000-3084500-500","properties":{"cellId":"3914000-3084500-500","municipality":"Halle","population":662,"sideM":500,"areaKm2":0.25,"densityPerHa":26.48,"renderClass":"15-30"},"geometry":{"type":"MultiPolygon","coordinates":[[[[4.236156034876357,50.72800902799293],[4.229093209251386,50.72765520103013],[4.22853933104441,50.73213392884594],[4.235602827382474,50.732487794749645],[4.236156034876357,50.72800902799293]]]]}},{"type":"Feature","id":"3914000-3086500-500","properties":{"cellId":"3914000-3086500-500","municipality":"Halle","population":65,"sideM":500,"areaKm2":0.25,"densityPerHa":2.6,"renderClass":"under-5"},"geometry":{"type":"MultiPolygon","coordinates":[[[[4.233942414252429,50.74592404260016],[4.226876904829699,50.745570059816494],[4.226322498742969,50.75004875266665],[4.233388679509228,50.750402774429396],[4.233942414252429,50.74592404260016]]]]}},{"type":"Feature","id":"3914000-3089000-500","properties":{"cellId":"3914000-3089000-500","municipality":"Sint-Pieters-Leeuw","population":31,"sideM":500,"areaKm2":0.25,"densityPerHa":1.24,"renderClass":"under-5"},"geometry":{"type":"MultiPolygon","coordinates":[[[[4.22410355311449,50.76796343685179],[4.223548486160662,50.77244208612256],[4.230618026011742,50.77279630292404],[4.231172420832806,50.7683176146264],[4.22410355311449,50.76796343685179]]]]}},{"type":"Feature","id":"3914000-3089500-500","properties":{"cellId":"3914000-3089500-500","municipality":"Sint-Pieters-Leeuw","population":12,"sideM":500,"areaKm2":0.25,"densityPerHa":0.48,"renderClass":"under-5"},"geometry":{"type":"MultiPolygon","coordinates":[[[[4.230618026011742,50.77279630292404],[4.223548486160662,50.77244208612256],[4.22299328689755,50.77692072669445],[4.230063499039405,50.777274982532376],[4.230618026011742,50.77279630292404]]]]}},{"type":"Feature","id":"3914000-3092000-500","properties":{"cellId":"3914000-3092000-500","municipality":"Sint-Pieters-Leeuw","population":40,"sideM":500,"areaKm2":0.25,"densityPerHa":1.6,"renderClass":"under-5"},"geometry":{"type":"MultiPolygon","coordinates":[[[[4.220771165845215,50.794835202106746],[4.220215304355211,50.79931379926934],[4.227288880322882,50.79966825043311],[4.227844068731287,50.795189614186185],[4.220771165845215,50.794835202106746]]]]}},{"type":"Feature","id":"3914000-3092500-500","properties":{"cellId":"3914000-3092500-500","municipality":"Sint-Pieters-Leeuw","population":56,"sideM":500,"areaKm2":0.25,"densityPerHa":2.24,"renderClass":"under-5"},"geometry":{"type":"MultiPolygon","coordinates":[[[[4.227288880322882,50.79966825043311],[4.220215304355211,50.79931379926934],[4.219659310283588,50.803792387767075],[4.226733559491186,50.80414687802476],[4.227288880322882,50.79966825043311]]]]}},{"type":"Feature","id":"3914000-3093000-500","properties":{"cellId":"3914000-3093000-500","municipality":"Sint-Pieters-Leeuw","population":96,"sideM":500,"areaKm2":0.25,"densityPerHa":3.84,"renderClass":"under-5"},"geometry":{"type":"MultiPolygon","coordinates":[[[[4.219659310283588,50.803792387767075],[4.219103183584879,50.80827096760564],[4.226178106190783,50.80862549696682],[4.226733559491186,50.80414687802476],[4.219659310283588,50.803792387767075]]]]}},{"type":"Feature","id":"3914000-3093500-500","properties":{"cellId":"3914000-3093500-500","municipality":"Sint-Pieters-Leeuw","population":57,"sideM":500,"areaKm2":0.25,"densityPerHa":2.28,"renderClass":"under-5"},"geometry":{"type":"MultiPolygon","coordinates":[[[[4.226178106190783,50.80862549696682],[4.219103183584879,50.80827096760564],[4.218546924213605,50.81274953879064],[4.2256225203762465,50.81310410726494],[4.226178106190783,50.80862549696682]]]]}},{"type":"Feature","id":"3914500-3082500-500","properties":{"cellId":"3914500-3082500-500","municipality":"Halle","population":19,"sideM":500,"areaKm2":0.25,"densityPerHa":0.76,"renderClass":"under-5"},"geometry":{"type":"MultiPolygon","coordinates":[[[[4.238367548306428,50.710093873448734],[4.237814867340665,50.71457267522374],[4.244875779702203,50.71492595325786],[4.245427790548995,50.71044711262687],[4.238367548306428,50.710093873448734]]]]}},{"type":"Feature","id":"3914500-3083000-500","properties":{"cellId":"3914500-3083000-500","municipality":"Halle","population":24,"sideM":500,"areaKm2":0.25,"densityPerHa":0.96,"renderClass":"under-5"},"geometry":{"type":"MultiPolygon","coordinates":[[[[4.237814867340665,50.71457267522374],[4.23726205481041,50.71905146823567],[4.244323637448253,50.719404785135254],[4.244875779702203,50.71492595325786],[4.237814867340665,50.71457267522374]]]]}},{"type":"Feature","id":"3914500-3086000-500","properties":{"cellId":"3914500-3086000-500","municipality":"Halle","population":647,"sideM":500,"areaKm2":0.25,"densityPerHa":25.88,"renderClass":"15-30"},"geometry":{"type":"MultiPolygon","coordinates":[[[[4.234496017115612,50.74144530204756],[4.233942414252429,50.74592404260016],[4.2410080218551,50.74627759289259],[4.241560953496862,50.741798813417375],[4.234496017115612,50.74144530204756]]]]}},{"type":"Feature","id":"3914500-3086500-500","properties":{"cellId":"3914500-3086500-500","municipality":"Halle","population":121,"sideM":500,"areaKm2":0.25,"densityPerHa":4.84,"renderClass":"under-5"},"geometry":{"type":"MultiPolygon","coordinates":[[[[4.233942414252429,50.74592404260016],[4.233388679509228,50.750402774429396],[4.240454958491031,50.750756363654006],[4.2410080218551,50.74627759289259],[4.233942414252429,50.74592404260016]]]]}},{"type":"Feature","id":"3914500-3089000-500","properties":{"cellId":"3914500-3089000-500","municipality":"Sint-Pieters-Leeuw","population":40,"sideM":500,"areaKm2":0.25,"densityPerHa":1.6,"renderClass":"under-5"},"geometry":{"type":"MultiPolygon","coordinates":[[[[4.231172420832806,50.7683176146264],[4.230618026011742,50.77279630292404],[4.237687664256634,50.77315008695267],[4.238241386909243,50.76867135967512],[4.231172420832806,50.7683176146264]]]]}},{"type":"Feature","id":"3914500-3089500-500","properties":{"cellId":"3914500-3089500-500","municipality":"Sint-Pieters-Leeuw","population":129,"sideM":500,"areaKm2":0.25,"densityPerHa":5.16,"renderClass":"5-15"},"geometry":{"type":"MultiPolygon","coordinates":[[[[4.230618026011742,50.77279630292404],[4.230063499039405,50.777274982532376],[4.237133809610769,50.77762880555047],[4.237687664256634,50.77315008695267],[4.230618026011742,50.77279630292404]]]]}},{"type":"Feature","id":"3914500-3092000-500","properties":{"cellId":"3914500-3092000-500","municipality":"Sint-Pieters-Leeuw","population":54,"sideM":500,"areaKm2":0.25,"densityPerHa":2.16,"renderClass":"under-5"},"geometry":{"type":"MultiPolygon","coordinates":[[[[4.227844068731287,50.795189614186185],[4.227288880322882,50.79966825043311],[4.234362554898816,50.80002226854197],[4.234917070189833,50.79554359325774],[4.227844068731287,50.795189614186185]]]]}},{"type":"Feature","id":"3914500-3092500-500","properties":{"cellId":"3914500-3092500-500","municipality":"Sint-Pieters-Leeuw","population":113,"sideM":500,"areaKm2":0.25,"densityPerHa":4.52,"renderClass":"under-5"},"geometry":{"type":"MultiPolygon","coordinates":[[[[4.227288880322882,50.79966825043311],[4.226733559491186,50.80414687802476],[4.233807907342847,50.804500935180485],[4.234362554898816,50.80002226854197],[4.227288880322882,50.79966825043311]]]]}},{"type":"Feature","id":"3915000-3082000-500","properties":{"cellId":"3915000-3082000-500","municipality":"Halle","population":259,"sideM":500,"areaKm2":0.25,"densityPerHa":10.36,"renderClass":"5-15"},"geometry":{"type":"MultiPolygon","coordinates":[[[[4.24597967003357,50.70596826323661],[4.245427790548995,50.71044711262687],[4.252488130570374,50.71079991967905],[4.25303934005785,50.706321031489146],[4.24597967003357,50.70596826323661]]]]}},{"type":"Feature","id":"3915000-3082500-500","properties":{"cellId":"3915000-3082500-500","municipality":"Halle","population":54,"sideM":500,"areaKm2":0.25,"densityPerHa":2.16,"renderClass":"under-5"},"geometry":{"type":"MultiPolygon","coordinates":[[[[4.252488130570374,50.71079991967905],[4.245427790548995,50.71044711262687],[4.244875779702203,50.71492595325786],[4.251936789877981,50.71527879911917],[4.252488130570374,50.71079991967905]]]]}},{"type":"Feature","id":"3915000-3083000-500","properties":{"cellId":"3915000-3083000-500","municipality":"Halle","population":21,"sideM":500,"areaKm2":0.25,"densityPerHa":0.84,"renderClass":"under-5"},"geometry":{"type":"MultiPolygon","coordinates":[[[[4.244875779702203,50.71492595325786],[4.244323637448253,50.719404785135254],[4.251385317935783,50.7197576698152],[4.251936789877981,50.71527879911917],[4.244875779702203,50.71492595325786]]]]}},{"type":"Feature","id":"3915000-3086000-500","properties":{"cellId":"3915000-3086000-500","municipality":"Halle","population":615,"sideM":500,"areaKm2":0.25,"densityPerHa":24.6,"renderClass":"15-30"},"geometry":{"type":"MultiPolygon","coordinates":[[[[4.241560953496862,50.741798813417375],[4.2410080218551,50.74627759289259],[4.248073727520479,50.74663071068413],[4.248625987905271,50.74215189233319],[4.241560953496862,50.741798813417375]]]]}},{"type":"Feature","id":"3915000-3086500-500","properties":{"cellId":"3915000-3086500-500","municipality":"Halle","population":21,"sideM":500,"areaKm2":0.25,"densityPerHa":0.84,"renderClass":"under-5"},"geometry":{"type":"MultiPolygon","coordinates":[[[[4.248073727520479,50.74663071068413],[4.2410080218551,50.74627759289259],[4.240454958491031,50.750756363654006],[4.2475213355711015,50.751109520330786],[4.248073727520479,50.74663071068413]]]]}},{"type":"Feature","id":"3915000-3088000-500","properties":{"cellId":"3915000-3088000-500","municipality":"Sint-Pieters-Leeuw","population":69,"sideM":500,"areaKm2":0.25,"densityPerHa":2.76,"renderClass":"under-5"},"geometry":{"type":"MultiPolygon","coordinates":[[[[4.239348436415522,50.759713879058104],[4.238794977613812,50.76419262371216],[4.245863369884816,50.76454589710189],[4.246416156798354,50.76006711353399],[4.239348436415522,50.759713879058104]]]]}},{"type":"Feature","id":"3915000-3088500-500","properties":{"cellId":"3915000-3088500-500","municipality":"Sint-Pieters-Leeuw","population":105,"sideM":500,"areaKm2":0.25,"densityPerHa":4.2,"renderClass":"under-5"},"geometry":{"type":"MultiPolygon","coordinates":[[[[4.245863369884816,50.76454589710189],[4.238794977613812,50.76419262371216],[4.238241386909243,50.76867135967512],[4.245310451226355,50.76902467198824],[4.245863369884816,50.76454589710189]]]]}},{"type":"Feature","id":"3915000-3089000-500","properties":{"cellId":"3915000-3089000-500","municipality":"Sint-Pieters-Leeuw","population":152,"sideM":500,"areaKm2":0.25,"densityPerHa":6.08,"renderClass":"5-15"},"geometry":{"type":"MultiPolygon","coordinates":[[[[4.238241386909243,50.76867135967512],[4.237687664256634,50.77315008695267],[4.2447574007778375,50.77350343819871],[4.245310451226355,50.76902467198824],[4.238241386909243,50.76867135967512]]]]}},{"type":"Feature","id":"3915000-3090000-500","properties":{"cellId":"3915000-3090000-500","municipality":"Sint-Pieters-Leeuw","population":394,"sideM":500,"areaKm2":0.25,"densityPerHa":15.76,"renderClass":"15-30"},"geometry":{"type":"MultiPolygon","coordinates":[[[[4.237133809610769,50.77762880555047],[4.236579822926417,50.782107515474195],[4.243650904329978,50.78246094461473],[4.244204218494105,50.77798219573897],[4.237133809610769,50.77762880555047]]]]}},{"type":"Feature","id":"3915000-3090500-500","properties":{"cellId":"3915000-3090500-500","municipality":"Sint-Pieters-Leeuw","population":113,"sideM":500,"areaKm2":0.25,"densityPerHa":4.52,"renderClass":"under-5"},"geometry":{"type":"MultiPolygon","coordinates":[[[[4.243650904329978,50.78246094461473],[4.236579822926417,50.782107515474195],[4.236025704158329,50.78658621672953],[4.243097458240262,50.78693968483166],[4.243650904329978,50.78246094461473]]]]}},{"type":"Feature","id":"3915000-3093000-500","properties":{"cellId":"3915000-3093000-500","municipality":"Sint-Pieters-Leeuw","population":298,"sideM":500,"areaKm2":0.25,"densityPerHa":11.92,"renderClass":"5-15"},"geometry":{"type":"MultiPolygon","coordinates":[[[[4.233807907342847,50.804500935180485],[4.233253127476564,50.808979593179],[4.240328247324399,50.8093332562324],[4.2408823537207825,50.80485455922451],[4.233807907342847,50.804500935180485]]]]}},{"type":"Feature","id":"3915000-3093500-500","properties":{"cellId":"3915000-3093500-500","municipality":"Sint-Pieters-Leeuw","population":187,"sideM":500,"areaKm2":0.25,"densityPerHa":7.48,"renderClass":"5-15"},"geometry":{"type":"MultiPolygon","coordinates":[[[[4.240328247324399,50.8093332562324],[4.233253127476564,50.808979593179],[4.232698215254597,50.81345824254314],[4.239774008730791,50.8138119446155],[4.240328247324399,50.8093332562324]]]]}},{"type":"Feature","id":"3915000-3094000-500","properties":{"cellId":"3915000-3094000-500","municipality":"Sint-Pieters-Leeuw","population":131,"sideM":500,"areaKm2":0.25,"densityPerHa":5.24,"renderClass":"5-15"},"geometry":{"type":"MultiPolygon","coordinates":[[[[4.232698215254597,50.81345824254314],[4.232143170631543,50.81793688327863],[4.2392196378946165,50.818290624379514],[4.239774008730791,50.8138119446155],[4.232698215254597,50.81345824254314]]]]}},{"type":"Feature","id":"3915500-3082000-500","properties":{"cellId":"3915500-3082000-500","municipality":"Halle","population":49,"sideM":500,"areaKm2":0.25,"densityPerHa":1.96,"renderClass":"under-5"},"geometry":{"type":"MultiPolygon","coordinates":[[[[4.25303934005785,50.706321031489146],[4.252488130570374,50.71079991967905],[4.259548568253642,50.71115229459558],[4.260099107708644,50.70667336765288],[4.25303934005785,50.706321031489146]]]]}},{"type":"Feature","id":"3915500-3082500-500","properties":{"cellId":"3915500-3082500-500","municipality":"Halle","population":443,"sideM":500,"areaKm2":0.25,"densityPerHa":17.72,"renderClass":"15-30"},"geometry":{"type":"MultiPolygon","coordinates":[[[[4.252488130570374,50.71079991967905],[4.251936789877981,50.71527879911917],[4.258997897751038,50.71563121279802],[4.259548568253642,50.71115229459558],[4.252488130570374,50.71079991967905]]]]}},{"type":"Feature","id":"3915500-3084000-500","properties":{"cellId":"3915500-3084000-500","municipality":"Halle","population":648,"sideM":500,"areaKm2":0.25,"densityPerHa":25.92,"renderClass":"15-30"},"geometry":{"type":"MultiPolygon","coordinates":[[[[4.250833714698875,50.72423653177284],[4.250281980122327,50.72871538499779],[4.257345099509167,50.72906791502052],[4.257896163423663,50.72458902300479],[4.250833714698875,50.72423653177284]]]]}},{"type":"Feature","id":"3915500-3084500-500","properties":{"cellId":"3915500-3084500-500","municipality":"Halle","population":123,"sideM":500,"areaKm2":0.25,"densityPerHa":4.92,"renderClass":"under-5"},"geometry":{"type":"MultiPolygon","coordinates":[[[[4.250281980122327,50.72871538499779],[4.249730114161192,50.73319422949569],[4.2567939043676075,50.73354679831872],[4.257345099509167,50.72906791502052],[4.250281980122327,50.72871538499779]]]]}},{"type":"Feature","id":"3915500-3086000-500","properties":{"cellId":"3915500-3086000-500","municipality":"Halle","population":532,"sideM":500,"areaKm2":0.25,"densityPerHa":21.28,"renderClass":"15-30"},"geometry":{"type":"MultiPolygon","coordinates":[[[[4.248625987905271,50.74215189233319],[4.248073727520479,50.74663071068413],[4.255139531131309,50.746983395965074],[4.255691120223629,50.7425045387853],[4.248625987905271,50.74215189233319]]]]}},{"type":"Feature","id":"3915500-3086500-500","properties":{"cellId":"3915500-3086500-500","municipality":"Halle","population":38,"sideM":500,"areaKm2":0.25,"densityPerHa":1.52,"renderClass":"under-5"},"geometry":{"type":"MultiPolygon","coordinates":[[[[4.248073727520479,50.74663071068413],[4.2475213355711015,50.751109520330786],[4.2545878106321435,50.75146224445007],[4.255139531131309,50.746983395965074],[4.248073727520479,50.74663071068413]]]]}},{"type":"Feature","id":"3915500-3088000-500","properties":{"cellId":"3915500-3088000-500","municipality":"Sint-Pieters-Leeuw","population":186,"sideM":500,"areaKm2":0.25,"densityPerHa":7.44,"renderClass":"5-15"},"geometry":{"type":"MultiPolygon","coordinates":[[[[4.246416156798354,50.76006711353399],[4.245863369884816,50.76454589710189],[4.252931860243444,50.76489873779328],[4.253483975233241,50.76041991535848],[4.246416156798354,50.76006711353399]]]]}},{"type":"Feature","id":"3915500-3090000-500","properties":{"cellId":"3915500-3090000-500","municipality":"Sint-Pieters-Leeuw","population":302,"sideM":500,"areaKm2":0.25,"densityPerHa":12.08,"renderClass":"5-15"},"geometry":{"type":"MultiPolygon","coordinates":[[[[4.244204218494105,50.77798219573897],[4.243650904329978,50.78246094461473],[4.250722083963603,50.78281394086901],[4.25127472557187,50.77833515308824],[4.244204218494105,50.77798219573897]]]]}},{"type":"Feature","id":"3915500-3093000-500","properties":{"cellId":"3915500-3093000-500","municipality":"Sint-Pieters-Leeuw","population":168,"sideM":500,"areaKm2":0.25,"densityPerHa":6.72,"renderClass":"5-15"},"geometry":{"type":"MultiPolygon","coordinates":[[[[4.2408823537207825,50.80485455922451],[4.240328247324399,50.8093332562324],[4.247403465616445,50.8096864861173],[4.247956898507199,50.805207750147105],[4.2408823537207825,50.80485455922451]]]]}},{"type":"Feature","id":"3915500-3093500-500","properties":{"cellId":"3915500-3093500-500","municipality":"Sint-Pieters-Leeuw","population":161,"sideM":500,"areaKm2":0.25,"densityPerHa":6.44,"renderClass":"5-15"},"geometry":{"type":"MultiPolygon","coordinates":[[[[4.240328247324399,50.8093332562324],[4.239774008730791,50.8138119446155],[4.246849900686947,50.81416521347229],[4.247403465616445,50.8096864861173],[4.240328247324399,50.8093332562324]]]]}},{"type":"Feature","id":"3916000-3084000-500","properties":{"cellId":"3916000-3084000-500","municipality":"Halle","population":24,"sideM":500,"areaKm2":0.25,"densityPerHa":0.96,"renderClass":"under-5"},"geometry":{"type":"MultiPolygon","coordinates":[[[[4.257896163423663,50.72458902300479],[4.257345099509167,50.72906791502052],[4.264408316582451,50.729420012710584],[4.264958709799501,50.72494108195093],[4.257896163423663,50.72458902300479]]]]}},{"type":"Feature","id":"3916000-3084500-500","properties":{"cellId":"3916000-3084500-500","municipality":"Halle","population":20,"sideM":500,"areaKm2":0.25,"densityPerHa":0.8,"renderClass":"under-5"},"geometry":{"type":"MultiPolygon","coordinates":[[[[4.264408316582451,50.729420012710584],[4.257345099509167,50.72906791502052],[4.2567939043676075,50.73354679831872],[4.26385779229588,50.73389893476221],[4.264408316582451,50.729420012710584]]]]}},{"type":"Feature","id":"3916000-3085500-500","properties":{"cellId":"3916000-3085500-500","municipality":"Halle","population":204,"sideM":500,"areaKm2":0.25,"densityPerHa":8.16,"renderClass":"5-15"},"geometry":{"type":"MultiPolygon","coordinates":[[[[4.263307136894933,50.73837784811148],[4.256242577954074,50.73802567290509],[4.255691120223629,50.7425045387853],[4.262756350334718,50.74285675276411],[4.263307136894933,50.73837784811148]]]]}},{"type":"Feature","id":"3916000-3086500-500","properties":{"cellId":"3916000-3086500-500","municipality":"Halle","population":343,"sideM":500,"areaKm2":0.25,"densityPerHa":13.72,"renderClass":"5-15"},"geometry":{"type":"MultiPolygon","coordinates":[[[[4.2622054325703305,50.74733564872577],[4.255139531131309,50.746983395965074],[4.2545878106321435,50.75146224445007],[4.261654383556851,50.75181453600218],[4.2622054325703305,50.74733564872577]]]]}},{"type":"Feature","id":"3916000-3090000-500","properties":{"cellId":"3916000-3090000-500","municipality":"Sint-Pieters-Leeuw","population":316,"sideM":500,"areaKm2":0.25,"densityPerHa":12.64,"renderClass":"5-15"},"geometry":{"type":"MultiPolygon","coordinates":[[[[4.25127472557187,50.77833515308824],[4.250722083963603,50.78281394086901],[4.257793361709694,50.78316650422736],[4.25834533072651,50.77868767758854],[4.25127472557187,50.77833515308824]]]]}},{"type":"Feature","id":"3916000-3090500-500","properties":{"cellId":"3916000-3090500-500","municipality":"Sint-Pieters-Leeuw","population":143,"sideM":500,"areaKm2":0.25,"densityPerHa":5.72,"renderClass":"5-15"},"geometry":{"type":"MultiPolygon","coordinates":[[[[4.257793361709694,50.78316650422736],[4.250722083963603,50.78281394086901],[4.250169310587909,50.787292720000515],[4.257241261083632,50.7876453222264],[4.257793361709694,50.78316650422736]]]]}},{"type":"Feature","id":"3916000-3091000-500","properties":{"cellId":"3916000-3091000-500","municipality":"Sint-Pieters-Leeuw","population":21,"sideM":500,"areaKm2":0.25,"densityPerHa":0.84,"renderClass":"under-5"},"geometry":{"type":"MultiPolygon","coordinates":[[[[4.250169310587909,50.787292720000515],[4.24961640539962,50.79177149048837],[4.256689028803203,50.792124131591365],[4.257241261083632,50.7876453222264],[4.250169310587909,50.787292720000515]]]]}},{"type":"Feature","id":"3916000-3091500-500","properties":{"cellId":"3916000-3091500-500","municipality":"Sint-Pieters-Leeuw","population":101,"sideM":500,"areaKm2":0.25,"densityPerHa":4.04,"renderClass":"under-5"},"geometry":{"type":"MultiPolygon","coordinates":[[[[4.256689028803203,50.792124131591365],[4.24961640539962,50.79177149048837],[4.249063368353546,50.79625025233832],[4.256136664823274,50.79660293232791],[4.256689028803203,50.792124131591365]]]]}},{"type":"Feature","id":"3916000-3092000-500","properties":{"cellId":"3916000-3092000-500","municipality":"Sint-Pieters-Leeuw","population":193,"sideM":500,"areaKm2":0.25,"densityPerHa":7.72,"renderClass":"5-15"},"geometry":{"type":"MultiPolygon","coordinates":[[[[4.249063368353546,50.79625025233832],[4.248510199404481,50.800729005555986],[4.255584169098697,50.80108172444175],[4.256136664823274,50.79660293232791],[4.249063368353546,50.79625025233832]]]]}},{"type":"Feature","id":"3916000-3092500-500","properties":{"cellId":"3916000-3092500-500","municipality":"Sint-Pieters-Leeuw","population":52,"sideM":500,"areaKm2":0.25,"densityPerHa":2.08,"renderClass":"under-5"},"geometry":{"type":"MultiPolygon","coordinates":[[[[4.255584169098697,50.80108172444175],[4.248510199404481,50.800729005555986],[4.247956898507199,50.805207750147105],[4.255031541584288,50.805560507938566],[4.255584169098697,50.80108172444175]]]]}},{"type":"Feature","id":"3916000-3093000-500","properties":{"cellId":"3916000-3093000-500","municipality":"Sint-Pieters-Leeuw","population":65,"sideM":500,"areaKm2":0.25,"densityPerHa":2.6,"renderClass":"under-5"},"geometry":{"type":"MultiPolygon","coordinates":[[[[4.247956898507199,50.805207750147105],[4.247403465616445,50.8096864861173],[4.254478782234852,50.81003928282402],[4.255031541584288,50.805560507938566],[4.247956898507199,50.805207750147105]]]]}},{"type":"Feature","id":"3916500-3083000-500","properties":{"cellId":"3916500-3083000-500","municipality":"Halle","population":127,"sideM":500,"areaKm2":0.25,"densityPerHa":5.08,"renderClass":"5-15"},"geometry":{"type":"MultiPolygon","coordinates":[[[[4.266059103204403,50.71598319428476],[4.265508971991879,50.72046214247756],[4.272570945326402,50.72081373044071],[4.273120406121086,50.71633474356982],[4.266059103204403,50.71598319428476]]]]}},{"type":"Feature","id":"3916500-3083500-500","properties":{"cellId":"3916500-3083500-500","municipality":"Halle","population":55,"sideM":500,"areaKm2":0.25,"densityPerHa":2.2,"renderClass":"under-5"},"geometry":{"type":"MultiPolygon","coordinates":[[[[4.265508971991879,50.72046214247756],[4.264958709799501,50.72494108195093],[4.272021353709316,50.72529270860165],[4.272570945326402,50.72081373044071],[4.265508971991879,50.72046214247756]]]]}},{"type":"Feature","id":"3916500-3084000-500","properties":{"cellId":"3916500-3084000-500","municipality":"Halle","population":18,"sideM":500,"areaKm2":0.25,"densityPerHa":0.72,"renderClass":"under-5"},"geometry":{"type":"MultiPolygon","coordinates":[[[[4.264958709799501,50.72494108195093],[4.264408316582451,50.729420012710584],[4.271471631225064,50.72977167805837],[4.272021353709316,50.72529270860165],[4.264958709799501,50.72494108195093]]]]}},{"type":"Feature","id":"3916500-3084500-500","properties":{"cellId":"3916500-3084500-500","municipality":"Halle","population":42,"sideM":500,"areaKm2":0.25,"densityPerHa":1.68,"renderClass":"under-5"},"geometry":{"type":"MultiPolygon","coordinates":[[[[4.264408316582451,50.729420012710584],[4.26385779229588,50.73389893476221],[4.270921777828853,50.734250638816505],[4.271471631225064,50.72977167805837],[4.264408316582451,50.729420012710584]]]]}},{"type":"Feature","id":"3916500-3085000-500","properties":{"cellId":"3916500-3085000-500","municipality":"Halle","population":396,"sideM":500,"areaKm2":0.25,"densityPerHa":15.84,"renderClass":"15-30"},"geometry":{"type":"MultiPolygon","coordinates":[[[[4.26385779229588,50.73389893476221],[4.263307136894933,50.73837784811148],[4.270371793475874,50.7387295908818],[4.270921777828853,50.734250638816505],[4.26385779229588,50.73389893476221]]]]}},{"type":"Feature","id":"3916500-3090000-500","properties":{"cellId":"3916500-3090000-500","municipality":"Sint-Pieters-Leeuw","population":34,"sideM":500,"areaKm2":0.25,"densityPerHa":1.36,"renderClass":"under-5"},"geometry":{"type":"MultiPolygon","coordinates":[[[[4.25834533072651,50.77868767758854],[4.257793361709694,50.78316650422736],[4.264864737450636,50.78351863468008],[4.265416033840448,50.779039769230245],[4.25834533072651,50.77868767758854]]]]}},{"type":"Feature","id":"3916500-3091000-500","properties":{"cellId":"3916500-3091000-500","municipality":"Sint-Pieters-Leeuw","population":66,"sideM":500,"areaKm2":0.25,"densityPerHa":2.64,"renderClass":"under-5"},"geometry":{"type":"MultiPolygon","coordinates":[[[[4.257241261083632,50.7876453222264],[4.256689028803203,50.792124131591365],[4.263761750272785,50.79247633969465],[4.264313309609768,50.78799749149966],[4.257241261083632,50.7876453222264]]]]}},{"type":"Feature","id":"3916500-3091500-500","properties":{"cellId":"3916500-3091500-500","municipality":"Sint-Pieters-Leeuw","population":16,"sideM":500,"areaKm2":0.25,"densityPerHa":0.64,"renderClass":"under-5"},"geometry":{"type":"MultiPolygon","coordinates":[[[[4.256689028803203,50.792124131591365],[4.256136664823274,50.79660293232791],[4.263210059394606,50.796955179270796],[4.263761750272785,50.79247633969465],[4.256689028803203,50.792124131591365]]]]}},{"type":"Feature","id":"3916500-3092500-500","properties":{"cellId":"3916500-3092500-500","municipality":"Sint-Pieters-Leeuw","population":46,"sideM":500,"areaKm2":0.25,"densityPerHa":1.84,"renderClass":"under-5"},"geometry":{"type":"MultiPolygon","coordinates":[[[[4.255584169098697,50.80108172444175],[4.255031541584288,50.805560507938566],[4.262106282834226,50.80591283258921],[4.262658236930124,50.801434010233756],[4.255584169098697,50.80108172444175]]]]}},{"type":"Feature","id":"3916500-3093000-500","properties":{"cellId":"3916500-3093000-500","municipality":"Sint-Pieters-Leeuw","population":46,"sideM":500,"areaKm2":0.25,"densityPerHa":1.84,"renderClass":"under-5"},"geometry":{"type":"MultiPolygon","coordinates":[[[[4.255031541584288,50.805560507938566],[4.254478782234852,50.81003928282402],[4.261554197061761,50.810391646342836],[4.262106282834226,50.80591283258921],[4.255031541584288,50.805560507938566]]]]}},{"type":"Feature","id":"3916500-3093500-500","properties":{"cellId":"3916500-3093500-500","municipality":"Sint-Pieters-Leeuw","population":62,"sideM":500,"areaKm2":0.25,"densityPerHa":2.48,"renderClass":"under-5"},"geometry":{"type":"MultiPolygon","coordinates":[[[[4.254478782234852,50.81003928282402],[4.253925891005176,50.81451804910383],[4.261001979567566,50.81487045150035],[4.261554197061761,50.810391646342836],[4.254478782234852,50.81003928282402]]]]}},{"type":"Feature","id":"3917000-3083000-500","properties":{"cellId":"3917000-3083000-500","municipality":"Halle","population":43,"sideM":500,"areaKm2":0.25,"densityPerHa":1.72,"renderClass":"under-5"},"geometry":{"type":"MultiPolygon","coordinates":[[[[4.273120406121086,50.71633474356982],[4.272570945326402,50.72081373044071],[4.279633016042525,50.72116488614566],[4.280181806384091,50.716685860643516],[4.273120406121086,50.71633474356982]]]]}},{"type":"Feature","id":"3917000-3083500-500","properties":{"cellId":"3917000-3083500-500","municipality":"Beersel","population":171,"sideM":500,"areaKm2":0.25,"densityPerHa":6.84,"renderClass":"5-15"},"geometry":{"type":"MultiPolygon","coordinates":[[[[4.279633016042525,50.72116488614566],[4.272570945326402,50.72081373044071],[4.272021353709316,50.72529270860165],[4.279084095036029,50.72564390294734],[4.279633016042525,50.72116488614566]]]]}},{"type":"Feature","id":"3917000-3084000-500","properties":{"cellId":"3917000-3084000-500","municipality":"Beersel","population":30,"sideM":500,"areaKm2":0.25,"densityPerHa":1.2,"renderClass":"under-5"},"geometry":{"type":"MultiPolygon","coordinates":[[[[4.272021353709316,50.72529270860165],[4.271471631225064,50.72977167805837],[4.278535043319885,50.73012291105422],[4.279084095036029,50.72564390294734],[4.272021353709316,50.72529270860165]]]]}},{"type":"Feature","id":"3917000-3085500-500","properties":{"cellId":"3917000-3085500-500","municipality":"Beersel","population":278,"sideM":500,"areaKm2":0.25,"densityPerHa":11.12,"renderClass":"5-15"},"geometry":{"type":"MultiPolygon","coordinates":[[[[4.277436547579696,50.739080901206414],[4.270371793475874,50.7387295908818],[4.2698216781212945,50.74320853425993],[4.27688710346611,50.743559883263146],[4.277436547579696,50.739080901206414]]]]}},{"type":"Feature","id":"3917000-3086500-500","properties":{"cellId":"3917000-3086500-500","municipality":"Beersel","population":322,"sideM":500,"areaKm2":0.25,"densityPerHa":12.88,"renderClass":"5-15"},"geometry":{"type":"MultiPolygon","coordinates":[[[[4.2763375284638085,50.74803885664788],[4.26927143172026,50.74768746895659],[4.268721054227903,50.75216639497748],[4.275787822527967,50.752517821366304],[4.2763375284638085,50.74803885664788]]]]}},{"type":"Feature","id":"3917000-3087000-500","properties":{"cellId":"3917000-3087000-500","municipality":"Beersel","population":69,"sideM":500,"areaKm2":0.25,"densityPerHa":2.76,"renderClass":"under-5"},"geometry":{"type":"MultiPolygon","coordinates":[[[[4.268721054227903,50.75216639497748],[4.268170545599329,50.75664531232827],[4.275237985613749,50.75699677742414],[4.275787822527967,50.752517821366304],[4.268721054227903,50.75216639497748]]]]}},{"type":"Feature","id":"3917000-3087500-500","properties":{"cellId":"3917000-3087500-500","municipality":"Beersel","population":77,"sideM":500,"areaKm2":0.25,"densityPerHa":3.08,"renderClass":"under-5"},"geometry":{"type":"MultiPolygon","coordinates":[[[[4.275237985613749,50.75699677742414],[4.268170545599329,50.75664531232827],[4.26761990578962,50.76112422101468],[4.27468801767629,50.76147572482708],[4.275237985613749,50.75699677742414]]]]}},{"type":"Feature","id":"3917000-3088000-500","properties":{"cellId":"3917000-3088000-500","municipality":"Beersel","population":74,"sideM":500,"areaKm2":0.25,"densityPerHa":2.96,"renderClass":"under-5"},"geometry":{"type":"MultiPolygon","coordinates":[[[[4.26761990578962,50.76112422101468],[4.267069134753843,50.76560312104239],[4.274137918670708,50.76595466358081],[4.27468801767629,50.76147572482708],[4.26761990578962,50.76112422101468]]]]}},{"type":"Feature","id":"3917000-3088500-500","properties":{"cellId":"3917000-3088500-500","municipality":"Beersel","population":515,"sideM":500,"areaKm2":0.25,"densityPerHa":20.6,"renderClass":"15-30"},"geometry":{"type":"MultiPolygon","coordinates":[[[[4.274137918670708,50.76595466358081],[4.267069134753843,50.76560312104239],[4.266518232447045,50.77008201241711],[4.273587688552102,50.77043359369101],[4.274137918670708,50.76595466358081]]]]}},{"type":"Feature","id":"3917000-3089000-500","properties":{"cellId":"3917000-3089000-500","municipality":"Beersel","population":230,"sideM":500,"areaKm2":0.25,"densityPerHa":9.2,"renderClass":"5-15"},"geometry":{"type":"MultiPolygon","coordinates":[[[[4.266518232447045,50.77008201241711],[4.265967198824246,50.774560895144496],[4.273037327275549,50.77491251516341],[4.273587688552102,50.77043359369101],[4.266518232447045,50.77008201241711]]]]}},{"type":"Feature","id":"3917000-3089500-500","properties":{"cellId":"3917000-3089500-500","municipality":"Sint-Pieters-Leeuw","population":29,"sideM":500,"areaKm2":0.25,"densityPerHa":1.16,"renderClass":"under-5"},"geometry":{"type":"MultiPolygon","coordinates":[[[[4.273037327275549,50.77491251516341],[4.265967198824246,50.774560895144496],[4.265416033840448,50.779039769230245],[4.272486834796104,50.77939142800367],[4.273037327275549,50.77491251516341]]]]}},{"type":"Feature","id":"3917000-3091000-500","properties":{"cellId":"3917000-3091000-500","municipality":"Sint-Pieters-Leeuw","population":183,"sideM":500,"areaKm2":0.25,"densityPerHa":7.32,"renderClass":"5-15"},"geometry":{"type":"MultiPolygon","coordinates":[[[[4.264313309609768,50.78799749149966],[4.263761750272785,50.79247633969465],[4.270834569690655,50.79282811478863],[4.271385456048654,50.78834922781058],[4.264313309609768,50.78799749149966]]]]}},{"type":"Feature","id":"3917000-3091500-500","properties":{"cellId":"3917000-3091500-500","municipality":"Sint-Pieters-Leeuw","population":47,"sideM":500,"areaKm2":0.25,"densityPerHa":1.88,"renderClass":"under-5"},"geometry":{"type":"MultiPolygon","coordinates":[[[[4.270834569690655,50.79282811478863],[4.263761750272785,50.79247633969465],[4.263210059394606,50.796955179270796],[4.270283551949779,50.79730699315731],[4.270834569690655,50.79282811478863]]]]}},{"type":"Feature","id":"3917000-3092000-500","properties":{"cellId":"3917000-3092000-500","municipality":"Sint-Pieters-Leeuw","population":244,"sideM":500,"areaKm2":0.25,"densityPerHa":9.76,"renderClass":"5-15"},"geometry":{"type":"MultiPolygon","coordinates":[[[[4.263210059394606,50.796955179270796],[4.262658236930124,50.801434010233756],[4.269732402780975,50.8017858629223],[4.270283551949779,50.79730699315731],[4.263210059394606,50.796955179270796]]]]}},{"type":"Feature","id":"3917000-3092500-500","properties":{"cellId":"3917000-3092500-500","municipality":"Sint-Pieters-Leeuw","population":26,"sideM":500,"areaKm2":0.25,"densityPerHa":1.04,"renderClass":"under-5"},"geometry":{"type":"MultiPolygon","coordinates":[[[[4.269732402780975,50.8017858629223],[4.262658236930124,50.801434010233756],[4.262106282834226,50.80591283258921],[4.269181122139174,50.806264724089324],[4.269732402780975,50.8017858629223]]]]}},{"type":"Feature","id":"3917500-3083000-500","properties":{"cellId":"3917500-3083000-500","municipality":"Halle","population":33,"sideM":500,"areaKm2":0.25,"densityPerHa":1.32,"renderClass":"under-5"},"geometry":{"type":"MultiPolygon","coordinates":[[[[4.280181806384091,50.716685860643516],[4.279633016042525,50.72116488614566],[4.286695184023196,50.721515609582845],[4.287243303876403,50.7170365454963],[4.280181806384091,50.716685860643516]]]]}},{"type":"Feature","id":"3917500-3083500-500","properties":{"cellId":"3917500-3083500-500","municipality":"Beersel","population":66,"sideM":500,"areaKm2":0.25,"densityPerHa":2.64,"renderClass":"under-5"},"geometry":{"type":"MultiPolygon","coordinates":[[[[4.279633016042525,50.72116488614566],[4.279084095036029,50.72564390294734],[4.286146933662544,50.72599466497836],[4.286695184023196,50.721515609582845],[4.279633016042525,50.72116488614566]]]]}},{"type":"Feature","id":"3917500-3084000-500","properties":{"cellId":"3917500-3084000-500","municipality":"Beersel","population":83,"sideM":500,"areaKm2":0.25,"densityPerHa":3.32,"renderClass":"under-5"},"geometry":{"type":"MultiPolygon","coordinates":[[[[4.279084095036029,50.72564390294734],[4.278535043319885,50.73012291105422],[4.285598552749782,50.73047371168854],[4.286146933662544,50.72599466497836],[4.279084095036029,50.72564390294734]]]]}},{"type":"Feature","id":"3917500-3084500-500","properties":{"cellId":"3917500-3084500-500","municipality":"Beersel","population":17,"sideM":500,"areaKm2":0.25,"densityPerHa":0.68,"renderClass":"under-5"},"geometry":{"type":"MultiPolygon","coordinates":[[[[4.278535043319885,50.73012291105422],[4.277985860849361,50.73460191047202],[4.28505004124023,50.7349527497191],[4.285598552749782,50.73047371168854],[4.278535043319885,50.73012291105422]]]]}},{"type":"Feature","id":"3917500-3085500-500","properties":{"cellId":"3917500-3085500-500","municipality":"Beersel","population":73,"sideM":500,"areaKm2":0.25,"densityPerHa":2.92,"renderClass":"under-5"},"geometry":{"type":"MultiPolygon","coordinates":[[[[4.277436547579696,50.739080901206414],[4.27688710346611,50.743559883263146],[4.283952626251911,50.74391079976413],[4.28450139908918,50.73943177907572],[4.277436547579696,50.739080901206414]]]]}},{"type":"Feature","id":"3917500-3086000-500","properties":{"cellId":"3917500-3086000-500","municipality":"Beersel","population":169,"sideM":500,"areaKm2":0.25,"densityPerHa":6.76,"renderClass":"5-15"},"geometry":{"type":"MultiPolygon","coordinates":[[[[4.27688710346611,50.743559883263146],[4.2763375284638085,50.74803885664788],[4.283403722683674,50.74838981178999],[4.283952626251911,50.74391079976413],[4.27688710346611,50.743559883263146]]]]}},{"type":"Feature","id":"3917500-3087000-500","properties":{"cellId":"3917500-3087000-500","municipality":"Beersel","population":240,"sideM":500,"areaKm2":0.25,"densityPerHa":9.6,"renderClass":"5-15"},"geometry":{"type":"MultiPolygon","coordinates":[[[[4.275787822527967,50.752517821366304],[4.275237985613749,50.75699677742414],[4.282305523175206,50.757347809876975],[4.2828546883396985,50.75286881515905],[4.275787822527967,50.752517821366304]]]]}},{"type":"Feature","id":"3917500-3088500-500","properties":{"cellId":"3917500-3088500-500","municipality":"Beersel","population":298,"sideM":500,"areaKm2":0.25,"densityPerHa":11.92,"renderClass":"5-15"},"geometry":{"type":"MultiPolygon","coordinates":[[[[4.274137918670708,50.76595466358081],[4.273587688552102,50.77043359369101],[4.280657242310403,50.770784742180986],[4.281206800205397,50.766305773382236],[4.274137918670708,50.76595466358081]]]]}},{"type":"Feature","id":"3917500-3089000-500","properties":{"cellId":"3917500-3089000-500","municipality":"Beersel","population":194,"sideM":500,"areaKm2":0.25,"densityPerHa":7.76,"renderClass":"5-15"},"geometry":{"type":"MultiPolygon","coordinates":[[[[4.273587688552102,50.77043359369101],[4.273037327275549,50.77491251516341],[4.28010755341553,50.77526370235138],[4.280657242310403,50.770784742180986],[4.273587688552102,50.77043359369101]]]]}},{"type":"Feature","id":"3917500-3089500-500","properties":{"cellId":"3917500-3089500-500","municipality":"Beersel","population":43,"sideM":500,"areaKm2":0.25,"densityPerHa":1.72,"renderClass":"under-5"},"geometry":{"type":"MultiPolygon","coordinates":[[[[4.273037327275549,50.77491251516341],[4.272486834796104,50.77939142800367],[4.279557733475885,50.77974265389914],[4.28010755341553,50.77526370235138],[4.273037327275549,50.77491251516341]]]]}},{"type":"Feature","id":"3917500-3090000-500","properties":{"cellId":"3917500-3090000-500","municipality":"Sint-Pieters-Leeuw","population":462,"sideM":500,"areaKm2":0.25,"densityPerHa":18.48,"renderClass":"15-30"},"geometry":{"type":"MultiPolygon","coordinates":[[[[4.272486834796104,50.77939142800367],[4.271936211068801,50.7838703322175],[4.279007782446557,50.784221596829966],[4.279557733475885,50.77974265389914],[4.272486834796104,50.77939142800367]]]]}},{"type":"Feature","id":"3917500-3090500-500","properties":{"cellId":"3917500-3090500-500","municipality":"Sint-Pieters-Leeuw","population":631,"sideM":500,"areaKm2":0.25,"densityPerHa":25.24,"renderClass":"15-30"},"geometry":{"type":"MultiPolygon","coordinates":[[[[4.271936211068801,50.7838703322175],[4.271385456048654,50.78834922781058],[4.278457700282614,50.788700531149544],[4.279007782446557,50.784221596829966],[4.271936211068801,50.7838703322175]]]]}},{"type":"Feature","id":"3917500-3091500-500","properties":{"cellId":"3917500-3091500-500","municipality":"Sint-Pieters-Leeuw","population":93,"sideM":500,"areaKm2":0.25,"densityPerHa":3.72,"renderClass":"under-5"},"geometry":{"type":"MultiPolygon","coordinates":[[[[4.270834569690655,50.79282811478863],[4.270283551949779,50.79730699315731],[4.277357142371043,50.79765837397773],[4.2779074869391,50.79317945686357],[4.270834569690655,50.79282811478863]]]]}},{"type":"Feature","id":"3917500-3092500-500","properties":{"cellId":"3917500-3092500-500","municipality":"Sint-Pieters-Leeuw","population":217,"sideM":500,"areaKm2":0.25,"densityPerHa":8.68,"renderClass":"5-15"},"geometry":{"type":"MultiPolygon","coordinates":[[[[4.269732402780975,50.8017858629223],[4.269181122139174,50.806264724089324],[4.276256059381289,50.80661618242927],[4.276806666533443,50.80213728249774],[4.269732402780975,50.8017858629223]]]]}},{"type":"Feature","id":"3918000-3083000-500","properties":{"cellId":"3918000-3083000-500","municipality":"Halle","population":31,"sideM":500,"areaKm2":0.25,"densityPerHa":1.24,"renderClass":"under-5"},"geometry":{"type":"MultiPolygon","coordinates":[[[[4.287243303876403,50.7170365454963],[4.286695184023196,50.721515609582845],[4.2937574491513475,50.72186590074264],[4.294304898481004,50.71738679811856],[4.287243303876403,50.7170365454963]]]]}},{"type":"Feature","id":"3918000-3083500-500","properties":{"cellId":"3918000-3083500-500","municipality":"Beersel","population":113,"sideM":500,"areaKm2":0.25,"densityPerHa":4.52,"renderClass":"under-5"},"geometry":{"type":"MultiPolygon","coordinates":[[[[4.2937574491513475,50.72186590074264],[4.286695184023196,50.721515609582845],[4.286146933662544,50.72599466497836],[4.29320986947175,50.726344994685135],[4.2937574491513475,50.72186590074264]]]]}},{"type":"Feature","id":"3918000-3084000-500","properties":{"cellId":"3918000-3084000-500","municipality":"Beersel","population":160,"sideM":500,"areaKm2":0.25,"densityPerHa":6.4,"renderClass":"5-15"},"geometry":{"type":"MultiPolygon","coordinates":[[[[4.286146933662544,50.72599466497836],[4.285598552749782,50.73047371168854],[4.292662159397598,50.730824079951724],[4.29320986947175,50.726344994685135],[4.286146933662544,50.72599466497836]]]]}},{"type":"Feature","id":"3918000-3087000-500","properties":{"cellId":"3918000-3087000-500","municipality":"Beersel","population":244,"sideM":500,"areaKm2":0.25,"densityPerHa":9.76,"renderClass":"5-15"},"geometry":{"type":"MultiPolygon","coordinates":[[[[4.2828546883396985,50.75286881515905],[4.282305523175206,50.757347809876975],[4.289373158166296,50.75769840967714],[4.2899216515457415,50.753219376346074],[4.2828546883396985,50.75286881515905]]]]}},{"type":"Feature","id":"3918000-3087500-500","properties":{"cellId":"3918000-3087500-500","municipality":"Beersel","population":63,"sideM":500,"areaKm2":0.25,"densityPerHa":2.52,"renderClass":"under-5"},"geometry":{"type":"MultiPolygon","coordinates":[[[[4.289373158166296,50.75769840967714],[4.282305523175206,50.757347809876975],[4.2817562271453795,50.761826795949474],[4.288824534079447,50.76217743437224],[4.289373158166296,50.75769840967714]]]]}},{"type":"Feature","id":"3918000-3088000-500","properties":{"cellId":"3918000-3088000-500","municipality":"Beersel","population":232,"sideM":500,"areaKm2":0.25,"densityPerHa":9.28,"renderClass":"5-15"},"geometry":{"type":"MultiPolygon","coordinates":[[[[4.2817562271453795,50.761826795949474],[4.281206800205397,50.766305773382236],[4.2882757792404185,50.766656450437075],[4.288824534079447,50.76217743437224],[4.2817562271453795,50.761826795949474]]]]}},{"type":"Feature","id":"3918000-3088500-500","properties":{"cellId":"3918000-3088500-500","municipality":"Beersel","population":35,"sideM":500,"areaKm2":0.25,"densityPerHa":1.4,"renderClass":"under-5"},"geometry":{"type":"MultiPolygon","coordinates":[[[[4.2882757792404185,50.766656450437075],[4.281206800205397,50.766305773382236],[4.280657242310403,50.770784742180986],[4.287726893604412,50.771135457877364],[4.2882757792404185,50.766656450437075]]]]}},{"type":"Feature","id":"3918000-3090000-500","properties":{"cellId":"3918000-3090000-500","municipality":"Sint-Pieters-Leeuw","population":242,"sideM":500,"areaKm2":0.25,"densityPerHa":9.68,"renderClass":"5-15"},"geometry":{"type":"MultiPolygon","coordinates":[[[[4.279557733475885,50.77974265389914],[4.279007782446557,50.784221596829966],[4.286079451466248,50.784572428507836],[4.286628729762174,50.780093446907046],[4.279557733475885,50.77974265389914]]]]}},{"type":"Feature","id":"3918500-3083000-500","properties":{"cellId":"3918500-3083000-500","municipality":"Beersel","population":62,"sideM":500,"areaKm2":0.25,"densityPerHa":2.48,"renderClass":"under-5"},"geometry":{"type":"MultiPolygon","coordinates":[[[[4.294304898481004,50.71738679811856],[4.2937574491513475,50.72186590074264],[4.3008198113099,50.722215759615466],[4.301366590080851,50.717736618500716],[4.294304898481004,50.71738679811856]]]]}},{"type":"Feature","id":"3918500-3087000-500","properties":{"cellId":"3918500-3087000-500","municipality":"Beersel","population":253,"sideM":500,"areaKm2":0.25,"densityPerHa":10.12,"renderClass":"5-15"},"geometry":{"type":"MultiPolygon","coordinates":[[[[4.2899216515457415,50.753219376346074],[4.289373158166296,50.75769840967714],[4.296440890469611,50.75804857681502],[4.2969887120287185,50.75356950491778],[4.2899216515457415,50.753219376346074]]]]}},{"type":"Feature","id":"3918500-3087500-500","properties":{"cellId":"3918500-3087500-500","municipality":"Beersel","population":28,"sideM":500,"areaKm2":0.25,"densityPerHa":1.12,"renderClass":"under-5"},"geometry":{"type":"MultiPolygon","coordinates":[[[[4.289373158166296,50.75769840967714],[4.288824534079447,50.76217743437224],[4.295892938361038,50.762527640085764],[4.296440890469611,50.75804857681502],[4.289373158166296,50.75769840967714]]]]}},{"type":"Feature","id":"3918500-3088000-500","properties":{"cellId":"3918500-3088000-500","municipality":"Beersel","population":68,"sideM":500,"areaKm2":0.25,"densityPerHa":2.72,"renderClass":"under-5"},"geometry":{"type":"MultiPolygon","coordinates":[[[[4.288824534079447,50.76217743437224],[4.2882757792404185,50.766656450437075],[4.29534485565828,50.767006694735706],[4.295892938361038,50.762527640085764],[4.288824534079447,50.76217743437224]]]]}},{"type":"Feature","id":"3918500-3088500-500","properties":{"cellId":"3918500-3088500-500","municipality":"Beersel","population":27,"sideM":500,"areaKm2":0.25,"densityPerHa":1.08,"renderClass":"under-5"},"geometry":{"type":"MultiPolygon","coordinates":[[[[4.2882757792404185,50.766656450437075],[4.287726893604412,50.771135457877364],[4.294796642316591,50.77148574077053],[4.29534485565828,50.767006694735706],[4.2882757792404185,50.766656450437075]]]]}},{"type":"Feature","id":"3918500-3091500-500","properties":{"cellId":"3918500-3091500-500","municipality":"Sint-Pieters-Leeuw","population":391,"sideM":500,"areaKm2":0.25,"densityPerHa":15.64,"renderClass":"15-30"},"geometry":{"type":"MultiPolygon","coordinates":[[[[4.2849805019003755,50.79353036590985],[4.284430830540611,50.79800932172244],[4.291504616340696,50.79835983638181],[4.292053614456737,50.79388084191782],[4.2849805019003755,50.79353036590985]]]]}},{"type":"Feature","id":"3919000-3083000-500","properties":{"cellId":"3919000-3083000-500","municipality":"Beersel","population":66,"sideM":500,"areaKm2":0.25,"densityPerHa":2.64,"renderClass":"under-5"},"geometry":{"type":"MultiPolygon","coordinates":[[[[4.301366590080851,50.717736618500716],[4.3008198113099,50.722215759615466],[4.307882270381766,50.72256518619177],[4.3084283785588955,50.71808600663319],[4.301366590080851,50.717736618500716]]]]}},{"type":"Feature","id":"3919000-3085000-500","properties":{"cellId":"3919000-3085000-500","municipality":"Beersel","population":81,"sideM":500,"areaKm2":0.25,"densityPerHa":3.24,"renderClass":"under-5"},"geometry":{"type":"MultiPolygon","coordinates":[[[[4.299178693664259,50.73565313094958],[4.298631393856187,50.74013223740992],[4.305696536879206,50.74048181785564],[4.306243165463005,50.73600267291381],[4.299178693664259,50.73565313094958]]]]}},{"type":"Feature","id":"3919000-3085500-500","properties":{"cellId":"3919000-3085500-500","municipality":"Beersel","population":21,"sideM":500,"areaKm2":0.25,"densityPerHa":0.84,"renderClass":"under-5"},"geometry":{"type":"MultiPolygon","coordinates":[[[[4.305696536879206,50.74048181785564],[4.298631393856187,50.74013223740992],[4.298083963677337,50.74461133522093],[4.305149778082378,50.744960954157584],[4.305696536879206,50.74048181785564]]]]}},{"type":"Feature","id":"3919000-3087000-500","properties":{"cellId":"3919000-3087000-500","municipality":"Beersel","population":244,"sideM":500,"areaKm2":0.25,"densityPerHa":9.76,"renderClass":"5-15"},"geometry":{"type":"MultiPolygon","coordinates":[[[[4.2969887120287185,50.75356950491778],[4.296440890469611,50.75804857681502],[4.303508719967723,50.75839831128104],[4.304055869671254,50.753919200864566],[4.2969887120287185,50.75356950491778]]]]}},{"type":"Feature","id":"3919000-3091500-500","properties":{"cellId":"3919000-3091500-500","municipality":"Drogenbos","population":231,"sideM":500,"areaKm2":0.25,"densityPerHa":9.24,"renderClass":"5-15"},"geometry":{"type":"MultiPolygon","coordinates":[[[[4.299126824490425,50.79423088487786],[4.292053614456737,50.79388084191782],[4.291504616340696,50.79835983638181],[4.298578499653497,50.798709917946184],[4.299126824490425,50.79423088487786]]]]}},{"type":"Feature","id":"3919500-3083500-500","properties":{"cellId":"3919500-3083500-500","municipality":"Beersel","population":294,"sideM":500,"areaKm2":0.25,"densityPerHa":11.76,"renderClass":"5-15"},"geometry":{"type":"MultiPolygon","coordinates":[[[[4.307882270381766,50.72256518619177],[4.307336032169748,50.72704435708758],[4.314399258824264,50.727393389764124],[4.314944826249839,50.72291418046195],[4.307882270381766,50.72256518619177]]]]}},{"type":"Feature","id":"3919500-3084000-500","properties":{"cellId":"3919500-3084000-500","municipality":"Beersel","population":269,"sideM":500,"areaKm2":0.25,"densityPerHa":10.76,"renderClass":"5-15"},"geometry":{"type":"MultiPolygon","coordinates":[[[[4.307336032169748,50.72704435708758],[4.306789663878336,50.73152351932636],[4.313853561476895,50.73187259041866],[4.314399258824264,50.727393389764124],[4.307336032169748,50.72704435708758]]]]}},{"type":"Feature","id":"3919500-3084500-500","properties":{"cellId":"3919500-3084500-500","municipality":"Beersel","population":62,"sideM":500,"areaKm2":0.25,"densityPerHa":2.48,"renderClass":"under-5"},"geometry":{"type":"MultiPolygon","coordinates":[[[[4.306789663878336,50.73152351932636],[4.306243165463005,50.73600267291381],[4.313307734163264,50.73635178243127],[4.313853561476895,50.73187259041866],[4.306789663878336,50.73152351932636]]]]}},{"type":"Feature","id":"3919500-3085000-500","properties":{"cellId":"3919500-3085000-500","municipality":"Beersel","population":12,"sideM":500,"areaKm2":0.25,"densityPerHa":0.48,"renderClass":"under-5"},"geometry":{"type":"MultiPolygon","coordinates":[[[[4.306243165463005,50.73600267291381],[4.305696536879206,50.74048181785564],[4.31276177683888,50.74083096580768],[4.313307734163264,50.73635178243127],[4.306243165463005,50.73600267291381]]]]}},{"type":"Feature","id":"3919500-3085500-500","properties":{"cellId":"3919500-3085500-500","municipality":"Beersel","population":19,"sideM":500,"areaKm2":0.25,"densityPerHa":0.76,"renderClass":"under-5"},"geometry":{"type":"MultiPolygon","coordinates":[[[[4.305696536879206,50.74048181785564],[4.305149778082378,50.744960954157584],[4.312215689459224,50.74531014055361],[4.31276177683888,50.74083096580768],[4.305696536879206,50.74048181785564]]]]}},{"type":"Feature","id":"3919500-3091000-500","properties":{"cellId":"3919500-3091000-500","municipality":"Sint-Pieters-Leeuw","population":124,"sideM":500,"areaKm2":0.25,"densityPerHa":4.96,"renderClass":"under-5"},"geometry":{"type":"MultiPolygon","coordinates":[[[[4.2996750185779105,50.78975184323812],[4.299126824490425,50.79423088487786],[4.306200131883665,50.79458049478034],[4.306747652815089,50.79010141459281],[4.2996750185779105,50.78975184323812]]]]}},{"type":"Feature","id":"3919500-3091500-500","properties":{"cellId":"3919500-3091500-500","municipality":"Drogenbos","population":103,"sideM":500,"areaKm2":0.25,"densityPerHa":4.12,"renderClass":"under-5"},"geometry":{"type":"MultiPolygon","coordinates":[[[[4.299126824490425,50.79423088487786],[4.298578499653497,50.798709917946184],[4.305652480361197,50.79905956640593],[4.306200131883665,50.79458049478034],[4.299126824490425,50.79423088487786]]]]}},{"type":"Feature","id":"3920000-3084500-500","properties":{"cellId":"3920000-3084500-500","municipality":"Beersel","population":55,"sideM":500,"areaKm2":0.25,"densityPerHa":2.2,"renderClass":"under-5"},"geometry":{"type":"MultiPolygon","coordinates":[[[[4.320917555824653,50.73222122910151],[4.313853561476895,50.73187259041866],[4.313307734163264,50.73635178243127],[4.320372399647801,50.73670045949238],[4.320917555824653,50.73222122910151]]]]}},{"type":"Feature","id":"3920000-3085000-500","properties":{"cellId":"3920000-3085000-500","municipality":"Beersel","population":91,"sideM":500,"areaKm2":0.25,"densityPerHa":3.64,"renderClass":"under-5"},"geometry":{"type":"MultiPolygon","coordinates":[[[[4.313307734163264,50.73635178243127],[4.31276177683888,50.74083096580768],[4.31982711361792,50.74117968125646],[4.320372399647801,50.73670045949238],[4.313307734163264,50.73635178243127]]]]}},{"type":"Feature","id":"3920000-3085500-500","properties":{"cellId":"3920000-3085500-500","municipality":"Beersel","population":68,"sideM":500,"areaKm2":0.25,"densityPerHa":2.72,"renderClass":"under-5"},"geometry":{"type":"MultiPolygon","coordinates":[[[[4.31982711361792,50.74117968125646],[4.31276177683888,50.74083096580768],[4.312215689459224,50.74531014055361],[4.319281697690548,50.74565889439945],[4.31982711361792,50.74117968125646]]]]}},{"type":"Feature","id":"3920000-3086000-500","properties":{"cellId":"3920000-3086000-500","municipality":"Beersel","population":18,"sideM":500,"areaKm2":0.25,"densityPerHa":0.72,"renderClass":"under-5"},"geometry":{"type":"MultiPolygon","coordinates":[[[[4.312215689459224,50.74531014055361],[4.311669471979763,50.749789306674764],[4.318736151821202,50.75013809892709],[4.319281697690548,50.74565889439945],[4.312215689459224,50.74531014055361]]]]}},{"type":"Feature","id":"3920000-3086500-500","properties":{"cellId":"3920000-3086500-500","municipality":"Beersel","population":42,"sideM":500,"areaKm2":0.25,"densityPerHa":1.68,"renderClass":"under-5"},"geometry":{"type":"MultiPolygon","coordinates":[[[[4.318736151821202,50.75013809892709],[4.311669471979763,50.749789306674764],[4.311123124355944,50.75426846417685],[4.318190475965384,50.75461729484506],[4.318736151821202,50.75013809892709]]]]}},{"type":"Feature","id":"3920000-3089000-500","properties":{"cellId":"3920000-3089000-500","municipality":"Beersel","population":289,"sideM":500,"areaKm2":0.25,"densityPerHa":11.56,"renderClass":"5-15"},"geometry":{"type":"MultiPolygon","coordinates":[[[[4.3089364315252645,50.77218500810887],[4.308389432510609,50.77666412260133],[4.315460145330171,50.7770131454903],[4.316006471786611,50.77253399253483],[4.3089364315252645,50.77218500810887]]]]}},{"type":"Feature","id":"3920000-3089500-500","properties":{"cellId":"3920000-3089500-500","municipality":"Beersel","population":484,"sideM":500,"areaKm2":0.25,"densityPerHa":19.36,"renderClass":"15-30"},"geometry":{"type":"MultiPolygon","coordinates":[[[[4.315460145330171,50.7770131454903],[4.308389432510609,50.77666412260133],[4.307842303083828,50.781143228509],[4.314913688619815,50.78149228987041],[4.315460145330171,50.7770131454903]]]]}},{"type":"Feature","id":"3920000-3091000-500","properties":{"cellId":"3920000-3091000-500","municipality":"Drogenbos","population":259,"sideM":500,"areaKm2":0.25,"densityPerHa":10.36,"renderClass":"5-15"},"geometry":{"type":"MultiPolygon","coordinates":[[[[4.306747652815089,50.79010141459281],[4.306200131883665,50.79458049478034],[4.313273536518667,50.79492967161567],[4.313820384258741,50.79045055292739],[4.306747652815089,50.79010141459281]]]]}},{"type":"Feature","id":"3920000-3091500-500","properties":{"cellId":"3920000-3091500-500","municipality":"Drogenbos","population":451,"sideM":500,"areaKm2":0.25,"densityPerHa":18.04,"renderClass":"15-30"},"geometry":{"type":"MultiPolygon","coordinates":[[[[4.313273536518667,50.79492967161567],[4.306200131883665,50.79458049478034],[4.305652480361197,50.79905956640593],[4.312726558345966,50.79940878175145],[4.313273536518667,50.79492967161567]]]]}},{"type":"Feature","id":"3920500-3086000-500","properties":{"cellId":"3920500-3086000-500","municipality":"Beersel","population":180,"sideM":500,"areaKm2":0.25,"densityPerHa":7.2,"renderClass":"5-15"},"geometry":{"type":"MultiPolygon","coordinates":[[[[4.319281697690548,50.74565889439945],[4.318736151821202,50.75013809892709],[4.325802928434871,50.75048645857273],[4.326347802659017,50.746007215685566],[4.319281697690548,50.74565889439945]]]]}},{"type":"Feature","id":"3920500-3086500-500","properties":{"cellId":"3920500-3086500-500","municipality":"Beersel","population":20,"sideM":500,"areaKm2":0.25,"densityPerHa":0.8,"renderClass":"under-5"},"geometry":{"type":"MultiPolygon","coordinates":[[[[4.318736151821202,50.75013809892709],[4.318190475965384,50.75461729484506],[4.325257924382153,50.75496569285964],[4.325802928434871,50.75048645857273],[4.318736151821202,50.75013809892709]]]]}},{"type":"Feature","id":"3920500-3088000-500","properties":{"cellId":"3920500-3088000-500","municipality":"Beersel","population":347,"sideM":500,"areaKm2":0.25,"densityPerHa":13.88,"renderClass":"5-15"},"geometry":{"type":"MultiPolygon","coordinates":[[[[4.3170987341162155,50.76357566087494],[4.316552668033756,50.76805483099828],[4.323622132807762,50.7684033441761],[4.3241675266131,50.76392413565561],[4.3170987341162155,50.76357566087494]]]]}},{"type":"Feature","id":"3920500-3089000-500","properties":{"cellId":"3920500-3089000-500","municipality":"Beersel","population":253,"sideM":500,"areaKm2":0.25,"densityPerHa":10.12,"renderClass":"5-15"},"geometry":{"type":"MultiPolygon","coordinates":[[[[4.316006471786611,50.77253399253483],[4.315460145330171,50.7770131454903],[4.322530955132815,50.77736173549068],[4.323076608995854,50.772882544119206],[4.316006471786611,50.77253399253483]]]]}},{"type":"Feature","id":"3920500-3089500-500","properties":{"cellId":"3920500-3089500-500","municipality":"Beersel","population":467,"sideM":500,"areaKm2":0.25,"densityPerHa":18.68,"renderClass":"15-30"},"geometry":{"type":"MultiPolygon","coordinates":[[[[4.315460145330171,50.7770131454903],[4.314913688619815,50.78149228987041],[4.32198517117408,50.78184091829618],[4.322530955132815,50.77736173549068],[4.315460145330171,50.7770131454903]]]]}},{"type":"Feature","id":"3921000-3086500-500","properties":{"cellId":"3921000-3086500-500","municipality":"Beersel","population":122,"sideM":500,"areaKm2":0.25,"densityPerHa":4.88,"renderClass":"under-5"},"geometry":{"type":"MultiPolygon","coordinates":[[[[4.332869801703372,50.75083438560215],[4.325802928434871,50.75048645857273],[4.325257924382153,50.75496569285964],[4.332325469488813,50.75531365821103],[4.332869801703372,50.75083438560215]]]]}},{"type":"Feature","id":"3921000-3087000-500","properties":{"cellId":"3921000-3087000-500","municipality":"Beersel","population":92,"sideM":500,"areaKm2":0.25,"densityPerHa":3.68,"renderClass":"under-5"},"geometry":{"type":"MultiPolygon","coordinates":[[[[4.325257924382153,50.75496569285964],[4.324712790456393,50.75944491855203],[4.331781007559185,50.75979292223477],[4.332325469488813,50.75531365821103],[4.325257924382153,50.75496569285964]]]]}},{"type":"Feature","id":"3921000-3087500-500","properties":{"cellId":"3921000-3087500-500","municipality":"Beersel","population":128,"sideM":500,"areaKm2":0.25,"densityPerHa":5.12,"renderClass":"5-15"},"geometry":{"type":"MultiPolygon","coordinates":[[[[4.331781007559185,50.75979292223477],[4.324712790456393,50.75944491855203],[4.3241675266131,50.76392413565561],[4.3312364158700465,50.764272177679125],[4.331781007559185,50.75979292223477]]]]}},{"type":"Feature","id":"3921000-3088000-500","properties":{"cellId":"3921000-3088000-500","municipality":"Beersel","population":100,"sideM":500,"areaKm2":0.25,"densityPerHa":4,"renderClass":"under-5"},"geometry":{"type":"MultiPolygon","coordinates":[[[[4.3241675266131,50.76392413565561],[4.323622132807762,50.7684033441761],[4.330691694376938,50.76875142454976],[4.3312364158700465,50.764272177679125],[4.3241675266131,50.76392413565561]]]]}},{"type":"Feature","id":"3921500-3087000-500","properties":{"cellId":"3921500-3087000-500","municipality":"Beersel","population":196,"sideM":500,"areaKm2":0.25,"densityPerHa":7.84,"renderClass":"5-15"},"geometry":{"type":"MultiPolygon","coordinates":[[[[4.332325469488813,50.75531365821103],[4.331781007559185,50.75979292223477],[4.338849321269453,50.760140493197824],[4.339393111167921,50.75566119088969],[4.332325469488813,50.75531365821103]]]]}},{"type":"Feature","id":"3921500-3088000-500","properties":{"cellId":"3921500-3088000-500","municipality":"Linkebeek","population":181,"sideM":500,"areaKm2":0.25,"densityPerHa":7.24,"renderClass":"5-15"},"geometry":{"type":"MultiPolygon","coordinates":[[[[4.3312364158700465,50.764272177679125],[4.330691694376938,50.76875142454976],[4.337761352623704,50.76909907210976],[4.338305401769516,50.764619786935945],[4.3312364158700465,50.764272177679125]]]]}},{"type":"Feature","id":"3922000-3086000-500","properties":{"cellId":"3922000-3086000-500","municipality":"Beersel","population":218,"sideM":500,"areaKm2":0.25,"densityPerHa":8.72,"renderClass":"5-15"},"geometry":{"type":"MultiPolygon","coordinates":[[[[4.34048030233796,50.74670256054041],[4.3399367715093,50.75118188000578],[4.347003837735242,50.75152894177415],[4.347546696813697,50.747049584090114],[4.34048030233796,50.74670256054041]]]]}},{"type":"Feature","id":"3922500-3088500-500","properties":{"cellId":"3922500-3088500-500","municipality":"Linkebeek","population":164,"sideM":500,"areaKm2":0.25,"densityPerHa":6.56,"renderClass":"5-15"},"geometry":{"type":"MultiPolygon","coordinates":[[[[4.344831107430482,50.76944628684652],[4.344287601134853,50.77392560172731],[4.3513581249595195,50.77427242184986],[4.351900958679671,50.76979306875055],[4.344831107430482,50.76944628684652]]]]}},{"type":"Feature","id":"3923000-3087000-500","properties":{"cellId":"3923000-3087000-500","municipality":"Linkebeek","population":102,"sideM":500,"areaKm2":0.25,"densityPerHa":4.08,"renderClass":"under-5"},"geometry":{"type":"MultiPolygon","coordinates":[[[[4.3535286837736225,50.756354958190734],[4.352986238042416,50.76083433692671],[4.360054840870063,50.76118060967351],[4.360596614465257,50.75670119279409],[4.3535286837736225,50.756354958190734]]]]}},{"type":"Feature","id":"3923000-3087500-500","properties":{"cellId":"3923000-3087500-500","municipality":"Linkebeek","population":212,"sideM":500,"areaKm2":0.25,"densityPerHa":8.48,"renderClass":"5-15"},"geometry":{"type":"MultiPolygon","coordinates":[[[[4.360054840870063,50.76118060967351],[4.352986238042416,50.76083433692671],[4.352443663025864,50.7653137071114],[4.3595129381476125,50.765660018011005],[4.360054840870063,50.76118060967351]]]]}},{"type":"Feature","id":"3923000-3088000-500","properties":{"cellId":"3923000-3088000-500","municipality":"Linkebeek","population":163,"sideM":500,"areaKm2":0.25,"densityPerHa":6.52,"renderClass":"5-15"},"geometry":{"type":"MultiPolygon","coordinates":[[[[4.352443663025864,50.7653137071114],[4.351900958679671,50.76979306875055],[4.358970906253661,50.77013941781229],[4.3595129381476125,50.765660018011005],[4.352443663025864,50.7653137071114]]]]}},{"type":"Feature","id":"3923000-3088500-500","properties":{"cellId":"3923000-3088500-500","municipality":"Linkebeek","population":91,"sideM":500,"areaKm2":0.25,"densityPerHa":3.64,"renderClass":"under-5"},"geometry":{"type":"MultiPolygon","coordinates":[[[[4.358970906253661,50.77013941781229],[4.351900958679671,50.76979306875055],[4.3513581249595195,50.77427242184986],[4.358428745143946,50.77461880908312],[4.358970906253661,50.77013941781229]]]]}},{"type":"Feature","id":"3923500-3082500-500","properties":{"cellId":"3923500-3082500-500","municipality":"Sint-Genesius-Rode","population":43,"sideM":500,"areaKm2":0.25,"densityPerHa":1.72,"renderClass":"under-5"},"geometry":{"type":"MultiPolygon","coordinates":[[[[4.365466773385823,50.7163860555457],[4.364926159948276,50.720865549560685],[4.3719888150607895,50.72121104701748],[4.372528757748006,50.716731514989995],[4.365466773385823,50.7163860555457]]]]}},{"type":"Feature","id":"3923500-3085500-500","properties":{"cellId":"3923500-3085500-500","municipality":"Sint-Genesius-Rode","population":100,"sideM":500,"areaKm2":0.25,"densityPerHa":4,"renderClass":"under-5"},"geometry":{"type":"MultiPolygon","coordinates":[[[[4.3622211609294546,50.74326289084683],[4.36167977445076,50.74774233338646],[4.368746457377272,50.74808805911417],[4.369287172159082,50.74360857850606],[4.3622211609294546,50.74326289084683]]]]}},{"type":"Feature","id":"3923500-3087000-500","properties":{"cellId":"3923500-3087000-500","municipality":"Sint-Genesius-Rode","population":120,"sideM":500,"areaKm2":0.25,"densityPerHa":4.8,"renderClass":"under-5"},"geometry":{"type":"MultiPolygon","coordinates":[[[[4.360596614465257,50.75670119279409],[4.360054840870063,50.76118060967351],[4.367123539835109,50.76152644966256],[4.367664641259427,50.757046994686675],[4.360596614465257,50.75670119279409]]]]}},{"type":"Feature","id":"3923500-3087500-500","properties":{"cellId":"3923500-3087500-500","municipality":"Linkebeek","population":41,"sideM":500,"areaKm2":0.25,"densityPerHa":1.64,"renderClass":"under-5"},"geometry":{"type":"MultiPolygon","coordinates":[[[[4.360054840870063,50.76118060967351],[4.3595129381476125,50.765660018011005],[4.366582309441643,50.76600589610585],[4.367123539835109,50.76152644966256],[4.360054840870063,50.76118060967351]]]]}},{"type":"Feature","id":"3923500-3088000-500","properties":{"cellId":"3923500-3088000-500","municipality":"Linkebeek","population":24,"sideM":500,"areaKm2":0.25,"densityPerHa":0.96,"renderClass":"under-5"},"geometry":{"type":"MultiPolygon","coordinates":[[[[4.3595129381476125,50.765660018011005],[4.358970906253661,50.77013941781229],[4.36604095003483,50.770485334022275],[4.366582309441643,50.76600589610585],[4.3595129381476125,50.765660018011005]]]]}},{"type":"Feature","id":"3924000-3084000-500","properties":{"cellId":"3924000-3084000-500","municipality":"Sint-Genesius-Rode","population":14,"sideM":500,"areaKm2":0.25,"densityPerHa":0.56,"renderClass":"under-5"},"geometry":{"type":"MultiPolygon","coordinates":[[[[4.370908543925318,50.7301700853255],[4.370368215389025,50.734649591617455],[4.377432979509646,50.73499477068233],[4.377972636787841,50.73051522639679],[4.370908543925318,50.7301700853255]]]]}},{"type":"Feature","id":"3924000-3084500-500","properties":{"cellId":"3924000-3084500-500","municipality":"Sint-Genesius-Rode","population":552,"sideM":500,"areaKm2":0.25,"densityPerHa":22.08,"renderClass":"15-30"},"geometry":{"type":"MultiPolygon","coordinates":[[[[4.377432979509646,50.73499477068233],[4.370368215389025,50.734649591617455],[4.369827758148303,50.73912908934241],[4.37689319368482,50.73947430641012],[4.377432979509646,50.73499477068233]]]]}},{"type":"Feature","id":"3924000-3085500-500","properties":{"cellId":"3924000-3085500-500","municipality":"Sint-Genesius-Rode","population":51,"sideM":500,"areaKm2":0.25,"densityPerHa":2.04,"renderClass":"under-5"},"geometry":{"type":"MultiPolygon","coordinates":[[[[4.376353279269354,50.743953833585955],[4.369287172159082,50.74360857850606],[4.368746457377272,50.74808805911417],[4.375813236219204,50.74843335221554],[4.376353279269354,50.743953833585955]]]]}},{"type":"Feature","id":"3924000-3087500-500","properties":{"cellId":"3924000-3087500-500","municipality":"Sint-Genesius-Rode","population":170,"sideM":500,"areaKm2":0.25,"densityPerHa":6.8,"renderClass":"5-15"},"geometry":{"type":"MultiPolygon","coordinates":[[[[4.374192334820003,50.76187185688436],[4.367123539835109,50.76152644966256],[4.366582309441643,50.76600589610585],[4.373651776790355,50.76635134138644],[4.374192334820003,50.76187185688436]]]]}},{"type":"Feature","id":"3924500-3084000-500","properties":{"cellId":"3924500-3084000-500","municipality":"Sint-Genesius-Rode","population":118,"sideM":500,"areaKm2":0.25,"densityPerHa":4.72,"renderClass":"under-5"},"geometry":{"type":"MultiPolygon","coordinates":[[[[4.377972636787841,50.73051522639679],[4.377432979509646,50.73499477068233],[4.3844978393240925,50.73533951725226],[4.385036825309506,50.7308599350201],[4.377972636787841,50.73051522639679]]]]}},{"type":"Feature","id":"3924500-3085500-500","properties":{"cellId":"3924500-3085500-500","municipality":"Sint-Genesius-Rode","population":75,"sideM":500,"areaKm2":0.25,"densityPerHa":3,"renderClass":"under-5"},"geometry":{"type":"MultiPolygon","coordinates":[[[[4.376353279269354,50.743953833585955],[4.375813236219204,50.74843335221554],[4.382880110859121,50.748778212681174],[4.383419482142875,50.744298656077035],[4.376353279269354,50.743953833585955]]]]}},{"type":"Feature","id":"3925000-3085500-500","properties":{"cellId":"3925000-3085500-500","municipality":"Sint-Genesius-Rode","population":75,"sideM":500,"areaKm2":0.25,"densityPerHa":3,"renderClass":"under-5"},"geometry":{"type":"MultiPolygon","coordinates":[[[[4.3904857806622335,50.744643045969895],[4.383419482142875,50.744298656077035],[4.382880110859121,50.748778212681174],[4.389947081179568,50.74912264050158],[4.3904857806622335,50.744643045969895]]]]}},{"type":"Feature","id":"3925500-3085000-500","properties":{"cellId":"3925500-3085000-500","municipality":"Sint-Genesius-Rode","population":241,"sideM":500,"areaKm2":0.25,"densityPerHa":9.64,"renderClass":"5-15"},"geometry":{"type":"MultiPolygon","coordinates":[[[[4.391024351826082,50.740163442910564],[4.3904857806622335,50.744643045969895],[4.397552174710012,50.74498700325506],[4.398090074196079,50.74050736232442],[4.391024351826082,50.740163442910564]]]]}},{"type":"Feature","id":"3926500-3084500-500","properties":{"cellId":"3926500-3084500-500","municipality":"Sint-Genesius-Rode","population":41,"sideM":500,"areaKm2":0.25,"densityPerHa":1.64,"renderClass":"under-5"},"geometry":{"type":"MultiPolygon","coordinates":[[[[4.405692991757092,50.7363711618983],[4.405155891942465,50.74085084916813],[4.412221804947835,50.741193903432276],[4.4127582331734745,50.73671417839433],[4.405692991757092,50.7363711618983]]]]}},{"type":"Feature","id":"3910500-3086000-250","properties":{"cellId":"3910500-3086000-250","municipality":"Pepingen","population":61,"sideM":250,"areaKm2":0.0625,"densityPerHa":9.76,"renderClass":"5-15"},"geometry":{"type":"MultiPolygon","coordinates":[[[[4.177980069104483,50.73860164390918],[4.177700600069268,50.74084085875123],[4.181232829386162,50.74101940795059],[4.1815121306995735,50.738780183281776],[4.177980069104483,50.73860164390918]]]]}},{"type":"Feature","id":"3910500-3086250-250","properties":{"cellId":"3910500-3086250-250","municipality":"Pepingen","population":69,"sideM":250,"areaKm2":0.0625,"densityPerHa":11.04,"renderClass":"5-15"},"geometry":{"type":"MultiPolygon","coordinates":[[[[4.177421097754485,50.74308007139257],[4.180953494812875,50.743258630419895],[4.181232829386162,50.74101940795059],[4.177700600069268,50.74084085875123],[4.177421097754485,50.74308007139257]]]]}},{"type":"Feature","id":"3910750-3086000-250","properties":{"cellId":"3910750-3086000-250","municipality":"Pepingen","population":61,"sideM":250,"areaKm2":0.0625,"densityPerHa":9.76,"renderClass":"5-15"},"geometry":{"type":"MultiPolygon","coordinates":[[[[4.1815121306995735,50.738780183281776],[4.181232829386162,50.74101940795059],[4.184765083463275,50.74119784905125],[4.185044217050398,50.73895861456152],[4.1815121306995735,50.738780183281776]]]]}},{"type":"Feature","id":"3910750-3086250-250","properties":{"cellId":"3910750-3086250-250","municipality":"Pepingen","population":23,"sideM":250,"areaKm2":0.0625,"densityPerHa":3.68,"renderClass":"under-5"},"geometry":{"type":"MultiPolygon","coordinates":[[[[4.181232829386162,50.74101940795059],[4.180953494812875,50.743258630419895],[4.184485916635972,50.74343708134264],[4.184765083463275,50.74119784905125],[4.181232829386162,50.74101940795059]]]]}},{"type":"Feature","id":"3911500-3083500-250","properties":{"cellId":"3911500-3083500-250","municipality":"Halle","population":110,"sideM":250,"areaKm2":0.0625,"densityPerHa":17.6,"renderClass":"15-30"},"geometry":{"type":"MultiPolygon","coordinates":[[[[4.194616153951854,50.71916176687943],[4.1981468057102616,50.719339785697414],[4.1984251045927365,50.71710049979414],[4.1948946203772755,50.7169224907675],[4.194616153951854,50.71916176687943]]]]}},{"type":"Feature","id":"3911500-3083750-250","properties":{"cellId":"3911500-3083750-250","municipality":"Halle","population":187,"sideM":250,"areaKm2":0.0625,"densityPerHa":29.92,"renderClass":"15-30"},"geometry":{"type":"MultiPolygon","coordinates":[[[[4.1981468057102616,50.719339785697414],[4.194616153951854,50.71916176687943],[4.194337654382392,50.72140104078841],[4.197868473703411,50.72157906939891],[4.1981468057102616,50.719339785697414]]]]}},{"type":"Feature","id":"3911750-3083500-250","properties":{"cellId":"3911750-3083500-250","municipality":"Halle","population":93,"sideM":250,"areaKm2":0.0625,"densityPerHa":14.88,"renderClass":"5-15"},"geometry":{"type":"MultiPolygon","coordinates":[[[[4.1984251045927365,50.71710049979414],[4.1981468057102616,50.719339785697414],[4.201677482125609,50.7195176964704],[4.201955613460671,50.71727840078163],[4.1984251045927365,50.71710049979414]]]]}},{"type":"Feature","id":"3911750-3083750-250","properties":{"cellId":"3911750-3083750-250","municipality":"Halle","population":97,"sideM":250,"areaKm2":0.0625,"densityPerHa":15.52,"renderClass":"15-30"},"geometry":{"type":"MultiPolygon","coordinates":[[[[4.1981468057102616,50.719339785697414],[4.197868473703411,50.72157906939891],[4.201399317685834,50.72175698995855],[4.201677482125609,50.7195176964704],[4.1981468057102616,50.719339785697414]]]]}},{"type":"Feature","id":"3912000-3083500-250","properties":{"cellId":"3912000-3083500-250","municipality":"Halle","population":141,"sideM":250,"areaKm2":0.0625,"densityPerHa":22.56,"renderClass":"15-30"},"geometry":{"type":"MultiPolygon","coordinates":[[[[4.2052081831832755,50.71969549919712],[4.205486146966462,50.71745619372876],[4.201955613460671,50.71727840078163],[4.201677482125609,50.7195176964704],[4.2052081831832755,50.71969549919712]]]]}},{"type":"Feature","id":"3912000-3083750-250","properties":{"cellId":"3912000-3083750-250","municipality":"Halle","population":167,"sideM":250,"areaKm2":0.0625,"densityPerHa":26.72,"renderClass":"15-30"},"geometry":{"type":"MultiPolygon","coordinates":[[[[4.2052081831832755,50.71969549919712],[4.201677482125609,50.7195176964704],[4.201399317685834,50.72175698995855],[4.204930186315045,50.72193480246612],[4.2052081831832755,50.71969549919712]]]]}},{"type":"Feature","id":"3912750-3083750-250","properties":{"cellId":"3912750-3083750-250","municipality":"Halle","population":14,"sideM":250,"areaKm2":0.0625,"densityPerHa":2.24,"renderClass":"under-5"},"geometry":{"type":"MultiPolygon","coordinates":[[[[4.2122696591671005,50.72005078050707],[4.211991997455338,50.72229010332014],[4.2155229399371805,50.722467591664184],[4.215800434064024,50.72022825908784],[4.2122696591671005,50.72005078050707]]]]}},{"type":"Feature","id":"3913000-3083000-250","properties":{"cellId":"3913000-3083000-250","municipality":"Halle","population":364,"sideM":250,"areaKm2":0.0625,"densityPerHa":58.24,"renderClass":"30-60"},"geometry":{"type":"MultiPolygon","coordinates":[[[[4.216632718310909,50.71351024818122],[4.216355323245242,50.71574958734707],[4.219885787606267,50.715926938365534],[4.220163015141561,50.71368758944584],[4.216632718310909,50.71351024818122]]]]}},{"type":"Feature","id":"3913000-3083250-250","properties":{"cellId":"3913000-3083250-250","municipality":"Halle","population":166,"sideM":250,"areaKm2":0.0625,"densityPerHa":26.56,"renderClass":"15-30"},"geometry":{"type":"MultiPolygon","coordinates":[[[[4.219608527075892,50.718166285089175],[4.219885787606267,50.715926938365534],[4.216355323245242,50.71574958734707],[4.216077895164828,50.71798892431572],[4.219608527075892,50.718166285089175]]]]}},{"type":"Feature","id":"3913000-3086000-250","properties":{"cellId":"3913000-3086000-250","municipality":"Halle","population":84,"sideM":250,"areaKm2":0.0625,"densityPerHa":13.44,"renderClass":"5-15"},"geometry":{"type":"MultiPolygon","coordinates":[[[[4.213301797306754,50.74038217331101],[4.213024005691159,50.74262148615701],[4.216556481951367,50.742798954314516],[4.216834105800406,50.74055963170035],[4.213301797306754,50.74038217331101]]]]}},{"type":"Feature","id":"3913000-3086250-250","properties":{"cellId":"3913000-3086250-250","municipality":"Halle","population":77,"sideM":250,"areaKm2":0.0625,"densityPerHa":12.32,"renderClass":"5-15"},"geometry":{"type":"MultiPolygon","coordinates":[[[[4.216278825039433,50.7450382747412],[4.216556481951367,50.742798954314516],[4.213024005691159,50.74262148615701],[4.212746180992971,50.744860796814315],[4.216278825039433,50.7450382747412]]]]}},{"type":"Feature","id":"3913250-3086250-250","properties":{"cellId":"3913250-3086250-250","municipality":"Halle","population":20,"sideM":250,"areaKm2":0.0625,"densityPerHa":3.2,"renderClass":"under-5"},"geometry":{"type":"MultiPolygon","coordinates":[[[[4.216278825039433,50.7450382747412],[4.219811493704142,50.74521564455131],[4.220088982825357,50.74297631436116],[4.216556481951367,50.742798954314516],[4.216278825039433,50.7450382747412]]]]}},{"type":"Feature","id":"3913500-3082000-250","properties":{"cellId":"3913500-3082000-250","municipality":"Halle","population":87,"sideM":250,"areaKm2":0.0625,"densityPerHa":13.92,"renderClass":"5-15"},"geometry":{"type":"MultiPolygon","coordinates":[[[[4.224801246888571,50.70490736604264],[4.22452431873339,50.70714673349672],[4.228054162161339,50.70732382947148],[4.228330922855883,50.70508445228007],[4.224801246888571,50.70490736604264]]]]}},{"type":"Feature","id":"3913500-3086250-250","properties":{"cellId":"3913500-3086250-250","municipality":"Halle","population":77,"sideM":250,"areaKm2":0.0625,"densityPerHa":12.32,"renderClass":"5-15"},"geometry":{"type":"MultiPolygon","coordinates":[[[[4.219811493704142,50.74521564455131],[4.223344186972447,50.74539290624348],[4.223621508298484,50.743153566295696],[4.220088982825357,50.74297631436116],[4.219811493704142,50.74521564455131]]]]}},{"type":"Feature","id":"3913500-3086750-250","properties":{"cellId":"3913500-3086750-250","municipality":"Halle","population":106,"sideM":250,"areaKm2":0.0625,"densityPerHa":16.96,"renderClass":"15-30"},"geometry":{"type":"MultiPolygon","coordinates":[[[[4.223066832617279,50.74763224400686],[4.219533971534085,50.74745497255586],[4.219256416309528,50.74969429837548],[4.222789445227319,50.74987157958652],[4.223066832617279,50.74763224400686]]]]}},{"type":"Feature","id":"3913750-3082000-250","properties":{"cellId":"3913750-3082000-250","municipality":"Halle","population":53,"sideM":250,"areaKm2":0.0625,"densityPerHa":8.48,"renderClass":"5-15"},"geometry":{"type":"MultiPolygon","coordinates":[[[[4.228330922855883,50.70508445228007],[4.228054162161339,50.70732382947148],[4.231584030102608,50.70750081742663],[4.231860623332074,50.70526143050371],[4.228330922855883,50.70508445228007]]]]}},{"type":"Feature","id":"3913750-3082250-250","properties":{"cellId":"3913750-3082250-250","municipality":"Halle","population":32,"sideM":250,"areaKm2":0.0625,"densityPerHa":5.12,"renderClass":"5-15"},"geometry":{"type":"MultiPolygon","coordinates":[[[[4.228054162161339,50.70732382947148],[4.227777368533578,50.70956320446642],[4.231307403959578,50.70974020215425],[4.231584030102608,50.70750081742663],[4.228054162161339,50.70732382947148]]]]}},{"type":"Feature","id":"3913750-3086250-250","properties":{"cellId":"3913750-3086250-250","municipality":"Halle","population":44,"sideM":250,"areaKm2":0.0625,"densityPerHa":7.04,"renderClass":"5-15"},"geometry":{"type":"MultiPolygon","coordinates":[[[[4.223621508298484,50.743153566295696],[4.223344186972447,50.74539290624348],[4.226876904829699,50.745570059816494],[4.227154058356099,50.743330710116936],[4.223621508298484,50.743153566295696]]]]}},{"type":"Feature","id":"3913750-3086750-250","properties":{"cellId":"3913750-3086750-250","municipality":"Halle","population":47,"sideM":250,"areaKm2":0.0625,"densityPerHa":7.52,"renderClass":"5-15"},"geometry":{"type":"MultiPolygon","coordinates":[[[[4.223066832617279,50.74763224400686],[4.222789445227319,50.74987157958652],[4.226322498742969,50.75004875266665],[4.226599718293873,50.747809407332845],[4.223066832617279,50.74763224400686]]]]}},{"type":"Feature","id":"3914000-3085000-250","properties":{"cellId":"3914000-3085000-250","municipality":"Halle","population":304,"sideM":250,"areaKm2":0.0625,"densityPerHa":48.64,"renderClass":"30-60"},"geometry":{"type":"MultiPolygon","coordinates":[[[[4.22853933104441,50.73213392884594],[4.228262342480421,50.734373289472266],[4.231794246088564,50.73455028620727],[4.232071066946968,50.732310915841],[4.22853933104441,50.73213392884594]]]]}},{"type":"Feature","id":"3914000-3086250-250","properties":{"cellId":"3914000-3086250-250","municipality":"Halle","population":46,"sideM":250,"areaKm2":0.0625,"densityPerHa":7.36,"renderClass":"5-15"},"geometry":{"type":"MultiPolygon","coordinates":[[[[4.230409647261242,50.745747105269125],[4.230686632983555,50.743507745823656],[4.227154058356099,50.743330710116936],[4.226876904829699,50.745570059816494],[4.230409647261242,50.745747105269125]]]]}},{"type":"Feature","id":"3914250-3085750-250","properties":{"cellId":"3914250-3085750-250","municipality":"Halle","population":449,"sideM":250,"areaKm2":0.0625,"densityPerHa":71.84,"renderClass":"60-100"},"geometry":{"type":"MultiPolygon","coordinates":[[[[4.234772769106309,50.73920592849825],[4.231240505481621,50.739029020383775],[4.230963585721801,50.741268384195436],[4.234496017115612,50.74144530204756],[4.234772769106309,50.73920592849825]]]]}},{"type":"Feature","id":"3914250-3086250-250","properties":{"cellId":"3914250-3086250-250","municipality":"Halle","population":181,"sideM":250,"areaKm2":0.0625,"densityPerHa":28.96,"renderClass":"15-30"},"geometry":{"type":"MultiPolygon","coordinates":[[[[4.230409647261242,50.745747105269125],[4.233942414252429,50.74592404260016],[4.2342192321662,50.74368467341463],[4.230686632983555,50.743507745823656],[4.230409647261242,50.745747105269125]]]]}},{"type":"Feature","id":"3914500-3082000-250","properties":{"cellId":"3914500-3082000-250","municipality":"Halle","population":35,"sideM":250,"areaKm2":0.0625,"densityPerHa":5.6,"renderClass":"5-15"},"geometry":{"type":"MultiPolygon","coordinates":[[[[4.2389200977526915,50.70561506290494],[4.238643839466688,50.70785446927328],[4.242173780860278,50.70803113316238],[4.242449871667905,50.70579171708007],[4.2389200977526915,50.70561506290494]]]]}},{"type":"Feature","id":"3914500-3082250-250","properties":{"cellId":"3914500-3082250-250","municipality":"Halle","population":184,"sideM":250,"areaKm2":0.0625,"densityPerHa":29.44,"renderClass":"15-30"},"geometry":{"type":"MultiPolygon","coordinates":[[[[4.238367548306428,50.710093873448734],[4.241897657198054,50.71027054705294],[4.242173780860278,50.70803113316238],[4.238643839466688,50.70785446927328],[4.238367548306428,50.710093873448734]]]]}},{"type":"Feature","id":"3914500-3083500-250","properties":{"cellId":"3914500-3083500-250","municipality":"Halle","population":47,"sideM":250,"areaKm2":0.0625,"densityPerHa":7.52,"renderClass":"5-15"},"geometry":{"type":"MultiPolygon","coordinates":[[[[4.236985599194535,50.72129086145724],[4.240516545871301,50.72146758365497],[4.2407928338908105,50.71922818071232],[4.23726205481041,50.71905146823567],[4.236985599194535,50.72129086145724]]]]}},{"type":"Feature","id":"3914500-3083750-250","properties":{"cellId":"3914500-3083750-250","municipality":"Halle","population":81,"sideM":250,"areaKm2":0.0625,"densityPerHa":12.96,"renderClass":"5-15"},"geometry":{"type":"MultiPolygon","coordinates":[[[[4.240516545871301,50.72146758365497],[4.236985599194535,50.72129086145724],[4.236709110670653,50.723530252490164],[4.240240224963461,50.72370698441017],[4.240516545871301,50.72146758365497]]]]}},{"type":"Feature","id":"3914500-3085000-250","properties":{"cellId":"3914500-3085000-250","municipality":"Halle","population":344,"sideM":250,"areaKm2":0.0625,"densityPerHa":55.04,"renderClass":"30-60"},"geometry":{"type":"MultiPolygon","coordinates":[[[[4.235602827382474,50.732487794749645],[4.2353261742341,50.734727174849986],[4.2388581269023895,50.7349039553992],[4.239134612336289,50.73266456557063],[4.235602827382474,50.732487794749645]]]]}},{"type":"Feature","id":"3914500-3093250-250","properties":{"cellId":"3914500-3093250-250","municipality":"Sint-Pieters-Leeuw","population":71,"sideM":250,"areaKm2":0.0625,"densityPerHa":11.36,"renderClass":"5-15"},"geometry":{"type":"MultiPolygon","coordinates":[[[[4.226178106190783,50.80862549696682],[4.2297156045060555,50.80880259921714],[4.229993179351488,50.80656328105931],[4.226455849402413,50.806386188576646],[4.226178106190783,50.80862549696682]]]]}},{"type":"Feature","id":"3914500-3093500-250","properties":{"cellId":"3914500-3093500-250","municipality":"Sint-Pieters-Leeuw","population":95,"sideM":250,"areaKm2":0.0625,"densityPerHa":15.2,"renderClass":"15-30"},"geometry":{"type":"MultiPolygon","coordinates":[[[[4.225900329850623,50.810864803196026],[4.2294379965518925,50.81104191521519],[4.2297156045060555,50.80880259921714],[4.226178106190783,50.80862549696682],[4.225900329850623,50.810864803196026]]]]}},{"type":"Feature","id":"3914500-3093750-250","properties":{"cellId":"3914500-3093750-250","municipality":"Sint-Pieters-Leeuw","population":54,"sideM":250,"areaKm2":0.0625,"densityPerHa":8.64,"renderClass":"5-15"},"geometry":{"type":"MultiPolygon","coordinates":[[[[4.2294379965518925,50.81104191521519],[4.225900329850623,50.810864803196026],[4.2256225203762465,50.81310410726494],[4.229160355483325,50.81328122905416],[4.2294379965518925,50.81104191521519]]]]}},{"type":"Feature","id":"3914750-3082000-250","properties":{"cellId":"3914750-3082000-250","municipality":"Halle","population":58,"sideM":250,"areaKm2":0.0625,"densityPerHa":9.28,"renderClass":"5-15"},"geometry":{"type":"MultiPolygon","coordinates":[[[[4.242449871667905,50.70579171708007],[4.242173780860278,50.70803113316238],[4.245703746708754,50.708207689027006],[4.24597967003357,50.70596826323661],[4.242449871667905,50.70579171708007]]]]}},{"type":"Feature","id":"3914750-3082250-250","properties":{"cellId":"3914750-3082250-250","municipality":"Halle","population":74,"sideM":250,"areaKm2":0.0625,"densityPerHa":11.84,"renderClass":"5-15"},"geometry":{"type":"MultiPolygon","coordinates":[[[[4.242173780860278,50.70803113316238],[4.241897657198054,50.71027054705294],[4.245427790548995,50.71044711262687],[4.245703746708754,50.708207689027006],[4.242173780860278,50.70803113316238]]]]}},{"type":"Feature","id":"3914750-3083500-250","properties":{"cellId":"3914750-3083500-250","municipality":"Halle","population":141,"sideM":250,"areaKm2":0.0625,"densityPerHa":22.56,"renderClass":"15-30"},"geometry":{"type":"MultiPolygon","coordinates":[[[[4.2407928338908105,50.71922818071232],[4.240516545871301,50.72146758365497],[4.244047517029546,50.72164419779313],[4.244323637448253,50.719404785135254],[4.2407928338908105,50.71922818071232]]]]}},{"type":"Feature","id":"3914750-3085250-250","properties":{"cellId":"3914750-3085250-250","municipality":"Halle","population":187,"sideM":250,"areaKm2":0.0625,"densityPerHa":29.92,"renderClass":"15-30"},"geometry":{"type":"MultiPolygon","coordinates":[[[[4.2388581269023895,50.7349039553992],[4.238581608546385,50.73714334304459],[4.242113753461399,50.73732002522267],[4.24239010407879,50.73508062785372],[4.2388581269023895,50.7349039553992]]]]}},{"type":"Feature","id":"3914750-3085500-250","properties":{"cellId":"3914750-3085500-250","municipality":"Halle","population":78,"sideM":250,"areaKm2":0.0625,"densityPerHa":12.48,"renderClass":"5-15"},"geometry":{"type":"MultiPolygon","coordinates":[[[[4.238581608546385,50.73714334304459],[4.2383050572626395,50.73938272850748],[4.241837369935965,50.73955942041031],[4.242113753461399,50.73732002522267],[4.238581608546385,50.73714334304459]]]]}},{"type":"Feature","id":"3914750-3085750-250","properties":{"cellId":"3914750-3085750-250","municipality":"Halle","population":247,"sideM":250,"areaKm2":0.0625,"densityPerHa":39.52,"renderClass":"30-60"},"geometry":{"type":"MultiPolygon","coordinates":[[[[4.2383050572626395,50.73938272850748],[4.238028473045519,50.74162211178861],[4.241560953496862,50.741798813417375],[4.241837369935965,50.73955942041031],[4.2383050572626395,50.73938272850748]]]]}},{"type":"Feature","id":"3914750-3093750-250","properties":{"cellId":"3914750-3093750-250","municipality":"Sint-Pieters-Leeuw","population":50,"sideM":250,"areaKm2":0.0625,"densityPerHa":8,"renderClass":"5-15"},"geometry":{"type":"MultiPolygon","coordinates":[[[[4.2294379965518925,50.81104191521519],[4.229160355483325,50.81328122905416],[4.232698215254597,50.81345824254314],[4.23297568791288,50.81121891894001],[4.2294379965518925,50.81104191521519]]]]}},{"type":"Feature","id":"3915000-3083500-250","properties":{"cellId":"3915000-3083500-250","municipality":"Halle","population":131,"sideM":250,"areaKm2":0.0625,"densityPerHa":20.96,"renderClass":"15-30"},"geometry":{"type":"MultiPolygon","coordinates":[[[[4.2475785126546475,50.72182070387054],[4.24785446546812,50.7195812815033],[4.244323637448253,50.719404785135254],[4.244047517029546,50.72164419779313],[4.2475785126546475,50.72182070387054]]]]}},{"type":"Feature","id":"3915000-3085250-250","properties":{"cellId":"3915000-3085250-250","municipality":"Halle","population":181,"sideM":250,"areaKm2":0.0625,"densityPerHa":28.96,"renderClass":"15-30"},"geometry":{"type":"MultiPolygon","coordinates":[[[[4.245645922874321,50.73749659929896],[4.245922105748661,50.735257192212316],[4.24239010407879,50.73508062785372],[4.242113753461399,50.73732002522267],[4.245645922874321,50.73749659929896]]]]}},{"type":"Feature","id":"3915000-3085500-250","properties":{"cellId":"3915000-3085500-250","municipality":"Halle","population":162,"sideM":250,"areaKm2":0.0625,"densityPerHa":25.92,"renderClass":"15-30"},"geometry":{"type":"MultiPolygon","coordinates":[[[[4.245369707111642,50.73973600420549],[4.245645922874321,50.73749659929896],[4.242113753461399,50.73732002522267],[4.241837369935965,50.73955942041031],[4.245369707111642,50.73973600420549]]]]}},{"type":"Feature","id":"3915000-3085750-250","properties":{"cellId":"3915000-3085750-250","municipality":"Halle","population":362,"sideM":250,"areaKm2":0.0625,"densityPerHa":57.92,"renderClass":"30-60"},"geometry":{"type":"MultiPolygon","coordinates":[[[[4.245369707111642,50.73973600420549],[4.241837369935965,50.73955942041031],[4.241560953496862,50.741798813417375],[4.2450934584549955,50.74197540693263],[4.245369707111642,50.73973600420549]]]]}},{"type":"Feature","id":"3915000-3089500-250","properties":{"cellId":"3915000-3089500-250","municipality":"Sint-Pieters-Leeuw","population":24,"sideM":250,"areaKm2":0.0625,"densityPerHa":3.84,"renderClass":"under-5"},"geometry":{"type":"MultiPolygon","coordinates":[[[[4.240945777497516,50.77556618679558],[4.24122252024004,50.77332681667411],[4.237687664256634,50.77315008695267],[4.237410753435682,50.77538944733617],[4.240945777497516,50.77556618679558]]]]}},{"type":"Feature","id":"3915250-3083500-250","properties":{"cellId":"3915250-3083500-250","municipality":"Halle","population":159,"sideM":250,"areaKm2":0.0625,"densityPerHa":25.44,"renderClass":"15-30"},"geometry":{"type":"MultiPolygon","coordinates":[[[[4.2475785126546475,50.72182070387054],[4.251109532731976,50.721997101885975],[4.251385317935783,50.7197576698152],[4.24785446546812,50.7195812815033],[4.2475785126546475,50.72182070387054]]]]}},{"type":"Feature","id":"3915250-3084000-250","properties":{"cellId":"3915250-3084000-250","municipality":"Halle","population":252,"sideM":250,"areaKm2":0.0625,"densityPerHa":40.32,"renderClass":"30-60"},"geometry":{"type":"MultiPolygon","coordinates":[[[[4.247302526992204,50.72406012405272],[4.247026508475168,50.72629954205053],[4.250557863830864,50.72647595947655],[4.250833714698875,50.72423653177284],[4.247302526992204,50.72406012405272]]]]}},{"type":"Feature","id":"3915250-3084750-250","properties":{"cellId":"3915250-3084750-250","municipality":"Halle","population":99,"sideM":250,"areaKm2":0.0625,"densityPerHa":15.84,"renderClass":"15-30"},"geometry":{"type":"MultiPolygon","coordinates":[[[[4.2500060635676435,50.73095480833725],[4.246474372854835,50.73077837149589],[4.24619825574029,50.73301778294486],[4.249730114161192,50.73319422949569],[4.2500060635676435,50.73095480833725]]]]}},{"type":"Feature","id":"3915250-3085500-250","properties":{"cellId":"3915250-3085500-250","municipality":"Halle","population":171,"sideM":250,"areaKm2":0.0625,"densityPerHa":27.36,"renderClass":"15-30"},"geometry":{"type":"MultiPolygon","coordinates":[[[[4.245369707111642,50.73973600420549],[4.248902068775018,50.73991247989183],[4.249178116770502,50.73767306527226],[4.245645922874321,50.73749659929896],[4.245369707111642,50.73973600420549]]]]}},{"type":"Feature","id":"3915250-3085750-250","properties":{"cellId":"3915250-3085750-250","municipality":"Halle","population":110,"sideM":250,"areaKm2":0.0625,"densityPerHa":17.6,"renderClass":"15-30"},"geometry":{"type":"MultiPolygon","coordinates":[[[[4.248902068775018,50.73991247989183],[4.245369707111642,50.73973600420549],[4.2450934584549955,50.74197540693263],[4.248625987905271,50.74215189233319],[4.248902068775018,50.73991247989183]]]]}},{"type":"Feature","id":"3915250-3089500-250","properties":{"cellId":"3915250-3089500-250","municipality":"Sint-Pieters-Leeuw","population":12,"sideM":250,"areaKm2":0.0625,"densityPerHa":1.92,"renderClass":"under-5"},"geometry":{"type":"MultiPolygon","coordinates":[[[[4.240945777497516,50.77556618679558],[4.2444808261181945,50.77574281805225],[4.2447574007778375,50.77350343819871],[4.24122252024004,50.77332681667411],[4.240945777497516,50.77556618679558]]]]}},{"type":"Feature","id":"3915250-3089750-250","properties":{"cellId":"3915250-3089750-250","municipality":"Sint-Pieters-Leeuw","population":202,"sideM":250,"areaKm2":0.0625,"densityPerHa":32.32,"renderClass":"30-60"},"geometry":{"type":"MultiPolygon","coordinates":[[[[4.2444808261181945,50.77574281805225],[4.240945777497516,50.77556618679558],[4.240669001770785,50.77780555474903],[4.244204218494105,50.77798219573897],[4.2444808261181945,50.77574281805225]]]]}},{"type":"Feature","id":"3915500-3083000-250","properties":{"cellId":"3915500-3083000-250","municipality":"Halle","population":46,"sideM":250,"areaKm2":0.0625,"densityPerHa":7.36,"renderClass":"5-15"},"geometry":{"type":"MultiPolygon","coordinates":[[[[4.251936789877981,50.71527879911917],[4.2516610703159134,50.717518235559844],[4.255191779622335,50.71769450611796],[4.25546733160966,50.71545505998201],[4.251936789877981,50.71527879911917]]]]}},{"type":"Feature","id":"3915500-3083250-250","properties":{"cellId":"3915500-3083250-250","municipality":"Halle","population":203,"sideM":250,"areaKm2":0.0625,"densityPerHa":32.48,"renderClass":"30-60"},"geometry":{"type":"MultiPolygon","coordinates":[[[[4.251385317935783,50.7197576698152],[4.254916194836616,50.71993395006979],[4.255191779622335,50.71769450611796],[4.2516610703159134,50.717518235559844],[4.251385317935783,50.7197576698152]]]]}},{"type":"Feature","id":"3915500-3083500-250","properties":{"cellId":"3915500-3083500-250","municipality":"Halle","population":127,"sideM":250,"areaKm2":0.0625,"densityPerHa":20.32,"renderClass":"15-30"},"geometry":{"type":"MultiPolygon","coordinates":[[[[4.251109532731976,50.721997101885975],[4.254640577246901,50.72217339183822],[4.254916194836616,50.71993395006979],[4.251385317935783,50.7197576698152],[4.251109532731976,50.721997101885975]]]]}},{"type":"Feature","id":"3915500-3083750-250","properties":{"cellId":"3915500-3083750-250","municipality":"Halle","population":132,"sideM":250,"areaKm2":0.0625,"densityPerHa":21.12,"renderClass":"15-30"},"geometry":{"type":"MultiPolygon","coordinates":[[[[4.254640577246901,50.72217339183822],[4.251109532731976,50.721997101885975],[4.250833714698875,50.72423653177284],[4.254364926847572,50.72441283142393],[4.254640577246901,50.72217339183822]]]]}},{"type":"Feature","id":"3915500-3088500-250","properties":{"cellId":"3915500-3088500-250","municipality":"Sint-Pieters-Leeuw","population":26,"sideM":250,"areaKm2":0.0625,"densityPerHa":4.16,"renderClass":"under-5"},"geometry":{"type":"MultiPolygon","coordinates":[[[[4.245586927026522,50.7667852856299],[4.249121327960548,50.76696176978495],[4.249397602810515,50.76472237153548],[4.245863369884816,50.76454589710189],[4.245586927026522,50.7667852856299]]]]}},{"type":"Feature","id":"3915500-3088750-250","properties":{"cellId":"3915500-3088750-250","municipality":"Sint-Pieters-Leeuw","population":54,"sideM":250,"areaKm2":0.0625,"densityPerHa":8.64,"renderClass":"5-15"},"geometry":{"type":"MultiPolygon","coordinates":[[[[4.249121327960548,50.76696176978495],[4.245586927026522,50.7667852856299],[4.245310451226355,50.76902467198824],[4.2488450201884564,50.76920116586591],[4.249121327960548,50.76696176978495]]]]}},{"type":"Feature","id":"3915500-3090500-250","properties":{"cellId":"3915500-3090500-250","municipality":"Sint-Pieters-Leeuw","population":99,"sideM":250,"areaKm2":0.0625,"densityPerHa":15.84,"renderClass":"15-30"},"geometry":{"type":"MultiPolygon","coordinates":[[[[4.243374197778646,50.784700315805196],[4.246909943490443,50.78487687777471],[4.247186481875383,50.782637496853276],[4.243650904329978,50.78246094461473],[4.243374197778646,50.784700315805196]]]]}},{"type":"Feature","id":"3915750-3083000-250","properties":{"cellId":"3915750-3083000-250","municipality":"Halle","population":57,"sideM":250,"areaKm2":0.0625,"densityPerHa":9.12,"renderClass":"5-15"},"geometry":{"type":"MultiPolygon","coordinates":[[[[4.25546733160966,50.71545505998201],[4.255191779622335,50.71769450611796],[4.258722513342874,50.71787066862339],[4.258997897751038,50.71563121279802],[4.25546733160966,50.71545505998201]]]]}},{"type":"Feature","id":"3915750-3083250-250","properties":{"cellId":"3915750-3083250-250","municipality":"Halle","population":174,"sideM":250,"areaKm2":0.0625,"densityPerHa":27.84,"renderClass":"15-30"},"geometry":{"type":"MultiPolygon","coordinates":[[[[4.255191779622335,50.71769450611796],[4.254916194836616,50.71993395006979],[4.258447096155995,50.72011012226586],[4.258722513342874,50.71787066862339],[4.255191779622335,50.71769450611796]]]]}},{"type":"Feature","id":"3915750-3083750-250","properties":{"cellId":"3915750-3083750-250","municipality":"Halle","population":64,"sideM":250,"areaKm2":0.0625,"densityPerHa":10.24,"renderClass":"5-15"},"geometry":{"type":"MultiPolygon","coordinates":[[[[4.254640577246901,50.72217339183822],[4.254364926847572,50.72441283142393],[4.257896163423663,50.72458902300479],[4.2581716461847945,50.72234957372607],[4.254640577246901,50.72217339183822]]]]}},{"type":"Feature","id":"3915750-3085000-250","properties":{"cellId":"3915750-3085000-250","municipality":"Halle","population":129,"sideM":250,"areaKm2":0.0625,"densityPerHa":20.64,"renderClass":"15-30"},"geometry":{"type":"MultiPolygon","coordinates":[[[[4.253261997041849,50.733370567954054],[4.252986182510233,50.735609996636924],[4.2565182575726475,50.73578623670051],[4.2567939043676075,50.73354679831872],[4.253261997041849,50.733370567954054]]]]}},{"type":"Feature","id":"3915750-3085250-250","properties":{"cellId":"3915750-3085250-250","municipality":"Halle","population":159,"sideM":250,"areaKm2":0.0625,"densityPerHa":25.44,"renderClass":"15-30"},"geometry":{"type":"MultiPolygon","coordinates":[[[[4.252986182510233,50.735609996636924],[4.252710335135306,50.73784942314138],[4.256242577954074,50.73802567290509],[4.2565182575726475,50.73578623670051],[4.252986182510233,50.735609996636924]]]]}},{"type":"Feature","id":"3915750-3085500-250","properties":{"cellId":"3915750-3085500-250","municipality":"Halle","population":141,"sideM":250,"areaKm2":0.0625,"densityPerHa":22.56,"renderClass":"15-30"},"geometry":{"type":"MultiPolygon","coordinates":[[[[4.252710335135306,50.73784942314138],[4.252434454911446,50.7400888474681],[4.255966865506275,50.740265106933094],[4.256242577954074,50.73802567290509],[4.252710335135306,50.73784942314138]]]]}},{"type":"Feature","id":"3915750-3085750-250","properties":{"cellId":"3915750-3085750-250","municipality":"Halle","population":44,"sideM":250,"areaKm2":0.0625,"densityPerHa":7.04,"renderClass":"5-15"},"geometry":{"type":"MultiPolygon","coordinates":[[[[4.252434454911446,50.7400888474681],[4.252158541833031,50.7423282696178],[4.255691120223629,50.7425045387853],[4.255966865506275,50.740265106933094],[4.252434454911446,50.7400888474681]]]]}},{"type":"Feature","id":"3915750-3088500-250","properties":{"cellId":"3915750-3088500-250","municipality":"Sint-Pieters-Leeuw","population":65,"sideM":250,"areaKm2":0.0625,"densityPerHa":10.4,"renderClass":"5-15"},"geometry":{"type":"MultiPolygon","coordinates":[[[[4.249397602810515,50.76472237153548],[4.249121327960548,50.76696176978495],[4.252655753406249,50.76713814575832],[4.252931860243444,50.76489873779328],[4.249397602810515,50.76472237153548]]]]}},{"type":"Feature","id":"3915750-3088750-250","properties":{"cellId":"3915750-3088750-250","municipality":"Sint-Pieters-Leeuw","population":69,"sideM":250,"areaKm2":0.0625,"densityPerHa":11.04,"renderClass":"5-15"},"geometry":{"type":"MultiPolygon","coordinates":[[[[4.249121327960548,50.76696176978495],[4.2488450201884564,50.76920116586591],[4.252379613666676,50.769377551556055],[4.252655753406249,50.76713814575832],[4.249121327960548,50.76696176978495]]]]}},{"type":"Feature","id":"3915750-3089000-250","properties":{"cellId":"3915750-3089000-250","municipality":"Sint-Pieters-Leeuw","population":127,"sideM":250,"areaKm2":0.0625,"densityPerHa":20.32,"renderClass":"15-30"},"geometry":{"type":"MultiPolygon","coordinates":[[[[4.2488450201884564,50.76920116586591],[4.248568679488599,50.77144055977911],[4.25210344101909,50.7716169551872],[4.252379613666676,50.769377551556055],[4.2488450201884564,50.76920116586591]]]]}},{"type":"Feature","id":"3915750-3089250-250","properties":{"cellId":"3915750-3089250-250","municipality":"Sint-Pieters-Leeuw","population":80,"sideM":250,"areaKm2":0.0625,"densityPerHa":12.8,"renderClass":"5-15"},"geometry":{"type":"MultiPolygon","coordinates":[[[[4.248568679488599,50.77144055977911],[4.248292305855338,50.773679951525224],[4.251827235457851,50.77385635665247],[4.25210344101909,50.7716169551872],[4.248568679488599,50.77144055977911]]]]}},{"type":"Feature","id":"3915750-3089500-250","properties":{"cellId":"3915750-3089500-250","municipality":"Sint-Pieters-Leeuw","population":69,"sideM":250,"areaKm2":0.0625,"densityPerHa":11.04,"renderClass":"5-15"},"geometry":{"type":"MultiPolygon","coordinates":[[[[4.248292305855338,50.773679951525224],[4.248015899283029,50.775919341104995],[4.251550996977325,50.77609575595258],[4.251827235457851,50.77385635665247],[4.248292305855338,50.773679951525224]]]]}},{"type":"Feature","id":"3915750-3089750-250","properties":{"cellId":"3915750-3089750-250","municipality":"Sint-Pieters-Leeuw","population":79,"sideM":250,"areaKm2":0.0625,"densityPerHa":12.64,"renderClass":"5-15"},"geometry":{"type":"MultiPolygon","coordinates":[[[[4.248015899283029,50.775919341104995],[4.24773945976603,50.77815872851913],[4.25127472557187,50.77833515308824],[4.251550996977325,50.77609575595258],[4.248015899283029,50.775919341104995]]]]}},{"type":"Feature","id":"3915750-3090750-250","properties":{"cellId":"3915750-3090750-250","municipality":"Sint-Pieters-Leeuw","population":56,"sideM":250,"areaKm2":0.0625,"densityPerHa":8.96,"renderClass":"5-15"},"geometry":{"type":"MultiPolygon","coordinates":[[[[4.246909943490443,50.78487687777471],[4.2466333721382235,50.787116256533345],[4.250169310587909,50.787292720000515],[4.250445713749507,50.78505333151558],[4.246909943490443,50.78487687777471]]]]}},{"type":"Feature","id":"3916000-3083000-250","properties":{"cellId":"3916000-3083000-250","municipality":"Halle","population":75,"sideM":250,"areaKm2":0.0625,"densityPerHa":12,"renderClass":"5-15"},"geometry":{"type":"MultiPolygon","coordinates":[[[[4.258997897751038,50.71563121279802],[4.258722513342874,50.71787066862339],[4.262253271462915,50.71804672307497],[4.262528488287493,50.71580725756601],[4.258997897751038,50.71563121279802]]]]}},{"type":"Feature","id":"3916000-3083750-250","properties":{"cellId":"3916000-3083750-250","municipality":"Halle","population":107,"sideM":250,"areaKm2":0.0625,"densityPerHa":17.12,"renderClass":"15-30"},"geometry":{"type":"MultiPolygon","coordinates":[[[[4.261702739531031,50.72252564754834],[4.2581716461847945,50.72234957372607],[4.257896163423663,50.72458902300479],[4.261427424412519,50.724765106514184],[4.261702739531031,50.72252564754834]]]]}},{"type":"Feature","id":"3916000-3085000-250","properties":{"cellId":"3916000-3085000-250","municipality":"Halle","population":50,"sideM":250,"areaKm2":0.0625,"densityPerHa":8,"renderClass":"5-15"},"geometry":{"type":"MultiPolygon","coordinates":[[[[4.2567939043676075,50.73354679831872],[4.2565182575726475,50.73578623670051],[4.260050357069956,50.73596236866337],[4.260325836123835,50.733722920588505],[4.2567939043676075,50.73354679831872]]]]}},{"type":"Feature","id":"3916000-3085250-250","properties":{"cellId":"3916000-3085250-250","municipality":"Halle","population":38,"sideM":250,"areaKm2":0.0625,"densityPerHa":6.08,"renderClass":"5-15"},"geometry":{"type":"MultiPolygon","coordinates":[[[[4.259774845212168,50.738201814562196],[4.260050357069956,50.73596236866337],[4.2565182575726475,50.73578623670051],[4.256242577954074,50.73802567290509],[4.259774845212168,50.738201814562196]]]]}},{"type":"Feature","id":"3916000-3093500-250","properties":{"cellId":"3916000-3093500-250","municipality":"Sint-Pieters-Leeuw","population":12,"sideM":250,"areaKm2":0.0625,"densityPerHa":1.92,"renderClass":"under-5"},"geometry":{"type":"MultiPolygon","coordinates":[[[[4.250664514097963,50.812102313106145],[4.250941111642222,50.80986293861856],[4.247403465616445,50.8096864861173],[4.247126699659368,50.81192585087135],[4.250664514097963,50.812102313106145]]]]}},{"type":"Feature","id":"3916000-3093750-250","properties":{"cellId":"3916000-3093750-250","municipality":"Sint-Pieters-Leeuw","population":10,"sideM":250,"areaKm2":0.0625,"densityPerHa":1.6,"renderClass":"under-5"},"geometry":{"type":"MultiPolygon","coordinates":[[[[4.250664514097963,50.812102313106145],[4.247126699659368,50.81192585087135],[4.246849900686947,50.81416521347229],[4.250387883558172,50.81434168544183],[4.250664514097963,50.812102313106145]]]]}},{"type":"Feature","id":"3916250-3083000-250","properties":{"cellId":"3916250-3083000-250","municipality":"Halle","population":31,"sideM":250,"areaKm2":0.0625,"densityPerHa":4.96,"renderClass":"under-5"},"geometry":{"type":"MultiPolygon","coordinates":[[[[4.262528488287493,50.71580725756601],[4.262253271462915,50.71804672307497],[4.265784053967823,50.71822266947145],[4.266059103204403,50.71598319428476],[4.262528488287493,50.71580725756601]]]]}},{"type":"Feature","id":"3916250-3083250-250","properties":{"cellId":"3916250-3083250-250","municipality":"Halle","population":145,"sideM":250,"areaKm2":0.0625,"densityPerHa":23.2,"renderClass":"15-30"},"geometry":{"type":"MultiPolygon","coordinates":[[[[4.261978021879293,50.72028618640218],[4.265508971991879,50.72046214247756],[4.265784053967823,50.71822266947145],[4.262253271462915,50.71804672307497],[4.261978021879293,50.72028618640218]]]]}},{"type":"Feature","id":"3916250-3083500-250","properties":{"cellId":"3916250-3083500-250","municipality":"Halle","population":82,"sideM":250,"areaKm2":0.0625,"densityPerHa":13.12,"renderClass":"5-15"},"geometry":{"type":"MultiPolygon","coordinates":[[[[4.261702739531031,50.72252564754834],[4.265233857270972,50.72270161330381],[4.265508971991879,50.72046214247756],[4.261978021879293,50.72028618640218],[4.261702739531031,50.72252564754834]]]]}},{"type":"Feature","id":"3916250-3083750-250","properties":{"cellId":"3916250-3083750-250","municipality":"Halle","population":58,"sideM":250,"areaKm2":0.0625,"densityPerHa":9.28,"renderClass":"5-15"},"geometry":{"type":"MultiPolygon","coordinates":[[[[4.265233857270972,50.72270161330381],[4.261702739531031,50.72252564754834],[4.261427424412519,50.724765106514184],[4.264958709799501,50.72494108195093],[4.265233857270972,50.72270161330381]]]]}},{"type":"Feature","id":"3916250-3085000-250","properties":{"cellId":"3916250-3085000-250","municipality":"Halle","population":31,"sideM":250,"areaKm2":0.0625,"densityPerHa":4.96,"renderClass":"under-5"},"geometry":{"type":"MultiPolygon","coordinates":[[[[4.260325836123835,50.733722920588505],[4.260050357069956,50.73596236866337],[4.263582480987509,50.73613839252428],[4.26385779229588,50.73389893476221],[4.260325836123835,50.733722920588505]]]]}},{"type":"Feature","id":"3916250-3085250-250","properties":{"cellId":"3916250-3085250-250","municipality":"Halle","population":75,"sideM":250,"areaKm2":0.0625,"densityPerHa":12,"renderClass":"5-15"},"geometry":{"type":"MultiPolygon","coordinates":[[[[4.259774845212168,50.738201814562196],[4.263307136894933,50.73837784811148],[4.263582480987509,50.73613839252428],[4.260050357069956,50.73596236866337],[4.259774845212168,50.738201814562196]]]]}},{"type":"Feature","id":"3916250-3086000-250","properties":{"cellId":"3916250-3086000-250","municipality":"Halle","population":97,"sideM":250,"areaKm2":0.0625,"densityPerHa":15.52,"renderClass":"15-30"},"geometry":{"type":"MultiPolygon","coordinates":[[[[4.25922372306241,50.74268069983449],[4.258948112759205,50.74492013920938],[4.262480907855853,50.74509620183096],[4.262756350334718,50.74285675276411],[4.25922372306241,50.74268069983449]]]]}},{"type":"Feature","id":"3916250-3093500-250","properties":{"cellId":"3916250-3093500-250","municipality":"Sint-Pieters-Leeuw","population":36,"sideM":250,"areaKm2":0.0625,"densityPerHa":5.76,"renderClass":"5-15"},"geometry":{"type":"MultiPolygon","coordinates":[[[[4.250664514097963,50.812102313106145],[4.254202353107874,50.81227866703928],[4.254478782234852,50.81003928282402],[4.250941111642222,50.80986293861856],[4.250664514097963,50.812102313106145]]]]}},{"type":"Feature","id":"3916250-3093750-250","properties":{"cellId":"3916250-3093750-250","municipality":"Sint-Pieters-Leeuw","population":24,"sideM":250,"areaKm2":0.0625,"densityPerHa":3.84,"renderClass":"under-5"},"geometry":{"type":"MultiPolygon","coordinates":[[[[4.254202353107874,50.81227866703928],[4.250664514097963,50.812102313106145],[4.250387883558172,50.81434168544183],[4.253925891005176,50.81451804910383],[4.254202353107874,50.81227866703928]]]]}},{"type":"Feature","id":"3916500-3086500-250","properties":{"cellId":"3916500-3086500-250","municipality":"Halle","population":254,"sideM":250,"areaKm2":0.0625,"densityPerHa":40.64,"renderClass":"30-60"},"geometry":{"type":"MultiPolygon","coordinates":[[[[4.261929924472536,50.74957509344929],[4.265463079709174,50.74975106731999],[4.265738419938764,50.74751161290803],[4.2622054325703305,50.74733564872577],[4.261929924472536,50.74957509344929]]]]}},{"type":"Feature","id":"3916500-3086750-250","properties":{"cellId":"3916500-3086750-250","municipality":"Beersel","population":80,"sideM":250,"areaKm2":0.0625,"densityPerHa":12.8,"renderClass":"5-15"},"geometry":{"type":"MultiPolygon","coordinates":[[[[4.265463079709174,50.74975106731999],[4.261929924472536,50.74957509344929],[4.261654383556851,50.75181453600218],[4.2651877066814174,50.75199051956253],[4.265463079709174,50.74975106731999]]]]}},{"type":"Feature","id":"3916500-3090500-250","properties":{"cellId":"3916500-3090500-250","municipality":"Sint-Pieters-Leeuw","population":123,"sideM":250,"areaKm2":0.0625,"densityPerHa":19.68,"renderClass":"15-30"},"geometry":{"type":"MultiPolygon","coordinates":[[[[4.257517327850637,50.7854059143065],[4.26105317166329,50.78558204335413],[4.26132903733816,50.783342623567535],[4.257793361709694,50.78316650422736],[4.257517327850637,50.7854059143065]]]]}},{"type":"Feature","id":"3916500-3090750-250","properties":{"cellId":"3916500-3090750-250","municipality":"Sint-Pieters-Leeuw","population":38,"sideM":250,"areaKm2":0.0625,"densityPerHa":6.08,"renderClass":"5-15"},"geometry":{"type":"MultiPolygon","coordinates":[[[[4.26105317166329,50.78558204335413],[4.257517327850637,50.7854059143065],[4.257241261083632,50.7876453222264],[4.26077727310025,50.78782146098272],[4.26105317166329,50.78558204335413]]]]}},{"type":"Feature","id":"3916500-3092250-250","properties":{"cellId":"3916500-3092250-250","municipality":"Sint-Pieters-Leeuw","population":156,"sideM":250,"areaKm2":0.0625,"densityPerHa":24.96,"renderClass":"15-30"},"geometry":{"type":"MultiPolygon","coordinates":[[[[4.255584169098697,50.80108172444175],[4.25912119075462,50.80125792147508],[4.259397286765113,50.79901851677982],[4.2558604334318915,50.798842329462325],[4.255584169098697,50.80108172444175]]]]}},{"type":"Feature","id":"3916750-3085500-250","properties":{"cellId":"3916750-3085500-250","municipality":"Halle","population":172,"sideM":250,"areaKm2":0.0625,"densityPerHa":27.52,"renderClass":"15-30"},"geometry":{"type":"MultiPolygon","coordinates":[[[[4.266839452987716,50.73855377355176],[4.266564243894666,50.74079323664852],[4.2700967521765865,50.74096906365641],[4.270371793475874,50.7387295908818],[4.266839452987716,50.73855377355176]]]]}},{"type":"Feature","id":"3916750-3086250-250","properties":{"cellId":"3916750-3086250-250","municipality":"Beersel","population":78,"sideM":250,"areaKm2":0.0625,"densityPerHa":12.48,"renderClass":"5-15"},"geometry":{"type":"MultiPolygon","coordinates":[[[[4.266013727375798,50.74527215632593],[4.265738419938764,50.74751161290803],[4.26927143172026,50.74768746895659],[4.269546571304388,50.745448002693095],[4.266013727375798,50.74527215632593]]]]}},{"type":"Feature","id":"3916750-3086500-250","properties":{"cellId":"3916750-3086500-250","municipality":"Beersel","population":76,"sideM":250,"areaKm2":0.0625,"densityPerHa":12.16,"renderClass":"5-15"},"geometry":{"type":"MultiPolygon","coordinates":[[[[4.265738419938764,50.74751161290803],[4.265463079709174,50.74975106731999],[4.268996259363302,50.74992693305114],[4.26927143172026,50.74768746895659],[4.265738419938764,50.74751161290803]]]]}},{"type":"Feature","id":"3916750-3086750-250","properties":{"cellId":"3916750-3086750-250","municipality":"Beersel","population":151,"sideM":250,"areaKm2":0.0625,"densityPerHa":24.16,"renderClass":"15-30"},"geometry":{"type":"MultiPolygon","coordinates":[[[[4.265463079709174,50.74975106731999],[4.2651877066814174,50.75199051956253],[4.268721054227903,50.75216639497748],[4.268996259363302,50.74992693305114],[4.265463079709174,50.74975106731999]]]]}},{"type":"Feature","id":"3916750-3090500-250","properties":{"cellId":"3916750-3090500-250","municipality":"Sint-Pieters-Leeuw","population":57,"sideM":250,"areaKm2":0.0625,"densityPerHa":9.12,"renderClass":"5-15"},"geometry":{"type":"MultiPolygon","coordinates":[[[[4.26132903733816,50.783342623567535],[4.26105317166329,50.78558204335413],[4.264589039964398,50.78575806416829],[4.264864737450636,50.78351863468008],[4.26132903733816,50.783342623567535]]]]}},{"type":"Feature","id":"3916750-3090750-250","properties":{"cellId":"3916750-3090750-250","municipality":"Sint-Pieters-Leeuw","population":18,"sideM":250,"areaKm2":0.0625,"densityPerHa":2.88,"renderClass":"under-5"},"geometry":{"type":"MultiPolygon","coordinates":[[[[4.26105317166329,50.78558204335413],[4.26077727310025,50.78782146098272],[4.264313309609768,50.78799749149966],[4.264589039964398,50.78575806416829],[4.26105317166329,50.78558204335413]]]]}},{"type":"Feature","id":"3916750-3092000-250","properties":{"cellId":"3916750-3092000-250","municipality":"Sint-Pieters-Leeuw","population":81,"sideM":250,"areaKm2":0.0625,"densityPerHa":12.96,"renderClass":"5-15"},"geometry":{"type":"MultiPolygon","coordinates":[[[[4.259673349853599,50.796779109930796],[4.259397286765113,50.79901851677982],[4.262934164613472,50.79919459582856],[4.263210059394606,50.796955179270796],[4.259673349853599,50.796779109930796]]]]}},{"type":"Feature","id":"3916750-3092250-250","properties":{"cellId":"3916750-3092250-250","municipality":"Sint-Pieters-Leeuw","population":192,"sideM":250,"areaKm2":0.0625,"densityPerHa":30.72,"renderClass":"30-60"},"geometry":{"type":"MultiPolygon","coordinates":[[[[4.259397286765113,50.79901851677982],[4.25912119075462,50.80125792147508],[4.262658236930124,50.801434010233756],[4.262934164613472,50.79919459582856],[4.259397286765113,50.79901851677982]]]]}},{"type":"Feature","id":"3917000-3084500-250","properties":{"cellId":"3917000-3084500-250","municipality":"Halle","population":21,"sideM":250,"areaKm2":0.0625,"densityPerHa":3.36,"renderClass":"under-5"},"geometry":{"type":"MultiPolygon","coordinates":[[[[4.2747285824863255,50.73218683973417],[4.275003325098271,50.72994734860088],[4.271471631225064,50.72977167805837],[4.271196720893755,50.7320111595244],[4.2747285824863255,50.73218683973417]]]]}},{"type":"Feature","id":"3917000-3084750-250","properties":{"cellId":"3917000-3084750-250","municipality":"Halle","population":53,"sideM":250,"areaKm2":0.0625,"densityPerHa":8.48,"renderClass":"5-15"},"geometry":{"type":"MultiPolygon","coordinates":[[[[4.2747285824863255,50.73218683973417],[4.271196720893755,50.7320111595244],[4.270921777828853,50.734250638816505],[4.274453807160491,50.73442632869472],[4.2747285824863255,50.73218683973417]]]]}},{"type":"Feature","id":"3917000-3085000-250","properties":{"cellId":"3917000-3085000-250","municipality":"Halle","population":19,"sideM":250,"areaKm2":0.0625,"densityPerHa":3.04,"renderClass":"under-5"},"geometry":{"type":"MultiPolygon","coordinates":[[[[4.270921777828853,50.734250638816505],[4.2706468020247605,50.73649011593542],[4.274178999115165,50.736665815483235],[4.274453807160491,50.73442632869472],[4.270921777828853,50.734250638816505]]]]}},{"type":"Feature","id":"3917000-3085250-250","properties":{"cellId":"3917000-3085250-250","municipality":"Halle","population":35,"sideM":250,"areaKm2":0.0625,"densityPerHa":5.6,"renderClass":"5-15"},"geometry":{"type":"MultiPolygon","coordinates":[[[[4.273904158344751,50.73890530010043],[4.274178999115165,50.736665815483235],[4.2706468020247605,50.73649011593542],[4.270371793475874,50.7387295908818],[4.273904158344751,50.73890530010043]]]]}},{"type":"Feature","id":"3917000-3090000-250","properties":{"cellId":"3917000-3090000-250","municipality":"Sint-Pieters-Leeuw","population":35,"sideM":250,"areaKm2":0.0625,"densityPerHa":5.6,"renderClass":"5-15"},"geometry":{"type":"MultiPolygon","coordinates":[[[[4.265416033840448,50.779039769230245],[4.265140402074109,50.78127920303431],[4.268675958482596,50.781455096223496],[4.268951422095412,50.77921565272611],[4.265416033840448,50.779039769230245]]]]}},{"type":"Feature","id":"3917000-3090250-250","properties":{"cellId":"3917000-3090250-250","municipality":"Sint-Pieters-Leeuw","population":31,"sideM":250,"areaKm2":0.0625,"densityPerHa":4.96,"renderClass":"under-5"},"geometry":{"type":"MultiPolygon","coordinates":[[[[4.268400462032417,50.783694537563804],[4.268675958482596,50.781455096223496],[4.265140402074109,50.78127920303431],[4.264864737450636,50.78351863468008],[4.268400462032417,50.783694537563804]]]]}},{"type":"Feature","id":"3917000-3090500-250","properties":{"cellId":"3917000-3090500-250","municipality":"Sint-Pieters-Leeuw","population":30,"sideM":250,"areaKm2":0.0625,"densityPerHa":4.8,"renderClass":"under-5"},"geometry":{"type":"MultiPolygon","coordinates":[[[[4.268124932739253,50.785933976747735],[4.268400462032417,50.783694537563804],[4.264864737450636,50.78351863468008],[4.264589039964398,50.78575806416829],[4.268124932739253,50.785933976747735]]]]}},{"type":"Feature","id":"3917250-3084500-250","properties":{"cellId":"3917250-3084500-250","municipality":"Beersel","population":53,"sideM":250,"areaKm2":0.0625,"densityPerHa":8.48,"renderClass":"5-15"},"geometry":{"type":"MultiPolygon","coordinates":[[[[4.2747285824863255,50.73218683973417],[4.27826046843172,50.73236241184889],[4.278535043319885,50.73012291105422],[4.275003325098271,50.72994734860088],[4.2747285824863255,50.73218683973417]]]]}},{"type":"Feature","id":"3917250-3084750-250","properties":{"cellId":"3917250-3084750-250","municipality":"Halle","population":98,"sideM":250,"areaKm2":0.0625,"densityPerHa":15.68,"renderClass":"15-30"},"geometry":{"type":"MultiPolygon","coordinates":[[[[4.27826046843172,50.73236241184889],[4.2747285824863255,50.73218683973417],[4.274453807160491,50.73442632869472],[4.277985860849361,50.73460191047202],[4.27826046843172,50.73236241184889]]]]}},{"type":"Feature","id":"3917250-3085000-250","properties":{"cellId":"3917250-3085000-250","municipality":"Beersel","population":56,"sideM":250,"areaKm2":0.0625,"densityPerHa":8.96,"renderClass":"5-15"},"geometry":{"type":"MultiPolygon","coordinates":[[[[4.274453807160491,50.73442632869472],[4.274178999115165,50.736665815483235],[4.27771122056722,50.736841406924285],[4.277985860849361,50.73460191047202],[4.274453807160491,50.73442632869472]]]]}},{"type":"Feature","id":"3917250-3085250-250","properties":{"cellId":"3917250-3085250-250","municipality":"Beersel","population":49,"sideM":250,"areaKm2":0.0625,"densityPerHa":7.84,"renderClass":"5-15"},"geometry":{"type":"MultiPolygon","coordinates":[[[[4.273904158344751,50.73890530010043],[4.277436547579696,50.739080901206414],[4.27771122056722,50.736841406924285],[4.274178999115165,50.736665815483235],[4.273904158344751,50.73890530010043]]]]}},{"type":"Feature","id":"3917250-3090000-250","properties":{"cellId":"3917250-3090000-250","municipality":"Sint-Pieters-Leeuw","population":221,"sideM":250,"areaKm2":0.0625,"densityPerHa":35.36,"renderClass":"30-60"},"geometry":{"type":"MultiPolygon","coordinates":[[[[4.268951422095412,50.77921565272611],[4.268675958482596,50.781455096223496],[4.272211539341247,50.78163088118853],[4.272486834796104,50.77939142800367],[4.268951422095412,50.77921565272611]]]]}},{"type":"Feature","id":"3917250-3090250-250","properties":{"cellId":"3917250-3090250-250","municipality":"Sint-Pieters-Leeuw","population":160,"sideM":250,"areaKm2":0.0625,"densityPerHa":25.6,"renderClass":"15-30"},"geometry":{"type":"MultiPolygon","coordinates":[[[[4.268400462032417,50.783694537563804],[4.271936211068801,50.7838703322175],[4.272211539341247,50.78163088118853],[4.268675958482596,50.781455096223496],[4.268400462032417,50.783694537563804]]]]}},{"type":"Feature","id":"3917250-3090500-250","properties":{"cellId":"3917250-3090500-250","municipality":"Sint-Pieters-Leeuw","population":50,"sideM":250,"areaKm2":0.0625,"densityPerHa":8,"renderClass":"5-15"},"geometry":{"type":"MultiPolygon","coordinates":[[[[4.268124932739253,50.785933976747735],[4.271660849973147,50.78610978109128],[4.271936211068801,50.7838703322175],[4.268400462032417,50.783694537563804],[4.268124932739253,50.785933976747735]]]]}},{"type":"Feature","id":"3917500-3085000-250","properties":{"cellId":"3917500-3085000-250","municipality":"Beersel","population":44,"sideM":250,"areaKm2":0.0625,"densityPerHa":7.04,"renderClass":"5-15"},"geometry":{"type":"MultiPolygon","coordinates":[[[[4.277985860849361,50.73460191047202],[4.27771122056722,50.736841406924285],[4.281243466366279,50.73701689025737],[4.2815179388808255,50.734777384147215],[4.277985860849361,50.73460191047202]]]]}},{"type":"Feature","id":"3917500-3085250-250","properties":{"cellId":"3917500-3085250-250","municipality":"Beersel","population":21,"sideM":250,"areaKm2":0.0625,"densityPerHa":3.36,"renderClass":"under-5"},"geometry":{"type":"MultiPolygon","coordinates":[[[[4.277436547579696,50.739080901206414],[4.280968961166059,50.73925639419859],[4.281243466366279,50.73701689025737],[4.27771122056722,50.736841406924285],[4.277436547579696,50.739080901206414]]]]}},{"type":"Feature","id":"3917500-3086500-250","properties":{"cellId":"3917500-3086500-250","municipality":"Beersel","population":28,"sideM":250,"areaKm2":0.0625,"densityPerHa":4.48,"renderClass":"under-5"},"geometry":{"type":"MultiPolygon","coordinates":[[[[4.276062691865381,50.75027834009003],[4.279595944684001,50.750453881395316],[4.279870613396534,50.74821438828818],[4.2763375284638085,50.74803885664788],[4.276062691865381,50.75027834009003]]]]}},{"type":"Feature","id":"3917500-3086750-250","properties":{"cellId":"3917500-3086750-250","municipality":"Beersel","population":54,"sideM":250,"areaKm2":0.0625,"densityPerHa":8.64,"renderClass":"5-15"},"geometry":{"type":"MultiPolygon","coordinates":[[[[4.279595944684001,50.750453881395316],[4.276062691865381,50.75027834009003],[4.275787822527967,50.752517821366304],[4.279321243252211,50.75269337233778],[4.279595944684001,50.750453881395316]]]]}},{"type":"Feature","id":"3917500-3087500-250","properties":{"cellId":"3917500-3087500-250","municipality":"Beersel","population":174,"sideM":250,"areaKm2":0.0625,"densityPerHa":27.84,"renderClass":"15-30"},"geometry":{"type":"MultiPolygon","coordinates":[[[[4.274963018025727,50.75923625220712],[4.2784969425852415,50.75941183218424],[4.278771742208433,50.75717234773154],[4.275237985613749,50.75699677742414],[4.274963018025727,50.75923625220712]]]]}},{"type":"Feature","id":"3917500-3091250-250","properties":{"cellId":"3917500-3091250-250","municipality":"Sint-Pieters-Leeuw","population":136,"sideM":250,"areaKm2":0.0625,"densityPerHa":21.76,"renderClass":"15-30"},"geometry":{"type":"MultiPolygon","coordinates":[[[[4.270834569690655,50.79282811478863],[4.274371016093414,50.79300383995407],[4.274646307431162,50.79076438785406],[4.2711100292897,50.79058867237614],[4.270834569690655,50.79282811478863]]]]}},{"type":"Feature","id":"3917750-3085000-250","properties":{"cellId":"3917750-3085000-250","municipality":"Beersel","population":131,"sideM":250,"areaKm2":0.0625,"densityPerHa":20.96,"renderClass":"15-30"},"geometry":{"type":"MultiPolygon","coordinates":[[[[4.2815179388808255,50.734777384147215],[4.281243466366279,50.73701689025737],[4.284775736497688,50.73719226548129],[4.28505004124023,50.7349527497191],[4.2815179388808255,50.734777384147215]]]]}},{"type":"Feature","id":"3917750-3085250-250","properties":{"cellId":"3917750-3085250-250","municipality":"Beersel","population":89,"sideM":250,"areaKm2":0.0625,"densityPerHa":14.24,"renderClass":"5-15"},"geometry":{"type":"MultiPolygon","coordinates":[[[[4.281243466366279,50.73701689025737],[4.280968961166059,50.73925639419859],[4.28450139908918,50.73943177907572],[4.284775736497688,50.73719226548129],[4.281243466366279,50.73701689025737]]]]}},{"type":"Feature","id":"3917750-3086500-250","properties":{"cellId":"3917750-3086500-250","municipality":"Beersel","population":89,"sideM":250,"areaKm2":0.0625,"densityPerHa":14.24,"renderClass":"5-15"},"geometry":{"type":"MultiPolygon","coordinates":[[[[4.279870613396534,50.74821438828818],[4.279595944684001,50.750453881395316],[4.283129221861452,50.750629314556264],[4.283403722683674,50.74838981178999],[4.279870613396534,50.74821438828818]]]]}},{"type":"Feature","id":"3917750-3086750-250","properties":{"cellId":"3917750-3086750-250","municipality":"Beersel","population":107,"sideM":250,"areaKm2":0.0625,"densityPerHa":17.12,"renderClass":"15-30"},"geometry":{"type":"MultiPolygon","coordinates":[[[[4.279595944684001,50.750453881395316],[4.279321243252211,50.75269337233778],[4.2828546883396985,50.75286881515905],[4.283129221861452,50.750629314556264],[4.279595944684001,50.750453881395316]]]]}},{"type":"Feature","id":"3917750-3087500-250","properties":{"cellId":"3917750-3087500-250","municipality":"Beersel","population":203,"sideM":250,"areaKm2":0.0625,"densityPerHa":32.48,"renderClass":"30-60"},"geometry":{"type":"MultiPolygon","coordinates":[[[[4.278771742208433,50.75717234773154],[4.2784969425852415,50.75941183218424],[4.282030891521261,50.75958730399355],[4.282305523175206,50.757347809876975],[4.278771742208433,50.75717234773154]]]]}},{"type":"Feature","id":"3917750-3087750-250","properties":{"cellId":"3917750-3087750-250","municipality":"Beersel","population":115,"sideM":250,"areaKm2":0.0625,"densityPerHa":18.4,"renderClass":"15-30"},"geometry":{"type":"MultiPolygon","coordinates":[[[[4.2784969425852415,50.75941183218424],[4.278222110220372,50.761651314475124],[4.2817562271453795,50.761826795949474],[4.282030891521261,50.75958730399355],[4.2784969425852415,50.75941183218424]]]]}},{"type":"Feature","id":"3917750-3088250-250","properties":{"cellId":"3917750-3088250-250","municipality":"Beersel","population":267,"sideM":250,"areaKm2":0.0625,"densityPerHa":42.72,"renderClass":"30-60"},"geometry":{"type":"MultiPolygon","coordinates":[[[[4.277947245108217,50.76389079460489],[4.277672347243167,50.76613027257424],[4.281206800205397,50.766305773382236],[4.281481530041961,50.764066285745464],[4.277947245108217,50.76389079460489]]]]}},{"type":"Feature","id":"3917750-3092000-250","properties":{"cellId":"3917750-3092000-250","municipality":"Sint-Pieters-Leeuw","population":56,"sideM":250,"areaKm2":0.0625,"densityPerHa":8.96,"renderClass":"5-15"},"geometry":{"type":"MultiPolygon","coordinates":[[[[4.273820334934511,50.79748273770137],[4.273544945102096,50.799722183350084],[4.277081920863748,50.79989782931164],[4.277357142371043,50.79765837397773],[4.273820334934511,50.79748273770137]]]]}},{"type":"Feature","id":"3918000-3084500-250","properties":{"cellId":"3918000-3084500-250","municipality":"Beersel","population":147,"sideM":250,"areaKm2":0.0625,"densityPerHa":23.52,"renderClass":"15-30"},"geometry":{"type":"MultiPolygon","coordinates":[[[[4.288856272238388,50.732888479610814],[4.289130343928771,50.73064894986713],[4.285598552749782,50.73047371168854],[4.285324313322398,50.732713231788416],[4.288856272238388,50.732888479610814]]]]}},{"type":"Feature","id":"3918000-3084750-250","properties":{"cellId":"3918000-3084750-250","municipality":"Beersel","population":124,"sideM":250,"areaKm2":0.0625,"densityPerHa":19.84,"renderClass":"15-30"},"geometry":{"type":"MultiPolygon","coordinates":[[[[4.288856272238388,50.732888479610814],[4.285324313322398,50.732713231788416],[4.28505004124023,50.7349527497191],[4.288582167912925,50.735128007186475],[4.288856272238388,50.732888479610814]]]]}},{"type":"Feature","id":"3918000-3090500-250","properties":{"cellId":"3918000-3090500-250","municipality":"Sint-Pieters-Leeuw","population":169,"sideM":250,"areaKm2":0.0625,"densityPerHa":27.04,"renderClass":"15-30"},"geometry":{"type":"MultiPolygon","coordinates":[[[[4.282268748281983,50.786636544694375],[4.282543604758514,50.784397066786326],[4.279007782446557,50.784221596829966],[4.278732757759221,50.78646106506581],[4.282268748281983,50.786636544694375]]]]}},{"type":"Feature","id":"3918000-3091000-250","properties":{"cellId":"3918000-3091000-250","municipality":"Sint-Pieters-Leeuw","population":135,"sideM":250,"areaKm2":0.0625,"densityPerHa":21.6,"renderClass":"15-30"},"geometry":{"type":"MultiPolygon","coordinates":[[[[4.278457700282614,50.788700531149544],[4.278182610011115,50.79093999508189],[4.281718937014837,50.791115494058445],[4.281993859035964,50.788876020451504],[4.278457700282614,50.788700531149544]]]]}},{"type":"Feature","id":"3918000-3091500-250","properties":{"cellId":"3918000-3091500-250","municipality":"Sint-Pieters-Leeuw","population":343,"sideM":250,"areaKm2":0.0625,"densityPerHa":54.88,"renderClass":"30-60"},"geometry":{"type":"MultiPolygon","coordinates":[[[[4.281168994624802,50.79559443482456],[4.281443982212993,50.79335496551588],[4.2779074869391,50.79317945686357],[4.277632331060951,50.79541891649527],[4.281168994624802,50.79559443482456]]]]}},{"type":"Feature","id":"3918000-3091750-250","properties":{"cellId":"3918000-3091750-250","municipality":"Sint-Pieters-Leeuw","population":164,"sideM":250,"areaKm2":0.0625,"densityPerHa":26.24,"renderClass":"15-30"},"geometry":{"type":"MultiPolygon","coordinates":[[[[4.281168994624802,50.79559443482456],[4.277632331060951,50.79541891649527],[4.277357142371043,50.79765837397773],[4.280893974244648,50.797833901985165],[4.281168994624802,50.79559443482456]]]]}},{"type":"Feature","id":"3918000-3092000-250","properties":{"cellId":"3918000-3092000-250","municipality":"Sint-Pieters-Leeuw","population":89,"sideM":250,"areaKm2":0.0625,"densityPerHa":14.24,"renderClass":"5-15"},"geometry":{"type":"MultiPolygon","coordinates":[[[[4.277357142371043,50.79765837397773],[4.277081920863748,50.79989782931164],[4.280618921066912,50.800073366998404],[4.280893974244648,50.797833901985165],[4.277357142371043,50.79765837397773]]]]}},{"type":"Feature","id":"3918250-3084500-250","properties":{"cellId":"3918250-3084500-250","municipality":"Beersel","population":35,"sideM":250,"areaKm2":0.0625,"densityPerHa":5.6,"renderClass":"5-15"},"geometry":{"type":"MultiPolygon","coordinates":[[[[4.288856272238388,50.732888479610814],[4.2923882554486195,50.73306361933335],[4.292662159397598,50.730824079951724],[4.289130343928771,50.73064894986713],[4.288856272238388,50.732888479610814]]]]}},{"type":"Feature","id":"3918250-3090500-250","properties":{"cellId":"3918250-3090500-250","municipality":"Sint-Pieters-Leeuw","population":129,"sideM":250,"areaKm2":0.0625,"densityPerHa":20.64,"renderClass":"15-30"},"geometry":{"type":"MultiPolygon","coordinates":[[[[4.282268748281983,50.786636544694375],[4.2858047632049505,50.78681191608222],[4.286079451466248,50.784572428507836],[4.282543604758514,50.784397066786326],[4.282268748281983,50.786636544694375]]]]}},{"type":"Feature","id":"3918250-3090750-250","properties":{"cellId":"3918250-3090750-250","municipality":"Sint-Pieters-Leeuw","population":272,"sideM":250,"areaKm2":0.0625,"densityPerHa":43.52,"renderClass":"30-60"},"geometry":{"type":"MultiPolygon","coordinates":[[[[4.2858047632049505,50.78681191608222],[4.282268748281983,50.786636544694375],[4.281993859035964,50.788876020451504],[4.2855300421939475,50.789051401506875],[4.2858047632049505,50.78681191608222]]]]}},{"type":"Feature","id":"3918250-3091500-250","properties":{"cellId":"3918250-3091500-250","municipality":"Sint-Pieters-Leeuw","population":188,"sideM":250,"areaKm2":0.0625,"densityPerHa":30.08,"renderClass":"30-60"},"geometry":{"type":"MultiPolygon","coordinates":[[[[4.281168994624802,50.79559443482456],[4.284705682606577,50.795769844889584],[4.2849805019003755,50.79353036590985],[4.281443982212993,50.79335496551588],[4.281168994624802,50.79559443482456]]]]}},{"type":"Feature","id":"3918250-3091750-250","properties":{"cellId":"3918250-3091750-250","municipality":"Sint-Pieters-Leeuw","population":325,"sideM":250,"areaKm2":0.0625,"densityPerHa":52,"renderClass":"30-60"},"geometry":{"type":"MultiPolygon","coordinates":[[[[4.284705682606577,50.795769844889584],[4.281168994624802,50.79559443482456],[4.280893974244648,50.797833901985165],[4.284430830540611,50.79800932172244],[4.284705682606577,50.795769844889584]]]]}},{"type":"Feature","id":"3918250-3092000-250","properties":{"cellId":"3918250-3092000-250","municipality":"Sint-Pieters-Leeuw","population":178,"sideM":250,"areaKm2":0.0625,"densityPerHa":28.48,"renderClass":"15-30"},"geometry":{"type":"MultiPolygon","coordinates":[[[[4.280893974244648,50.797833901985165],[4.280618921066912,50.800073366998404],[4.2841559456968605,50.80024879640914],[4.284430830540611,50.79800932172244],[4.280893974244648,50.797833901985165]]]]}},{"type":"Feature","id":"3918250-3092250-250","properties":{"cellId":"3918250-3092250-250","municipality":"Sint-Pieters-Leeuw","population":154,"sideM":250,"areaKm2":0.0625,"densityPerHa":24.64,"renderClass":"15-30"},"geometry":{"type":"MultiPolygon","coordinates":[[[[4.280343835085965,50.80231282986501],[4.283881028069709,50.802488268950384],[4.2841559456968605,50.80024879640914],[4.280618921066912,50.800073366998404],[4.280343835085965,50.80231282986501]]]]}},{"type":"Feature","id":"3918500-3083500-250","properties":{"cellId":"3918500-3083500-250","municipality":"Beersel","population":87,"sideM":250,"areaKm2":0.0625,"densityPerHa":13.92,"renderClass":"5-15"},"geometry":{"type":"MultiPolygon","coordinates":[[[[4.293483675608081,50.72410544879873],[4.297015012232886,50.72428044189898],[4.297288618109142,50.72204088421553],[4.2937574491513475,50.72186590074264],[4.293483675608081,50.72410544879873]]]]}},{"type":"Feature","id":"3918500-3083750-250","properties":{"cellId":"3918500-3083750-250","municipality":"Beersel","population":41,"sideM":250,"areaKm2":0.0625,"densityPerHa":6.56,"renderClass":"5-15"},"geometry":{"type":"MultiPolygon","coordinates":[[[[4.297015012232886,50.72428044189898],[4.293483675608081,50.72410544879873],[4.29320986947175,50.726344994685135],[4.296741373783261,50.72651999741394],[4.297015012232886,50.72428044189898]]]]}},{"type":"Feature","id":"3918500-3084000-250","properties":{"cellId":"3918500-3084000-250","municipality":"Beersel","population":142,"sideM":250,"areaKm2":0.0625,"densityPerHa":22.72,"renderClass":"15-30"},"geometry":{"type":"MultiPolygon","coordinates":[[[[4.29320986947175,50.726344994685135],[4.292936030736785,50.72858453840257],[4.296467702754697,50.72875955076107],[4.296741373783261,50.72651999741394],[4.29320986947175,50.726344994685135]]]]}},{"type":"Feature","id":"3918500-3084250-250","properties":{"cellId":"3918500-3084250-250","municipality":"Beersel","population":168,"sideM":250,"areaKm2":0.0625,"densityPerHa":26.88,"renderClass":"15-30"},"geometry":{"type":"MultiPolygon","coordinates":[[[[4.292662159397598,50.730824079951724],[4.296193999141614,50.73099910194115],[4.296467702754697,50.72875955076107],[4.292936030736785,50.72858453840257],[4.292662159397598,50.730824079951724]]]]}},{"type":"Feature","id":"3918500-3084500-250","properties":{"cellId":"3918500-3084500-250","municipality":"Beersel","population":38,"sideM":250,"areaKm2":0.0625,"densityPerHa":6.08,"renderClass":"5-15"},"geometry":{"type":"MultiPolygon","coordinates":[[[[4.2923882554486195,50.73306361933335],[4.295920262938438,50.73323865095487],[4.296193999141614,50.73099910194115],[4.292662159397598,50.730824079951724],[4.2923882554486195,50.73306361933335]]]]}},{"type":"Feature","id":"3918500-3084750-250","properties":{"cellId":"3918500-3084750-250","municipality":"Beersel","population":81,"sideM":250,"areaKm2":0.0625,"densityPerHa":12.96,"renderClass":"5-15"},"geometry":{"type":"MultiPolygon","coordinates":[[[[4.295920262938438,50.73323865095487],[4.2923882554486195,50.73306361933335],[4.292114318884263,50.735303156548156],[4.295646494139593,50.735478197802905],[4.295920262938438,50.73323865095487]]]]}},{"type":"Feature","id":"3918500-3090250-250","properties":{"cellId":"3918500-3090250-250","municipality":"Sint-Pieters-Leeuw","population":228,"sideM":250,"areaKm2":0.0625,"densityPerHa":36.48,"renderClass":"30-60"},"geometry":{"type":"MultiPolygon","coordinates":[[[[4.286079451466248,50.784572428507836],[4.28961532255505,50.78474768199329],[4.2898898098723794,50.782508182609185],[4.2863541069834525,50.78233293878302],[4.286079451466248,50.784572428507836]]]]}},{"type":"Feature","id":"3918500-3090500-250","properties":{"cellId":"3918500-3090500-250","municipality":"Sint-Pieters-Leeuw","population":194,"sideM":250,"areaKm2":0.0625,"densityPerHa":31.04,"renderClass":"30-60"},"geometry":{"type":"MultiPolygon","coordinates":[[[[4.2858047632049505,50.78681191608222],[4.289340802513408,50.78698717922813],[4.28961532255505,50.78474768199329],[4.286079451466248,50.784572428507836],[4.2858047632049505,50.78681191608222]]]]}},{"type":"Feature","id":"3918500-3090750-250","properties":{"cellId":"3918500-3090750-250","municipality":"Sint-Pieters-Leeuw","population":155,"sideM":250,"areaKm2":0.0625,"densityPerHa":24.8,"renderClass":"15-30"},"geometry":{"type":"MultiPolygon","coordinates":[[[[4.289340802513408,50.78698717922813],[4.2858047632049505,50.78681191608222],[4.2855300421939475,50.789051401506875],[4.289066249741847,50.78922667431443],[4.289340802513408,50.78698717922813]]]]}},{"type":"Feature","id":"3918500-3091000-250","properties":{"cellId":"3918500-3091000-250","municipality":"Sint-Pieters-Leeuw","population":249,"sideM":250,"areaKm2":0.0625,"densityPerHa":39.84,"renderClass":"30-60"},"geometry":{"type":"MultiPolygon","coordinates":[[[[4.2855300421939475,50.789051401506875],[4.285255288427629,50.79129088478251],[4.288791664234761,50.79146616725288],[4.289066249741847,50.78922667431443],[4.2855300421939475,50.789051401506875]]]]}},{"type":"Feature","id":"3918500-3092000-250","properties":{"cellId":"3918500-3092000-250","municipality":"Sint-Pieters-Leeuw","population":100,"sideM":250,"areaKm2":0.0625,"densityPerHa":16,"renderClass":"15-30"},"geometry":{"type":"MultiPolygon","coordinates":[[[[4.284430830540611,50.79800932172244],[4.2841559456968605,50.80024879640914],[4.287692994738871,50.80042411754266],[4.2879677112442005,50.7981846331884],[4.284430830540611,50.79800932172244]]]]}},{"type":"Feature","id":"3918750-3083500-250","properties":{"cellId":"3918750-3083500-250","municipality":"Beersel","population":12,"sideM":250,"areaKm2":0.0625,"densityPerHa":1.92,"renderClass":"under-5"},"geometry":{"type":"MultiPolygon","coordinates":[[[[4.297288618109142,50.72204088421553],[4.297015012232886,50.72428044189898],[4.300546373105051,50.72445532692043],[4.3008198113099,50.722215759615466],[4.297288618109142,50.72204088421553]]]]}},{"type":"Feature","id":"3918750-3083750-250","properties":{"cellId":"3918750-3083750-250","municipality":"Beersel","population":22,"sideM":250,"areaKm2":0.0625,"densityPerHa":3.52,"renderClass":"under-5"},"geometry":{"type":"MultiPolygon","coordinates":[[[[4.297015012232886,50.72428044189898],[4.296741373783261,50.72651999741394],[4.300272902346527,50.726694892058056],[4.300546373105051,50.72445532692043],[4.297015012232886,50.72428044189898]]]]}},{"type":"Feature","id":"3918750-3084500-250","properties":{"cellId":"3918750-3084500-250","municipality":"Beersel","population":108,"sideM":250,"areaKm2":0.0625,"densityPerHa":17.28,"renderClass":"15-30"},"geometry":{"type":"MultiPolygon","coordinates":[[[[4.296193999141614,50.73099910194115],[4.295920262938438,50.73323865095487],[4.299452294693198,50.73341357447413],[4.299725863146175,50.73117401583419],[4.296193999141614,50.73099910194115]]]]}},{"type":"Feature","id":"3918750-3084750-250","properties":{"cellId":"3918750-3084750-250","municipality":"Beersel","population":49,"sideM":250,"areaKm2":0.0625,"densityPerHa":7.84,"renderClass":"5-15"},"geometry":{"type":"MultiPolygon","coordinates":[[[[4.295920262938438,50.73323865095487],[4.295646494139593,50.735478197802905],[4.299178693664259,50.73565313094958],[4.299452294693198,50.73341357447413],[4.295920262938438,50.73323865095487]]]]}},{"type":"Feature","id":"3918750-3091000-250","properties":{"cellId":"3918750-3091000-250","municipality":"Sint-Pieters-Leeuw","population":199,"sideM":250,"areaKm2":0.0625,"densityPerHa":31.84,"renderClass":"30-60"},"geometry":{"type":"MultiPolygon","coordinates":[[[[4.289066249741847,50.78922667431443],[4.288791664234761,50.79146616725288],[4.292328064421517,50.79164134146834],[4.292602481664951,50.78940183887295],[4.289066249741847,50.78922667431443]]]]}},{"type":"Feature","id":"3918750-3091250-250","properties":{"cellId":"3918750-3091250-250","municipality":"Sint-Pieters-Leeuw","population":282,"sideM":250,"areaKm2":0.0625,"densityPerHa":45.12,"renderClass":"30-60"},"geometry":{"type":"MultiPolygon","coordinates":[[[[4.288791664234761,50.79146616725288],[4.288517045986532,50.79370565804422],[4.292053614456737,50.79388084191782],[4.292328064421517,50.79164134146834],[4.288791664234761,50.79146616725288]]]]}},{"type":"Feature","id":"3918750-3092500-250","properties":{"cellId":"3918750-3092500-250","municipality":"Sint-Pieters-Leeuw","population":159,"sideM":250,"areaKm2":0.0625,"densityPerHa":25.44,"renderClass":"15-30"},"geometry":{"type":"MultiPolygon","coordinates":[[[[4.287418245469943,50.80266359975266],[4.287143463431798,50.804903079819084],[4.290680873616257,50.8050783120011],[4.290955487271937,50.8028388222706],[4.287418245469943,50.80266359975266]]]]}},{"type":"Feature","id":"3918750-3092750-250","properties":{"cellId":"3918750-3092750-250","municipality":"Sint-Pieters-Leeuw","population":481,"sideM":250,"areaKm2":0.0625,"densityPerHa":76.96,"renderClass":"60-100"},"geometry":{"type":"MultiPolygon","coordinates":[[[[4.287143463431798,50.804903079819084],[4.286868648618819,50.80714255774269],[4.290406227205554,50.80731779958993],[4.290680873616257,50.8050783120011],[4.287143463431798,50.804903079819084]]]]}},{"type":"Feature","id":"3919000-3083750-250","properties":{"cellId":"3919000-3083750-250","municipality":"Beersel","population":102,"sideM":250,"areaKm2":0.0625,"densityPerHa":16.32,"renderClass":"15-30"},"geometry":{"type":"MultiPolygon","coordinates":[[[[4.30407775820994,50.72463010386189],[4.300546373105051,50.72445532692043],[4.300272902346527,50.726694892058056],[4.303804455146905,50.72686967861635],[4.30407775820994,50.72463010386189]]]]}},{"type":"Feature","id":"3919000-3084500-250","properties":{"cellId":"3919000-3084500-250","municipality":"Beersel","population":40,"sideM":250,"areaKm2":0.0625,"densityPerHa":6.4,"renderClass":"5-15"},"geometry":{"type":"MultiPolygon","coordinates":[[[[4.302984350698251,50.733588389889945],[4.303257751396631,50.731348821629666],[4.299725863146175,50.73117401583419],[4.299452294693198,50.73341357447413],[4.302984350698251,50.733588389889945]]]]}},{"type":"Feature","id":"3919000-3084750-250","properties":{"cellId":"3919000-3084750-250","municipality":"Beersel","population":18,"sideM":250,"areaKm2":0.0625,"densityPerHa":2.88,"renderClass":"under-5"},"geometry":{"type":"MultiPolygon","coordinates":[[[[4.302984350698251,50.733588389889945],[4.299452294693198,50.73341357447413],[4.299178693664259,50.73565313094958],[4.302710917443615,50.73582795598694],[4.302984350698251,50.733588389889945]]]]}},{"type":"Feature","id":"3919000-3087500-250","properties":{"cellId":"3919000-3087500-250","municipality":"Beersel","population":36,"sideM":250,"areaKm2":0.0625,"densityPerHa":5.76,"renderClass":"5-15"},"geometry":{"type":"MultiPolygon","coordinates":[[[[4.299701001335156,50.76046304048047],[4.299974793076656,50.75822349813262],[4.296440890469611,50.75804857681502],[4.296166930736802,50.760288109528375],[4.299701001335156,50.76046304048047]]]]}},{"type":"Feature","id":"3919000-3087750-250","properties":{"cellId":"3919000-3087750-250","municipality":"Beersel","population":15,"sideM":250,"areaKm2":0.0625,"densityPerHa":2.4,"renderClass":"under-5"},"geometry":{"type":"MultiPolygon","coordinates":[[[[4.299701001335156,50.76046304048047],[4.296166930736802,50.760288109528375],[4.295892938361038,50.762527640085764],[4.299427176970449,50.76270258067356],[4.299701001335156,50.76046304048047]]]]}},{"type":"Feature","id":"3919000-3091000-250","properties":{"cellId":"3919000-3091000-250","municipality":"Sint-Pieters-Leeuw","population":112,"sideM":250,"areaKm2":0.0625,"densityPerHa":17.92,"renderClass":"15-30"},"geometry":{"type":"MultiPolygon","coordinates":[[[[4.292602481664951,50.78940183887295],[4.292328064421517,50.79164134146834],[4.295864488973189,50.79181640742771],[4.296138737948547,50.78957689518125],[4.292602481664951,50.78940183887295]]]]}},{"type":"Feature","id":"3919000-3091250-250","properties":{"cellId":"3919000-3091250-250","municipality":"Sint-Pieters-Leeuw","population":20,"sideM":250,"areaKm2":0.0625,"densityPerHa":3.2,"renderClass":"under-5"},"geometry":{"type":"MultiPolygon","coordinates":[[[[4.295590207296276,50.79405591752942],[4.295864488973189,50.79181640742771],[4.292328064421517,50.79164134146834],[4.292053614456737,50.79388084191782],[4.295590207296276,50.79405591752942]]]]}},{"type":"Feature","id":"3919250-3083500-250","properties":{"cellId":"3919250-3083500-250","municipality":"Beersel","population":47,"sideM":250,"areaKm2":0.0625,"densityPerHa":7.52,"renderClass":"5-15"},"geometry":{"type":"MultiPolygon","coordinates":[[[[4.30407775820994,50.72463010386189],[4.307609167532902,50.72480477272216],[4.307882270381766,50.72256518619177],[4.304351028738987,50.722390526941275],[4.30407775820994,50.72463010386189]]]]}},{"type":"Feature","id":"3919250-3084250-250","properties":{"cellId":"3919250-3084250-250","municipality":"Beersel","population":113,"sideM":250,"areaKm2":0.0625,"densityPerHa":18.08,"renderClass":"15-30"},"geometry":{"type":"MultiPolygon","coordinates":[[[[4.303257751396631,50.731348821629666],[4.306789663878336,50.73152351932636],[4.30706286428675,50.72928393928874],[4.303531119544324,50.72910925120537],[4.303257751396631,50.731348821629666]]]]}},{"type":"Feature","id":"3919250-3084500-250","properties":{"cellId":"3919250-3084500-250","municipality":"Beersel","population":40,"sideM":250,"areaKm2":0.0625,"densityPerHa":6.4,"renderClass":"5-15"},"geometry":{"type":"MultiPolygon","coordinates":[[[[4.302984350698251,50.733588389889945],[4.3065164309389425,50.73376309720115],[4.306789663878336,50.73152351932636],[4.303257751396631,50.731348821629666],[4.302984350698251,50.733588389889945]]]]}},{"type":"Feature","id":"3919250-3084750-250","properties":{"cellId":"3919250-3084750-250","municipality":"Beersel","population":28,"sideM":250,"areaKm2":0.0625,"densityPerHa":4.48,"renderClass":"under-5"},"geometry":{"type":"MultiPolygon","coordinates":[[[[4.3065164309389425,50.73376309720115],[4.302984350698251,50.733588389889945],[4.302710917443615,50.73582795598694],[4.306243165463005,50.73600267291381],[4.3065164309389425,50.73376309720115]]]]}},{"type":"Feature","id":"3919250-3087500-250","properties":{"cellId":"3919250-3087500-250","municipality":"Beersel","population":168,"sideM":250,"areaKm2":0.0625,"densityPerHa":26.88,"renderClass":"15-30"},"geometry":{"type":"MultiPolygon","coordinates":[[[[4.299701001335156,50.76046304048047],[4.303235096221935,50.76063786325753],[4.303508719967723,50.75839831128104],[4.299974793076656,50.75822349813262],[4.299701001335156,50.76046304048047]]]]}},{"type":"Feature","id":"3919250-3087750-250","properties":{"cellId":"3919250-3087750-250","municipality":"Beersel","population":23,"sideM":250,"areaKm2":0.0625,"densityPerHa":3.68,"renderClass":"under-5"},"geometry":{"type":"MultiPolygon","coordinates":[[[[4.303235096221935,50.76063786325753],[4.299701001335156,50.76046304048047],[4.299427176970449,50.76270258067356],[4.3029614398726865,50.76287741308045],[4.303235096221935,50.76063786325753]]]]}},{"type":"Feature","id":"3919250-3091250-250","properties":{"cellId":"3919250-3091250-250","municipality":"Sint-Pieters-Leeuw","population":429,"sideM":250,"areaKm2":0.0625,"densityPerHa":68.64,"renderClass":"60-100"},"geometry":{"type":"MultiPolygon","coordinates":[[[[4.295590207296276,50.79405591752942],[4.299126824490425,50.79423088487786],[4.2994009378750455,50.79199136512976],[4.295864488973189,50.79181640742771],[4.295590207296276,50.79405591752942]]]]}},{"type":"Feature","id":"3919500-3083000-250","properties":{"cellId":"3919500-3083000-250","municipality":"Beersel","population":41,"sideM":250,"areaKm2":0.0625,"densityPerHa":6.56,"renderClass":"5-15"},"geometry":{"type":"MultiPolygon","coordinates":[[[[4.3084283785588955,50.71808600663319],[4.308155340721912,50.72032559749567],[4.311686438898865,50.72050013906689],[4.311959309090661,50.71826053860282],[4.3084283785588955,50.71808600663319]]]]}},{"type":"Feature","id":"3919500-3087000-250","properties":{"cellId":"3919500-3087000-250","municipality":"Beersel","population":25,"sideM":250,"areaKm2":0.0625,"densityPerHa":4,"renderClass":"under-5"},"geometry":{"type":"MultiPolygon","coordinates":[[[[4.304055869671254,50.753919200864566],[4.3037823111156355,50.756158757150295],[4.307316094295672,50.756333452506766],[4.307589484890667,50.75409388660063],[4.304055869671254,50.753919200864566]]]]}},{"type":"Feature","id":"3919500-3087750-250","properties":{"cellId":"3919500-3087750-250","municipality":"Beersel","population":38,"sideM":250,"areaKm2":0.0625,"densityPerHa":6.08,"renderClass":"5-15"},"geometry":{"type":"MultiPolygon","coordinates":[[[[4.306769215382453,50.76081257785836],[4.303235096221935,50.76063786325753],[4.3029614398726865,50.76287741308045],[4.3064957270530675,50.76305213730524],[4.306769215382453,50.76081257785836]]]]}},{"type":"Feature","id":"3919750-3083250-250","properties":{"cellId":"3919750-3083250-250","municipality":"Beersel","population":11,"sideM":250,"areaKm2":0.0625,"densityPerHa":1.76,"renderClass":"under-5"},"geometry":{"type":"MultiPolygon","coordinates":[[[[4.311686438898865,50.72050013906689],[4.311413536223598,50.722739737365714],[4.314944826249839,50.72291418046195],[4.31521756125585,50.72067457256624],[4.311686438898865,50.72050013906689]]]]}},{"type":"Feature","id":"3919750-3087000-250","properties":{"cellId":"3919750-3087000-250","municipality":"Beersel","population":23,"sideM":250,"areaKm2":0.0625,"densityPerHa":3.68,"renderClass":"under-5"},"geometry":{"type":"MultiPolygon","coordinates":[[[[4.307589484890667,50.75409388660063],[4.307316094295672,50.756333452506766],[4.310849901725971,50.756508039697536],[4.311123124355944,50.75426846417685],[4.307589484890667,50.75409388660063]]]]}},{"type":"Feature","id":"3919750-3087250-250","properties":{"cellId":"3919750-3087250-250","municipality":"Beersel","population":22,"sideM":250,"areaKm2":0.0625,"densityPerHa":3.52,"renderClass":"under-5"},"geometry":{"type":"MultiPolygon","coordinates":[[[[4.307316094295672,50.756333452506766],[4.307042671128129,50.75857301625911],[4.310576646543194,50.75874761306561],[4.310849901725971,50.756508039697536],[4.307316094295672,50.756333452506766]]]]}},{"type":"Feature","id":"3919750-3087500-250","properties":{"cellId":"3919750-3087500-250","municipality":"Beersel","population":62,"sideM":250,"areaKm2":0.0625,"densityPerHa":9.92,"renderClass":"5-15"},"geometry":{"type":"MultiPolygon","coordinates":[[[[4.307042671128129,50.75857301625911],[4.306769215382453,50.76081257785836],[4.31030335880203,50.76098718428175],[4.310576646543194,50.75874761306561],[4.307042671128129,50.75857301625911]]]]}},{"type":"Feature","id":"3919750-3087750-250","properties":{"cellId":"3919750-3087750-250","municipality":"Beersel","population":186,"sideM":250,"areaKm2":0.0625,"densityPerHa":29.76,"renderClass":"15-30"},"geometry":{"type":"MultiPolygon","coordinates":[[[[4.306769215382453,50.76081257785836],[4.3064957270530675,50.76305213730524],[4.310030038496909,50.76322675334671],[4.31030335880203,50.76098718428175],[4.306769215382453,50.76081257785836]]]]}},{"type":"Feature","id":"3920000-3084000-250","properties":{"cellId":"3920000-3084000-250","municipality":"Beersel","population":83,"sideM":250,"areaKm2":0.0625,"densityPerHa":13.28,"renderClass":"5-15"},"geometry":{"type":"MultiPolygon","coordinates":[[[[4.314399258824264,50.727393389764124],[4.314126426393583,50.729632991172],[4.3176582437286966,50.72980735496946],[4.317930908426643,50.72756774396704],[4.314399258824264,50.727393389764124]]]]}},{"type":"Feature","id":"3920000-3084250-250","properties":{"cellId":"3920000-3084250-250","municipality":"Beersel","population":62,"sideM":250,"areaKm2":0.0625,"densityPerHa":9.92,"renderClass":"5-15"},"geometry":{"type":"MultiPolygon","coordinates":[[[[4.31738554656445,50.732046963811854],[4.3176582437286966,50.72980735496946],[4.314126426393583,50.729632991172],[4.313853561476895,50.73187259041866],[4.31738554656445,50.732046963811854]]]]}},{"type":"Feature","id":"3920000-3088000-250","properties":{"cellId":"3920000-3088000-250","municipality":"Beersel","population":203,"sideM":250,"areaKm2":0.0625,"densityPerHa":32.48,"renderClass":"30-60"},"geometry":{"type":"MultiPolygon","coordinates":[[[[4.310030038496909,50.76322675334671],[4.309756685622251,50.76546632026119],[4.313291189363279,50.76564083773153],[4.31356437418952,50.76340126120368],[4.310030038496909,50.76322675334671]]]]}},{"type":"Feature","id":"3920000-3088750-250","properties":{"cellId":"3920000-3088750-250","municipality":"Beersel","population":35,"sideM":250,"areaKm2":0.0625,"densityPerHa":5.6,"renderClass":"5-15"},"geometry":{"type":"MultiPolygon","coordinates":[[[[4.312744722039148,50.77011998434221],[4.309209882142013,50.76994544764155],[4.3089364315252645,50.77218500810887],[4.3124714395301025,50.772359554426444],[4.312744722039148,50.77011998434221]]]]}},{"type":"Feature","id":"3920250-3084000-250","properties":{"cellId":"3920250-3084000-250","municipality":"Beersel","population":118,"sideM":250,"areaKm2":0.0625,"densityPerHa":18.88,"renderClass":"15-30"},"geometry":{"type":"MultiPolygon","coordinates":[[[[4.317930908426643,50.72756774396704],[4.3176582437286966,50.72980735496946],[4.321190085232081,50.729981610669256],[4.321462582192913,50.72774199007814],[4.317930908426643,50.72756774396704]]]]}},{"type":"Feature","id":"3920250-3088250-250","properties":{"cellId":"3920250-3088250-250","municipality":"Beersel","population":91,"sideM":250,"areaKm2":0.0625,"densityPerHa":14.56,"renderClass":"5-15"},"geometry":{"type":"MultiPolygon","coordinates":[[[[4.313017971981681,50.76788041211081],[4.316552668033756,50.76805483099828],[4.316825717342786,50.76581524701032],[4.313291189363279,50.76564083773153],[4.313017971981681,50.76788041211081]]]]}},{"type":"Feature","id":"3920250-3088750-250","properties":{"cellId":"3920250-3088750-250","municipality":"Beersel","population":231,"sideM":250,"areaKm2":0.0625,"densityPerHa":36.96,"renderClass":"30-60"},"geometry":{"type":"MultiPolygon","coordinates":[[[[4.3162795861835574,50.77029441283953],[4.312744722039148,50.77011998434221],[4.3124714395301025,50.772359554426444],[4.316006471786611,50.77253399253483],[4.3162795861835574,50.77029441283953]]]]}},{"type":"Feature","id":"3920500-3084000-250","properties":{"cellId":"3920500-3084000-250","municipality":"Sint-Genesius-Rode","population":32,"sideM":250,"areaKm2":0.0625,"densityPerHa":5.12,"renderClass":"5-15"},"geometry":{"type":"MultiPolygon","coordinates":[[[[4.321462582192913,50.72774199007814],[4.321190085232081,50.729981610669256],[4.3247219508890815,50.730155758270165],[4.324994280108424,50.72791612809621],[4.321462582192913,50.72774199007814]]]]}},{"type":"Feature","id":"3920500-3084250-250","properties":{"cellId":"3920500-3084250-250","municipality":"Beersel","population":52,"sideM":250,"areaKm2":0.0625,"densityPerHa":8.32,"renderClass":"5-15"},"geometry":{"type":"MultiPolygon","coordinates":[[[[4.320917555824653,50.73222122910151],[4.32444958924285,50.73239538628644],[4.3247219508890815,50.730155758270165],[4.321190085232081,50.729981610669256],[4.320917555824653,50.73222122910151]]]]}},{"type":"Feature","id":"3920500-3084500-250","properties":{"cellId":"3920500-3084500-250","municipality":"Beersel","population":143,"sideM":250,"areaKm2":0.0625,"densityPerHa":22.88,"renderClass":"15-30"},"geometry":{"type":"MultiPolygon","coordinates":[[[[4.320644993965078,50.73446084537566],[4.324177195164184,50.73463501214576],[4.32444958924285,50.73239538628644],[4.320917555824653,50.73222122910151],[4.320644993965078,50.73446084537566]]]]}},{"type":"Feature","id":"3920500-3084750-250","properties":{"cellId":"3920500-3084750-250","municipality":"Beersel","population":42,"sideM":250,"areaKm2":0.0625,"densityPerHa":6.72,"renderClass":"5-15"},"geometry":{"type":"MultiPolygon","coordinates":[[[[4.324177195164184,50.73463501214576],[4.320644993965078,50.73446084537566],[4.320372399647801,50.73670045949238],[4.323904768647531,50.73687463584884],[4.324177195164184,50.73463501214576]]]]}},{"type":"Feature","id":"3920500-3085000-250","properties":{"cellId":"3920500-3085000-250","municipality":"Beersel","population":18,"sideM":250,"areaKm2":0.0625,"densityPerHa":2.88,"renderClass":"under-5"},"geometry":{"type":"MultiPolygon","coordinates":[[[[4.320372399647801,50.73670045949238],[4.320099772867268,50.73894007145242],[4.323632309687337,50.7391142573964],[4.323904768647531,50.73687463584884],[4.320372399647801,50.73670045949238]]]]}},{"type":"Feature","id":"3920500-3085250-250","properties":{"cellId":"3920500-3085250-250","municipality":"Beersel","population":88,"sideM":250,"areaKm2":0.0625,"densityPerHa":14.08,"renderClass":"5-15"},"geometry":{"type":"MultiPolygon","coordinates":[[[[4.31982711361792,50.74117968125646],[4.3233598182780515,50.741353876789155],[4.323632309687337,50.7391142573964],[4.320099772867268,50.73894007145242],[4.31982711361792,50.74117968125646]]]]}},{"type":"Feature","id":"3920500-3085500-250","properties":{"cellId":"3920500-3085500-250","municipality":"Beersel","population":103,"sideM":250,"areaKm2":0.0625,"densityPerHa":16.48,"renderClass":"15-30"},"geometry":{"type":"MultiPolygon","coordinates":[[[[4.3195544218942,50.74341928890523],[4.3230872944141145,50.743593494027806],[4.3233598182780515,50.741353876789155],[4.31982711361792,50.74117968125646],[4.3195544218942,50.74341928890523]]]]}},{"type":"Feature","id":"3920500-3085750-250","properties":{"cellId":"3920500-3085750-250","municipality":"Beersel","population":76,"sideM":250,"areaKm2":0.0625,"densityPerHa":12.16,"renderClass":"5-15"},"geometry":{"type":"MultiPolygon","coordinates":[[[[4.3230872944141145,50.743593494027806],[4.3195544218942,50.74341928890523],[4.319281697690548,50.74565889439945],[4.322814738089973,50.74583310911309],[4.3230872944141145,50.743593494027806]]]]}},{"type":"Feature","id":"3920500-3088500-250","properties":{"cellId":"3920500-3088500-250","municipality":"Beersel","population":140,"sideM":250,"areaKm2":0.0625,"densityPerHa":22.4,"renderClass":"15-30"},"geometry":{"type":"MultiPolygon","coordinates":[[[[4.3162795861835574,50.77029441283953],[4.319814474560545,50.77046873313237],[4.3200873883140165,50.7682291416871],[4.316552668033756,50.76805483099828],[4.3162795861835574,50.77029441283953]]]]}},{"type":"Feature","id":"3920500-3091500-250","properties":{"cellId":"3920500-3091500-250","municipality":"Drogenbos","population":238,"sideM":250,"areaKm2":0.0625,"densityPerHa":38.08,"renderClass":"30-60"},"geometry":{"type":"MultiPolygon","coordinates":[[[[4.313000063739192,50.79716922775226],[4.316536970819695,50.797343663384886],[4.316810275265021,50.79510409763016],[4.313273536518667,50.79492967161567],[4.313000063739192,50.79716922775226]]]]}},{"type":"Feature","id":"3920750-3084000-250","properties":{"cellId":"3920750-3084000-250","municipality":"Sint-Genesius-Rode","population":48,"sideM":250,"areaKm2":0.0625,"densityPerHa":7.68,"renderClass":"5-15"},"geometry":{"type":"MultiPolygon","coordinates":[[[[4.324994280108424,50.72791612809621],[4.3247219508890815,50.730155758270165],[4.328253840685051,50.730329797771],[4.32852600215853,50.728090158020066],[4.324994280108424,50.72791612809621]]]]}},{"type":"Feature","id":"3920750-3084250-250","properties":{"cellId":"3920750-3084250-250","municipality":"Sint-Genesius-Rode","population":70,"sideM":250,"areaKm2":0.0625,"densityPerHa":11.2,"renderClass":"5-15"},"geometry":{"type":"MultiPolygon","coordinates":[[[[4.3247219508890815,50.730155758270165],[4.32444958924285,50.73239538628644],[4.327981646804394,50.73256943536543],[4.328253840685051,50.730329797771],[4.3247219508890815,50.730155758270165]]]]}},{"type":"Feature","id":"3920750-3084750-250","properties":{"cellId":"3920750-3084750-250","municipality":"Sint-Genesius-Rode","population":67,"sideM":250,"areaKm2":0.0625,"densityPerHa":10.72,"renderClass":"5-15"},"geometry":{"type":"MultiPolygon","coordinates":[[[[4.324177195164184,50.73463501214576],[4.323904768647531,50.73687463584884],[4.327437161799359,50.73704870408764],[4.327709420511013,50.734809070804054],[4.324177195164184,50.73463501214576]]]]}},{"type":"Feature","id":"3920750-3085000-250","properties":{"cellId":"3920750-3085000-250","municipality":"Beersel","population":41,"sideM":250,"areaKm2":0.0625,"densityPerHa":6.56,"renderClass":"5-15"},"geometry":{"type":"MultiPolygon","coordinates":[[[[4.323904768647531,50.73687463584884],[4.323632309687337,50.7391142573964],[4.327164870663884,50.73928833521686],[4.327437161799359,50.73704870408764],[4.323904768647531,50.73687463584884]]]]}},{"type":"Feature","id":"3920750-3085250-250","properties":{"cellId":"3920750-3085250-250","municipality":"Beersel","population":22,"sideM":250,"areaKm2":0.0625,"densityPerHa":3.52,"renderClass":"under-5"},"geometry":{"type":"MultiPolygon","coordinates":[[[[4.323632309687337,50.7391142573964],[4.3233598182780515,50.741353876789155],[4.326892547099037,50.74152796419244],[4.327164870663884,50.73928833521686],[4.323632309687337,50.7391142573964]]]]}},{"type":"Feature","id":"3920750-3088750-250","properties":{"cellId":"3920750-3088750-250","municipality":"Beersel","population":92,"sideM":250,"areaKm2":0.0625,"densityPerHa":14.72,"renderClass":"5-15"},"geometry":{"type":"MultiPolygon","coordinates":[[[[4.319814474560545,50.77046873313237],[4.319541528280095,50.772708322432806],[4.323076608995854,50.772882544119206],[4.323349387155415,50.770642945219464],[4.319814474560545,50.77046873313237]]]]}},{"type":"Feature","id":"3921000-3084250-250","properties":{"cellId":"3921000-3084250-250","municipality":"Sint-Genesius-Rode","population":48,"sideM":250,"areaKm2":0.0625,"densityPerHa":7.68,"renderClass":"5-15"},"geometry":{"type":"MultiPolygon","coordinates":[[[[4.3315137284946275,50.732743376337275],[4.331785754605336,50.73050372917058],[4.328253840685051,50.730329797771],[4.327981646804394,50.73256943536543],[4.3315137284946275,50.732743376337275]]]]}},{"type":"Feature","id":"3921000-3084500-250","properties":{"cellId":"3921000-3084500-250","municipality":"Sint-Genesius-Rode","population":86,"sideM":250,"areaKm2":0.0625,"densityPerHa":13.76,"renderClass":"5-15"},"geometry":{"type":"MultiPolygon","coordinates":[[[[4.331241669990905,50.73498302134937],[4.3315137284946275,50.732743376337275],[4.327981646804394,50.73256943536543],[4.327709420511013,50.734809070804054],[4.331241669990905,50.73498302134937]]]]}},{"type":"Feature","id":"3921000-3085000-250","properties":{"cellId":"3921000-3085000-250","municipality":"Sint-Genesius-Rode","population":26,"sideM":250,"areaKm2":0.0625,"densityPerHa":4.16,"renderClass":"under-5"},"geometry":{"type":"MultiPolygon","coordinates":[[[[4.327437161799359,50.73704870408764],[4.327164870663884,50.73928833521686],[4.330697455782242,50.73946230491259],[4.3309695790886265,50.73722266420757],[4.327437161799359,50.73704870408764]]]]}},{"type":"Feature","id":"3921000-3085250-250","properties":{"cellId":"3921000-3085250-250","municipality":"Beersel","population":92,"sideM":250,"areaKm2":0.0625,"densityPerHa":14.72,"renderClass":"5-15"},"geometry":{"type":"MultiPolygon","coordinates":[[[[4.330425300066211,50.74170194346514],[4.330697455782242,50.73946230491259],[4.327164870663884,50.73928833521686],[4.326892547099037,50.74152796419244],[4.330425300066211,50.74170194346514]]]]}},{"type":"Feature","id":"3921000-3086250-250","properties":{"cellId":"3921000-3086250-250","municipality":"Beersel","population":115,"sideM":250,"areaKm2":0.0625,"densityPerHa":18.4,"renderClass":"15-30"},"geometry":{"type":"MultiPolygon","coordinates":[[[[4.329336352994605,50.750660476165066],[4.329608638404731,50.7484208462152],[4.326075381772737,50.74824683820454],[4.325802928434871,50.75048645857273],[4.329336352994605,50.750660476165066]]]]}},{"type":"Feature","id":"3921000-3088500-250","properties":{"cellId":"3921000-3088500-250","municipality":"Linkebeek","population":44,"sideM":250,"areaKm2":0.0625,"densityPerHa":7.04,"renderClass":"5-15"},"geometry":{"type":"MultiPolygon","coordinates":[[[[4.326884323953463,50.77081704909967],[4.3271569015003015,50.76857743846405],[4.323622132807762,50.7684033441761],[4.323349387155415,50.770642945219464],[4.326884323953463,50.77081704909967]]]]}},{"type":"Feature","id":"3921000-3088750-250","properties":{"cellId":"3921000-3088750-250","municipality":"Linkebeek","population":55,"sideM":250,"areaKm2":0.0625,"densityPerHa":8.8,"renderClass":"5-15"},"geometry":{"type":"MultiPolygon","coordinates":[[[[4.326884323953463,50.77081704909967],[4.323349387155415,50.770642945219464],[4.323076608995854,50.772882544119206],[4.326611713919183,50.77305665759281],[4.326884323953463,50.77081704909967]]]]}},{"type":"Feature","id":"3921000-3089000-250","properties":{"cellId":"3921000-3089000-250","municipality":"Linkebeek","population":94,"sideM":250,"areaKm2":0.0625,"densityPerHa":15.04,"renderClass":"15-30"},"geometry":{"type":"MultiPolygon","coordinates":[[[[4.323076608995854,50.772882544119206],[4.322803798323512,50.77512214087604],[4.326339071391895,50.77529626394425],[4.326611713919183,50.77305665759281],[4.323076608995854,50.772882544119206]]]]}},{"type":"Feature","id":"3921000-3089500-250","properties":{"cellId":"3921000-3089500-250","municipality":"Beersel","population":180,"sideM":250,"areaKm2":0.0625,"densityPerHa":28.8,"renderClass":"15-30"},"geometry":{"type":"MultiPolygon","coordinates":[[[[4.325793688836013,50.77977547022475],[4.326066396366026,50.77753586815465],[4.322530955132815,50.77736173549068],[4.322258079418194,50.77960132796382],[4.325793688836013,50.77977547022475]]]]}},{"type":"Feature","id":"3921250-3085250-250","properties":{"cellId":"3921250-3085250-250","municipality":"Beersel","population":51,"sideM":250,"areaKm2":0.0625,"densityPerHa":8.16,"renderClass":"5-15"},"geometry":{"type":"MultiPolygon","coordinates":[[[[4.330425300066211,50.74170194346514],[4.333958077164914,50.74187581460609],[4.334230065027758,50.73963616648242],[4.330697455782242,50.73946230491259],[4.330425300066211,50.74170194346514]]]]}},{"type":"Feature","id":"3921250-3085500-250","properties":{"cellId":"3921250-3085500-250","municipality":"Beersel","population":94,"sideM":250,"areaKm2":0.0625,"densityPerHa":15.04,"renderClass":"15-30"},"geometry":{"type":"MultiPolygon","coordinates":[[[[4.330153111934981,50.743941579865975],[4.333686056906605,50.74411546057918],[4.333958077164914,50.74187581460609],[4.330425300066211,50.74170194346514],[4.330153111934981,50.743941579865975]]]]}},{"type":"Feature","id":"3921250-3088500-250","properties":{"cellId":"3921250-3088500-250","municipality":"Linkebeek","population":136,"sideM":250,"areaKm2":0.0625,"densityPerHa":21.76,"renderClass":"15-30"},"geometry":{"type":"MultiPolygon","coordinates":[[[[4.326884323953463,50.77081704909967],[4.33041928494,50.77099104477175],[4.330691694376938,50.76875142454976],[4.3271569015003015,50.76857743846405],[4.326884323953463,50.77081704909967]]]]}},{"type":"Feature","id":"3921250-3089000-250","properties":{"cellId":"3921250-3089000-250","municipality":"Linkebeek","population":146,"sideM":250,"areaKm2":0.0625,"densityPerHa":23.36,"renderClass":"15-30"},"geometry":{"type":"MultiPolygon","coordinates":[[[[4.326611713919183,50.77305665759281],[4.326339071391895,50.77529626394425],[4.329874368657537,50.7754702787926],[4.330146843035384,50.77323066285244],[4.326611713919183,50.77305665759281]]]]}},{"type":"Feature","id":"3921500-3085000-250","properties":{"cellId":"3921500-3085000-250","municipality":"Sint-Genesius-Rode","population":171,"sideM":250,"areaKm2":0.0625,"densityPerHa":27.36,"renderClass":"15-30"},"geometry":{"type":"MultiPolygon","coordinates":[[[[4.334502020500672,50.73739651620746],[4.334230065027758,50.73963616648242],[4.337762698385757,50.73980991992515],[4.338034486020834,50.73757026008612],[4.334502020500672,50.73739651620746]]]]}},{"type":"Feature","id":"3921500-3085500-250","properties":{"cellId":"3921500-3085500-250","municipality":"Beersel","population":110,"sideM":250,"areaKm2":0.0625,"densityPerHa":17.6,"renderClass":"15-30"},"geometry":{"type":"MultiPolygon","coordinates":[[[[4.333686056906605,50.74411546057918],[4.337219025999457,50.74428923315355],[4.337490878380478,50.74204957761405],[4.333958077164914,50.74187581460609],[4.333686056906605,50.74411546057918]]]]}},{"type":"Feature","id":"3921500-3086000-250","properties":{"cellId":"3921500-3086000-250","municipality":"Beersel","population":63,"sideM":250,"areaKm2":0.0625,"densityPerHa":10.08,"renderClass":"5-15"},"geometry":{"type":"MultiPolygon","coordinates":[[[[4.333414004247275,50.746355104402404],[4.33314191918138,50.74859474607648],[4.336675224088012,50.7487685377872],[4.3369471412371485,50.746528886544354],[4.333414004247275,50.746355104402404]]]]}},{"type":"Feature","id":"3921500-3086250-250","properties":{"cellId":"3921500-3086250-250","municipality":"Beersel","population":43,"sideM":250,"areaKm2":0.0625,"densityPerHa":6.88,"renderClass":"5-15"},"geometry":{"type":"MultiPolygon","coordinates":[[[[4.332869801703372,50.75083438560215],[4.3364032745464955,50.75100818688277],[4.336675224088012,50.7487685377872],[4.33314191918138,50.74859474607648],[4.332869801703372,50.75083438560215]]]]}},{"type":"Feature","id":"3921500-3088750-250","properties":{"cellId":"3921500-3088750-250","municipality":"Linkebeek","population":207,"sideM":250,"areaKm2":0.0625,"densityPerHa":33.12,"renderClass":"30-60"},"geometry":{"type":"MultiPolygon","coordinates":[[[[4.333954270100313,50.77116493223454],[4.33041928494,50.77099104477175],[4.330146843035384,50.77323066285244],[4.333681996329756,50.77340455989691],[4.333954270100313,50.77116493223454]]]]}},{"type":"Feature","id":"3921750-3084250-250","properties":{"cellId":"3921750-3084250-250","municipality":"Sint-Genesius-Rode","population":63,"sideM":250,"areaKm2":0.0625,"densityPerHa":10.08,"renderClass":"5-15"},"geometry":{"type":"MultiPolygon","coordinates":[[[[4.3388496547602555,50.73085126766119],[4.338577964202546,50.73309093395486],[4.342110118190918,50.733264550598186],[4.34238164096558,50.73102487474984],[4.3388496547602555,50.73085126766119]]]]}},{"type":"Feature","id":"3921750-3084500-250","properties":{"cellId":"3921750-3084500-250","municipality":"Sint-Genesius-Rode","population":59,"sideM":250,"areaKm2":0.0625,"densityPerHa":9.44,"renderClass":"5-15"},"geometry":{"type":"MultiPolygon","coordinates":[[[[4.338577964202546,50.73309093395486],[4.338306241291251,50.73533059809627],[4.341838563082388,50.73550422429547],[4.342110118190918,50.733264550598186],[4.338577964202546,50.73309093395486]]]]}},{"type":"Feature","id":"3921750-3084750-250","properties":{"cellId":"3921750-3084750-250","municipality":"Sint-Genesius-Rode","population":31,"sideM":250,"areaKm2":0.0625,"densityPerHa":4.96,"renderClass":"under-5"},"geometry":{"type":"MultiPolygon","coordinates":[[[[4.338306241291251,50.73533059809627],[4.338034486020834,50.73757026008612],[4.341566975634454,50.73774389584236],[4.341838563082388,50.73550422429547],[4.338306241291251,50.73533059809627]]]]}},{"type":"Feature","id":"3921750-3085000-250","properties":{"cellId":"3921750-3085000-250","municipality":"Sint-Genesius-Rode","population":14,"sideM":250,"areaKm2":0.0625,"densityPerHa":2.24,"renderClass":"under-5"},"geometry":{"type":"MultiPolygon","coordinates":[[[[4.338034486020834,50.73757026008612],[4.337762698385757,50.73980991992515],[4.341295355841584,50.73998356523958],[4.341566975634454,50.73774389584236],[4.338034486020834,50.73757026008612]]]]}},{"type":"Feature","id":"3921750-3085750-250","properties":{"cellId":"3921750-3085750-250","municipality":"Beersel","population":42,"sideM":250,"areaKm2":0.0625,"densityPerHa":6.72,"renderClass":"5-15"},"geometry":{"type":"MultiPolygon","coordinates":[[[[4.337219025999457,50.74428923315355],[4.3369471412371485,50.746528886544354],[4.34048030233796,50.74670256054041],[4.340752019198876,50.74446289758788],[4.337219025999457,50.74428923315355]]]]}},{"type":"Feature","id":"3921750-3086000-250","properties":{"cellId":"3921750-3086000-250","municipality":"Beersel","population":73,"sideM":250,"areaKm2":0.0625,"densityPerHa":11.68,"renderClass":"5-15"},"geometry":{"type":"MultiPolygon","coordinates":[[[[4.3369471412371485,50.746528886544354],[4.336675224088012,50.7487685377872],[4.3402085531099495,50.748942221346155],[4.34048030233796,50.74670256054041],[4.3369471412371485,50.746528886544354]]]]}},{"type":"Feature","id":"3921750-3086250-250","properties":{"cellId":"3921750-3086250-250","municipality":"Beersel","population":53,"sideM":250,"areaKm2":0.0625,"densityPerHa":8.48,"renderClass":"5-15"},"geometry":{"type":"MultiPolygon","coordinates":[[[[4.336675224088012,50.7487685377872],[4.3364032745464955,50.75100818688277],[4.3399367715093,50.75118188000578],[4.3402085531099495,50.748942221346155],[4.336675224088012,50.7487685377872]]]]}},{"type":"Feature","id":"3921750-3086500-250","properties":{"cellId":"3921750-3086500-250","municipality":"Beersel","population":91,"sideM":250,"areaKm2":0.0625,"densityPerHa":14.56,"renderClass":"5-15"},"geometry":{"type":"MultiPolygon","coordinates":[[[[4.3364032745464955,50.75100818688277],[4.336131292607061,50.753247833831836],[4.339664957530474,50.75342153652005],[4.3399367715093,50.75118188000578],[4.3364032745464955,50.75100818688277]]]]}},{"type":"Feature","id":"3921750-3086750-250","properties":{"cellId":"3921750-3086750-250","municipality":"Beersel","population":58,"sideM":250,"areaKm2":0.0625,"densityPerHa":9.28,"renderClass":"5-15"},"geometry":{"type":"MultiPolygon","coordinates":[[[[4.336131292607061,50.753247833831836],[4.335859278264156,50.75548747863504],[4.339393111167921,50.75566119088969],[4.339664957530474,50.75342153652005],[4.336131292607061,50.753247833831836]]]]}},{"type":"Feature","id":"3921750-3087500-250","properties":{"cellId":"3921750-3087500-250","municipality":"Beersel","population":36,"sideM":250,"areaKm2":0.0625,"densityPerHa":5.76,"renderClass":"5-15"},"geometry":{"type":"MultiPolygon","coordinates":[[[[4.335315152345729,50.75996676180686],[4.335043040759106,50.76220640017689],[4.338577377722446,50.762380141137776],[4.338849321269453,50.760140493197824],[4.335315152345729,50.75996676180686]]]]}},{"type":"Feature","id":"3921750-3087750-250","properties":{"cellId":"3921750-3087750-250","municipality":"Beersel","population":53,"sideM":250,"areaKm2":0.0625,"densityPerHa":8.48,"renderClass":"5-15"},"geometry":{"type":"MultiPolygon","coordinates":[[[[4.335043040759106,50.76220640017689],[4.334770896746812,50.76444603640396],[4.338305401769516,50.764619786935945],[4.338577377722446,50.762380141137776],[4.335043040759106,50.76220640017689]]]]}},{"type":"Feature","id":"3922000-3085000-250","properties":{"cellId":"3922000-3085000-250","municipality":"Sint-Genesius-Rode","population":84,"sideM":250,"areaKm2":0.0625,"densityPerHa":13.44,"renderClass":"5-15"},"geometry":{"type":"MultiPolygon","coordinates":[[[[4.341566975634454,50.73774389584236],[4.341295355841584,50.73998356523958],[4.344828037380573,50.74015710242451],[4.3450994893268735,50.737917423474975],[4.341566975634454,50.73774389584236]]]]}},{"type":"Feature","id":"3922000-3085750-250","properties":{"cellId":"3922000-3085750-250","municipality":"Beersel","population":42,"sideM":250,"areaKm2":0.0625,"densityPerHa":6.72,"renderClass":"5-15"},"geometry":{"type":"MultiPolygon","coordinates":[[[[4.344285036490189,50.74463645388102],[4.340752019198876,50.74446289758788],[4.34048030233796,50.74670256054041],[4.344013487535035,50.7468761263894],[4.344285036490189,50.74463645388102]]]]}},{"type":"Feature","id":"3922000-3086500-250","properties":{"cellId":"3922000-3086500-250","municipality":"Beersel","population":27,"sideM":250,"areaKm2":0.0625,"densityPerHa":4.32,"renderClass":"under-5"},"geometry":{"type":"MultiPolygon","coordinates":[[[[4.343198646563265,50.75359513104362],[4.343470292577111,50.751355464969976],[4.3399367715093,50.75118188000578],[4.339664957530474,50.75342153652005],[4.343198646563265,50.75359513104362]]]]}},{"type":"Feature","id":"3922000-3086750-250","properties":{"cellId":"3922000-3086750-250","municipality":"Beersel","population":54,"sideM":250,"areaKm2":0.0625,"densityPerHa":8.64,"renderClass":"5-15"},"geometry":{"type":"MultiPolygon","coordinates":[[[[4.343198646563265,50.75359513104362],[4.339664957530474,50.75342153652005],[4.339393111167921,50.75566119088969],[4.342926968185437,50.755834794973765],[4.343198646563265,50.75359513104362]]]]}},{"type":"Feature","id":"3922000-3088000-250","properties":{"cellId":"3922000-3088000-250","municipality":"Linkebeek","population":68,"sideM":250,"areaKm2":0.0625,"densityPerHa":10.88,"renderClass":"5-15"},"geometry":{"type":"MultiPolygon","coordinates":[[[[4.338305401769516,50.764619786935945],[4.33803339340512,50.76685943059303],[4.341568090642584,50.767033082497356],[4.341839930923474,50.764793429273865],[4.338305401769516,50.764619786935945]]]]}},{"type":"Feature","id":"3922000-3088250-250","properties":{"cellId":"3922000-3088250-250","municipality":"Linkebeek","population":59,"sideM":250,"areaKm2":0.0625,"densityPerHa":9.44,"renderClass":"5-15"},"geometry":{"type":"MultiPolygon","coordinates":[[[[4.341296217964444,50.76927273358165],[4.341568090642584,50.767033082497356],[4.33803339340512,50.76685943059303],[4.337761352623704,50.76909907210976],[4.341296217964444,50.76927273358165]]]]}},{"type":"Feature","id":"3922000-3088500-250","properties":{"cellId":"3922000-3088500-250","municipality":"Linkebeek","population":32,"sideM":250,"areaKm2":0.0625,"densityPerHa":5.12,"renderClass":"5-15"},"geometry":{"type":"MultiPolygon","coordinates":[[[[4.341024312883496,50.771512382527455],[4.341296217964444,50.76927273358165],[4.337761352623704,50.76909907210976],[4.337489279419713,50.77133871148685],[4.341024312883496,50.771512382527455]]]]}},{"type":"Feature","id":"3922000-3088750-250","properties":{"cellId":"3922000-3088750-250","municipality":"Linkebeek","population":70,"sideM":250,"areaKm2":0.0625,"densityPerHa":11.2,"renderClass":"5-15"},"geometry":{"type":"MultiPolygon","coordinates":[[[[4.341024312883496,50.771512382527455],[4.337489279419713,50.77133871148685],[4.337217173787593,50.77357834872501],[4.340752375394193,50.77375202933554],[4.341024312883496,50.771512382527455]]]]}},{"type":"Feature","id":"3922250-3085000-250","properties":{"cellId":"3922250-3085000-250","municipality":"Sint-Genesius-Rode","population":29,"sideM":250,"areaKm2":0.0625,"densityPerHa":4.64,"renderClass":"under-5"},"geometry":{"type":"MultiPolygon","coordinates":[[[[4.3450994893268735,50.737917423474975],[4.344828037380573,50.74015710242451],[4.348360742988057,50.74033053147882],[4.348632027083424,50.73809084298279],[4.3450994893268735,50.737917423474975]]]]}},{"type":"Feature","id":"3922250-3085250-250","properties":{"cellId":"3922250-3085250-250","municipality":"Sint-Genesius-Rode","population":126,"sideM":250,"areaKm2":0.0625,"densityPerHa":20.16,"renderClass":"15-30"},"geometry":{"type":"MultiPolygon","coordinates":[[[[4.344556553103523,50.742396779226304],[4.3480894265816685,50.742570217828224],[4.348360742988057,50.74033053147882],[4.344828037380573,50.74015710242451],[4.344556553103523,50.742396779226304]]]]}},{"type":"Feature","id":"3922250-3085500-250","properties":{"cellId":"3922250-3085500-250","municipality":"Sint-Genesius-Rode","population":187,"sideM":250,"areaKm2":0.0625,"densityPerHa":29.92,"renderClass":"15-30"},"geometry":{"type":"MultiPolygon","coordinates":[[[[4.344285036490189,50.74463645388102],[4.347818077858727,50.744809902031754],[4.3480894265816685,50.742570217828224],[4.344556553103523,50.742396779226304],[4.344285036490189,50.74463645388102]]]]}},{"type":"Feature","id":"3922250-3085750-250","properties":{"cellId":"3922250-3085750-250","municipality":"Sint-Genesius-Rode","population":190,"sideM":250,"areaKm2":0.0625,"densityPerHa":30.4,"renderClass":"30-60"},"geometry":{"type":"MultiPolygon","coordinates":[[[[4.347818077858727,50.744809902031754],[4.344285036490189,50.74463645388102],[4.344013487535035,50.7468761263894],[4.347546696813697,50.747049584090114],[4.347818077858727,50.744809902031754]]]]}},{"type":"Feature","id":"3922250-3086750-250","properties":{"cellId":"3922250-3086750-250","municipality":"Beersel","population":80,"sideM":250,"areaKm2":0.0625,"densityPerHa":12.8,"renderClass":"5-15"},"geometry":{"type":"MultiPolygon","coordinates":[[[[4.346732359690745,50.753768617401285],[4.343198646563265,50.75359513104362],[4.342926968185437,50.755834794973765],[4.346460849302017,50.75600829088609],[4.346732359690745,50.753768617401285]]]]}},{"type":"Feature","id":"3922250-3088250-250","properties":{"cellId":"3922250-3088250-250","municipality":"Linkebeek","population":71,"sideM":250,"areaKm2":0.0625,"densityPerHa":11.36,"renderClass":"5-15"},"geometry":{"type":"MultiPolygon","coordinates":[[[[4.341296217964444,50.76927273358165],[4.344831107430482,50.76944628684652],[4.345102812000973,50.76720662620054],[4.341568090642584,50.767033082497356],[4.341296217964444,50.76927273358165]]]]}},{"type":"Feature","id":"3922250-3088750-250","properties":{"cellId":"3922250-3088750-250","municipality":"Linkebeek","population":57,"sideM":250,"areaKm2":0.0625,"densityPerHa":9.12,"renderClass":"5-15"},"geometry":{"type":"MultiPolygon","coordinates":[[[[4.344559370476957,50.77168594535521],[4.341024312883496,50.771512382527455],[4.340752375394193,50.77375202933554],[4.344287601134853,50.77392560172731],[4.344559370476957,50.77168594535521]]]]}},{"type":"Feature","id":"3922500-3082500-250","properties":{"cellId":"3922500-3082500-250","municipality":"Sint-Genesius-Rode","population":83,"sideM":250,"areaKm2":0.0625,"densityPerHa":13.28,"renderClass":"5-15"},"geometry":{"type":"MultiPolygon","coordinates":[[[[4.351072130857853,50.717933549802986],[4.354603182853466,50.718106775371965],[4.354873976484393,50.715867055841535],[4.351343092146965,50.71569383980149],[4.351072130857853,50.717933549802986]]]]}},{"type":"Feature","id":"3922500-3082750-250","properties":{"cellId":"3922500-3082750-250","municipality":"Sint-Genesius-Rode","population":66,"sideM":250,"areaKm2":0.0625,"densityPerHa":10.56,"renderClass":"5-15"},"geometry":{"type":"MultiPolygon","coordinates":[[[[4.354603182853466,50.718106775371965],[4.351072130857853,50.717933549802986],[4.350801137312964,50.72017325765071],[4.354332356986466,50.72034649274979],[4.354603182853466,50.718106775371965]]]]}},{"type":"Feature","id":"3922500-3085000-250","properties":{"cellId":"3922500-3085000-250","municipality":"Sint-Genesius-Rode","population":64,"sideM":250,"areaKm2":0.0625,"densityPerHa":10.24,"renderClass":"5-15"},"geometry":{"type":"MultiPolygon","coordinates":[[[[4.348632027083424,50.73809084298279],[4.348360742988057,50.74033053147882],[4.351893472649369,50.74050385240124],[4.352164588889442,50.73826415436462],[4.348632027083424,50.73809084298279]]]]}},{"type":"Feature","id":"3922500-3085750-250","properties":{"cellId":"3922500-3085750-250","municipality":"Sint-Genesius-Rode","population":30,"sideM":250,"areaKm2":0.0625,"densityPerHa":4.8,"renderClass":"under-5"},"geometry":{"type":"MultiPolygon","coordinates":[[[[4.351351143289816,50.7449832420389],[4.347818077858727,50.744809902031754],[4.347546696813697,50.747049584090114],[4.351079930159276,50.747222933641346],[4.351351143289816,50.7449832420389]]]]}},{"type":"Feature","id":"3922500-3086000-250","properties":{"cellId":"3922500-3086000-250","municipality":"Sint-Genesius-Rode","population":21,"sideM":250,"areaKm2":0.0625,"densityPerHa":3.36,"renderClass":"under-5"},"geometry":{"type":"MultiPolygon","coordinates":[[[[4.347546696813697,50.747049584090114],[4.347275283441049,50.749289264004],[4.350808684720857,50.74946262310053],[4.351079930159276,50.747222933641346],[4.347546696813697,50.747049584090114]]]]}},{"type":"Feature","id":"3922500-3086750-250","properties":{"cellId":"3922500-3086750-250","municipality":"Beersel","population":48,"sideM":250,"areaKm2":0.0625,"densityPerHa":7.68,"renderClass":"5-15"},"geometry":{"type":"MultiPolygon","coordinates":[[[[4.3502660968982365,50.753941995591866],[4.346732359690745,50.753768617401285],[4.346460849302017,50.75600829088609],[4.349994754502971,50.75618167862548],[4.3502660968982365,50.753941995591866]]]]}},{"type":"Feature","id":"3922500-3088000-250","properties":{"cellId":"3922500-3088000-250","municipality":"Linkebeek","population":222,"sideM":250,"areaKm2":0.0625,"densityPerHa":35.52,"renderClass":"30-60"},"geometry":{"type":"MultiPolygon","coordinates":[[[[4.345374484193977,50.76496696341654],[4.345102812000973,50.76720662620054],[4.348637557465591,50.76738006170144],[4.348909061566338,50.76514038936279],[4.345374484193977,50.76496696341654]]]]}},{"type":"Feature","id":"3922500-3088250-250","properties":{"cellId":"3922500-3088250-250","municipality":"Linkebeek","population":54,"sideM":250,"areaKm2":0.0625,"densityPerHa":8.64,"renderClass":"5-15"},"geometry":{"type":"MultiPolygon","coordinates":[[[[4.344831107430482,50.76944628684652],[4.348366021007126,50.76961973190323],[4.348637557465591,50.76738006170144],[4.345102812000973,50.76720662620054],[4.344831107430482,50.76944628684652]]]]}},{"type":"Feature","id":"3922750-3082750-250","properties":{"cellId":"3922750-3082750-250","municipality":"Sint-Genesius-Rode","population":42,"sideM":250,"areaKm2":0.0625,"densityPerHa":6.72,"renderClass":"5-15"},"geometry":{"type":"MultiPolygon","coordinates":[[[[4.354603182853466,50.718106775371965],[4.354332356986466,50.72034649274979],[4.357863600659946,50.720519619768595],[4.358134258844717,50.71827989286653],[4.354603182853466,50.718106775371965]]]]}},{"type":"Feature","id":"3922750-3085250-250","properties":{"cellId":"3922750-3085250-250","municipality":"Sint-Genesius-Rode","population":25,"sideM":250,"areaKm2":0.0625,"densityPerHa":4,"renderClass":"under-5"},"geometry":{"type":"MultiPolygon","coordinates":[[[[4.351893472649369,50.74050385240124],[4.351622324118005,50.74274354829243],[4.35515524569786,50.74291677061771],[4.355426226349844,50.740677065190624],[4.351893472649369,50.74050385240124]]]]}},{"type":"Feature","id":"3922750-3085500-250","properties":{"cellId":"3922750-3085500-250","municipality":"Sint-Genesius-Rode","population":140,"sideM":250,"areaKm2":0.0625,"densityPerHa":22.4,"renderClass":"15-30"},"geometry":{"type":"MultiPolygon","coordinates":[[[[4.351622324118005,50.74274354829243],[4.351351143289816,50.7449832420389],[4.3548842327687876,50.745156473901254],[4.35515524569786,50.74291677061771],[4.351622324118005,50.74274354829243]]]]}},{"type":"Feature","id":"3922750-3086750-250","properties":{"cellId":"3922750-3086750-250","municipality":"Beersel","population":88,"sideM":250,"areaKm2":0.0625,"densityPerHa":14.08,"renderClass":"5-15"},"geometry":{"type":"MultiPolygon","coordinates":[[[[4.3502660968982365,50.753941995591866],[4.349994754502971,50.75618167862548],[4.3535286837736225,50.756354958190734],[4.353799858171062,50.75411526561421],[4.3502660968982365,50.753941995591866]]]]}},{"type":"Feature","id":"3922750-3088000-250","properties":{"cellId":"3922750-3088000-250","municipality":"Linkebeek","population":174,"sideM":250,"areaKm2":0.0625,"densityPerHa":27.84,"renderClass":"15-30"},"geometry":{"type":"MultiPolygon","coordinates":[[[[4.348909061566338,50.76514038936279],[4.348637557465591,50.76738006170144],[4.352172327021744,50.76755338899881],[4.352443663025864,50.7653137071114],[4.348909061566338,50.76514038936279]]]]}},{"type":"Feature","id":"3922750-3088250-250","properties":{"cellId":"3922750-3088250-250","municipality":"Linkebeek","population":92,"sideM":250,"areaKm2":0.0625,"densityPerHa":14.72,"renderClass":"5-15"},"geometry":{"type":"MultiPolygon","coordinates":[[[[4.348637557465591,50.76738006170144],[4.348366021007126,50.76961973190323],[4.351900958679671,50.76979306875055],[4.352172327021744,50.76755338899881],[4.348637557465591,50.76738006170144]]]]}},{"type":"Feature","id":"3923000-3082750-250","properties":{"cellId":"3923000-3082750-250","municipality":"Sint-Genesius-Rode","population":44,"sideM":250,"areaKm2":0.0625,"densityPerHa":7.04,"renderClass":"5-15"},"geometry":{"type":"MultiPolygon","coordinates":[[[[4.361665358816954,50.71845290228554],[4.358134258844717,50.71827989286653],[4.357863600659946,50.720519619768595],[4.361394868318766,50.72069263870595],[4.361665358816954,50.71845290228554]]]]}},{"type":"Feature","id":"3923000-3086000-250","properties":{"cellId":"3923000-3086000-250","municipality":"Sint-Genesius-Rode","population":82,"sideM":250,"areaKm2":0.0625,"densityPerHa":13.12,"renderClass":"5-15"},"geometry":{"type":"MultiPolygon","coordinates":[[[[4.354613187557098,50.74739617504196],[4.354342110057268,50.74963587404054],[4.3578755594356045,50.749809016822844],[4.358146468992487,50.74756930829072],[4.354613187557098,50.74739617504196]]]]}},{"type":"Feature","id":"3923250-3082750-250","properties":{"cellId":"3923250-3082750-250","municipality":"Sint-Genesius-Rode","population":21,"sideM":250,"areaKm2":0.0625,"densityPerHa":3.36,"renderClass":"under-5"},"geometry":{"type":"MultiPolygon","coordinates":[[[[4.365196482755543,50.71862580362775],[4.361665358816954,50.71845290228554],[4.361394868318766,50.72069263870595],[4.364926159948276,50.720865549560685],[4.365196482755543,50.71862580362775]]]]}},{"type":"Feature","id":"3923250-3085750-250","properties":{"cellId":"3923250-3085750-250","municipality":"Sint-Genesius-Rode","population":76,"sideM":250,"areaKm2":0.0625,"densityPerHa":12.16,"renderClass":"5-15"},"geometry":{"type":"MultiPolygon","coordinates":[[[[4.361950483811678,50.74550261318689],[4.358417346280965,50.745329597617655],[4.358146468992487,50.74756930829072],[4.36167977445076,50.74774233338646],[4.361950483811678,50.74550261318689]]]]}},{"type":"Feature","id":"3923250-3086500-250","properties":{"cellId":"3923250-3086500-250","municipality":"Sint-Genesius-Rode","population":116,"sideM":250,"areaKm2":0.0625,"densityPerHa":18.56,"renderClass":"15-30"},"geometry":{"type":"MultiPolygon","coordinates":[[[[4.357333643494528,50.75428842746708],[4.360867452853959,50.75446148114933],[4.361138258977423,50.75222176736697],[4.357604617604793,50.752048723214735],[4.357333643494528,50.75428842746708]]]]}},{"type":"Feature","id":"3923500-3086000-250","properties":{"cellId":"3923500-3086000-250","municipality":"Sint-Genesius-Rode","population":40,"sideM":250,"areaKm2":0.0625,"densityPerHa":6.4,"renderClass":"5-15"},"geometry":{"type":"MultiPolygon","coordinates":[[[[4.36167977445076,50.74774233338646],[4.361409032841183,50.74998205144627],[4.364942530259331,50.75015497790959],[4.36521310391725,50.74791525032801],[4.36167977445076,50.74774233338646]]]]}},{"type":"Feature","id":"3923500-3086750-250","properties":{"cellId":"3923500-3086750-250","municipality":"Sint-Genesius-Rode","population":100,"sideM":250,"areaKm2":0.0625,"densityPerHa":16,"renderClass":"15-30"},"geometry":{"type":"MultiPolygon","coordinates":[[[[4.364401286234663,50.75463442665977],[4.360867452853959,50.75446148114933],[4.360596614465257,50.75670119279409],[4.364130615856872,50.75687414782981],[4.364401286234663,50.75463442665977]]]]}},{"type":"Feature","id":"3923750-3085000-250","properties":{"cellId":"3923750-3085000-250","municipality":"Sint-Genesius-Rode","population":30,"sideM":250,"areaKm2":0.0625,"densityPerHa":4.8,"renderClass":"under-5"},"geometry":{"type":"MultiPolygon","coordinates":[[[[4.366295076314915,50.7389563186083],[4.3660246315395685,50.74119605474867],[4.36955748125001,50.741368834994034],[4.369827758148303,50.73912908934241],[4.366295076314915,50.7389563186083]]]]}},{"type":"Feature","id":"3923750-3086500-250","properties":{"cellId":"3923750-3086500-250","municipality":"Sint-Genesius-Rode","population":60,"sideM":250,"areaKm2":0.0625,"densityPerHa":9.6,"renderClass":"5-15"},"geometry":{"type":"MultiPolygon","coordinates":[[[[4.364671924366974,50.752394703353275],[4.364401286234663,50.75463442665977],[4.367935143621959,50.75480726399721],[4.3682056137587635,50.75256753117245],[4.364671924366974,50.752394703353275]]]]}},{"type":"Feature","id":"3924000-3085250-250","properties":{"cellId":"3924000-3085250-250","municipality":"Sint-Genesius-Rode","population":160,"sideM":250,"areaKm2":0.0625,"densityPerHa":25.6,"renderClass":"15-30"},"geometry":{"type":"MultiPolygon","coordinates":[[[[4.372820213736473,50.743781260119015],[4.373090354926267,50.74154150710042],[4.36955748125001,50.741368834994034],[4.369287172159082,50.74360857850606],[4.372820213736473,50.743781260119015]]]]}},{"type":"Feature","id":"3924000-3086000-250","properties":{"cellId":"3924000-3086000-250","municipality":"Sint-Genesius-Rode","population":29,"sideM":250,"areaKm2":0.0625,"densityPerHa":4.64,"renderClass":"under-5"},"geometry":{"type":"MultiPolygon","coordinates":[[[[4.368746457377272,50.74808805911417],[4.368476051675364,50.750327796211664],[4.372009597074598,50.7505005063513],[4.372279834816151,50.74826075974374],[4.368746457377272,50.74808805911417]]]]}},{"type":"Feature","id":"3924000-3087000-250","properties":{"cellId":"3924000-3087000-250","municipality":"Sint-Genesius-Rode","population":64,"sideM":250,"areaKm2":0.0625,"densityPerHa":10.24,"renderClass":"5-15"},"geometry":{"type":"MultiPolygon","coordinates":[[[[4.367664641259427,50.757046994686675],[4.3673941066656505,50.759286723241544],[4.370928324103833,50.75945947143306],[4.371198690658239,50.757219733363456],[4.367664641259427,50.757046994686675]]]]}},{"type":"Feature","id":"3924000-3087250-250","properties":{"cellId":"3924000-3087250-250","municipality":"Sint-Genesius-Rode","population":87,"sideM":250,"areaKm2":0.0625,"densityPerHa":13.92,"renderClass":"5-15"},"geometry":{"type":"MultiPolygon","coordinates":[[[[4.370657925332422,50.76169920736995],[4.370928324103833,50.75945947143306],[4.3673941066656505,50.759286723241544],[4.367123539835109,50.76152644966256],[4.370657925332422,50.76169920736995]]]]}},{"type":"Feature","id":"3924000-3088000-250","properties":{"cellId":"3924000-3088000-250","municipality":"Sint-Genesius-Rode","population":24,"sideM":250,"areaKm2":0.0625,"densityPerHa":3.84,"renderClass":"under-5"},"geometry":{"type":"MultiPolygon","coordinates":[[[[4.366582309441643,50.76600589610585],[4.3663116458676665,50.768245616129555],[4.369846535660974,50.76841840239163],[4.3701170311165125,50.766178672848525],[4.366582309441643,50.76600589610585]]]]}},{"type":"Feature","id":"3924000-3088250-250","properties":{"cellId":"3924000-3088250-250","municipality":"Sint-Genesius-Rode","population":38,"sideM":250,"areaKm2":0.0625,"densityPerHa":6.08,"renderClass":"5-15"},"geometry":{"type":"MultiPolygon","coordinates":[[[[4.3695760079663435,50.77065812980489],[4.369846535660974,50.76841840239163],[4.3663116458676665,50.768245616129555],[4.36604095003483,50.770485334022275],[4.3695760079663435,50.77065812980489]]]]}},{"type":"Feature","id":"3924000-3088500-250","properties":{"cellId":"3924000-3088500-250","municipality":"Sint-Genesius-Rode","population":56,"sideM":250,"areaKm2":0.0625,"densityPerHa":8.96,"renderClass":"5-15"},"geometry":{"type":"MultiPolygon","coordinates":[[[[4.369305448027106,50.772897855089056],[4.3695760079663435,50.77065812980489],[4.36604095003483,50.770485334022275],[4.365770221937603,50.772725049784725],[4.369305448027106,50.772897855089056]]]]}},{"type":"Feature","id":"3924250-3085000-250","properties":{"cellId":"3924250-3085000-250","municipality":"Sint-Genesius-Rode","population":176,"sideM":250,"areaKm2":0.0625,"densityPerHa":28.16,"renderClass":"15-30"},"geometry":{"type":"MultiPolygon","coordinates":[[[[4.373360463943159,50.7393017519434],[4.373090354926267,50.74154150710042],[4.37662325255367,50.741714071066674],[4.37689319368482,50.73947430641012],[4.373360463943159,50.7393017519434]]]]}},{"type":"Feature","id":"3924250-3085250-250","properties":{"cellId":"3924250-3085250-250","municipality":"Sint-Genesius-Rode","population":152,"sideM":250,"areaKm2":0.0625,"densityPerHa":24.32,"renderClass":"15-30"},"geometry":{"type":"MultiPolygon","coordinates":[[[[4.372820213736473,50.743781260119015],[4.376353279269354,50.743953833585955],[4.37662325255367,50.741714071066674],[4.373090354926267,50.74154150710042],[4.372820213736473,50.743781260119015]]]]}},{"type":"Feature","id":"3924250-3086000-250","properties":{"cellId":"3924250-3086000-250","municipality":"Sint-Genesius-Rode","population":68,"sideM":250,"areaKm2":0.0625,"densityPerHa":10.88,"renderClass":"5-15"},"geometry":{"type":"MultiPolygon","coordinates":[[[[4.372279834816151,50.74826075974374],[4.372009597074598,50.7505005063513],[4.375543166442357,50.750673108327305],[4.375813236219204,50.74843335221554],[4.372279834816151,50.74826075974374]]]]}},{"type":"Feature","id":"3924250-3086250-250","properties":{"cellId":"3924250-3086250-250","municipality":"Sint-Genesius-Rode","population":128,"sideM":250,"areaKm2":0.0625,"densityPerHa":20.48,"renderClass":"15-30"},"geometry":{"type":"MultiPolygon","coordinates":[[[[4.3717393271381075,50.752740250823315],[4.375273064490319,50.752912862304655],[4.375543166442357,50.750673108327305],[4.372009597074598,50.7505005063513],[4.3717393271381075,50.752740250823315]]]]}},{"type":"Feature","id":"3924250-3086500-250","properties":{"cellId":"3924250-3086500-250","municipality":"Sint-Genesius-Rode","population":58,"sideM":250,"areaKm2":0.0625,"densityPerHa":9.28,"renderClass":"5-15"},"geometry":{"type":"MultiPolygon","coordinates":[[[[4.371469025001157,50.754979993160454],[4.375002930357575,50.75515261414831],[4.375273064490319,50.752912862304655],[4.3717393271381075,50.752740250823315],[4.371469025001157,50.754979993160454]]]]}},{"type":"Feature","id":"3924250-3086750-250","properties":{"cellId":"3924250-3086750-250","municipality":"Sint-Genesius-Rode","population":72,"sideM":250,"areaKm2":0.0625,"densityPerHa":11.52,"renderClass":"5-15"},"geometry":{"type":"MultiPolygon","coordinates":[[[[4.375002930357575,50.75515261414831],[4.371469025001157,50.754979993160454],[4.371198690658239,50.757219733363456],[4.374732764038617,50.75739236385901],[4.375002930357575,50.75515261414831]]]]}},{"type":"Feature","id":"3924250-3088000-250","properties":{"cellId":"3924250-3088000-250","municipality":"Sint-Genesius-Rode","population":17,"sideM":250,"areaKm2":0.0625,"densityPerHa":2.72,"renderClass":"under-5"},"geometry":{"type":"MultiPolygon","coordinates":[[[[4.3701170311165125,50.766178672848525],[4.369846535660974,50.76841840239163],[4.373381449457603,50.768591080443045],[4.373651776790355,50.76635134138644],[4.3701170311165125,50.766178672848525]]]]}},{"type":"Feature","id":"3924250-3088250-250","properties":{"cellId":"3924250-3088250-250","municipality":"Sint-Genesius-Rode","population":24,"sideM":250,"areaKm2":0.0625,"densityPerHa":3.84,"renderClass":"under-5"},"geometry":{"type":"MultiPolygon","coordinates":[[[[4.3695760079663435,50.77065812980489],[4.373111089905539,50.77083081737099],[4.373381449457603,50.768591080443045],[4.369846535660974,50.76841840239163],[4.3695760079663435,50.77065812980489]]]]}},{"type":"Feature","id":"3924500-3084500-250","properties":{"cellId":"3924500-3084500-250","municipality":"Sint-Genesius-Rode","population":16,"sideM":250,"areaKm2":0.0625,"densityPerHa":2.56,"renderClass":"under-5"},"geometry":{"type":"MultiPolygon","coordinates":[[[[4.377163102668312,50.73723453961557],[4.380695688471759,50.73740697645433],[4.38096539746247,50.735167198029735],[4.377432979509646,50.73499477068233],[4.377163102668312,50.73723453961557]]]]}},{"type":"Feature","id":"3924500-3084750-250","properties":{"cellId":"3924500-3084750-250","municipality":"Sint-Genesius-Rode","population":89,"sideM":250,"areaKm2":0.0625,"densityPerHa":14.24,"renderClass":"5-15"},"geometry":{"type":"MultiPolygon","coordinates":[[[[4.380695688471759,50.73740697645433],[4.377163102668312,50.73723453961557],[4.37689319368482,50.73947430641012],[4.380425947358615,50.73964675274137],[4.380695688471759,50.73740697645433]]]]}},{"type":"Feature","id":"3924500-3085000-250","properties":{"cellId":"3924500-3085000-250","municipality":"Sint-Genesius-Rode","population":18,"sideM":250,"areaKm2":0.0625,"densityPerHa":2.88,"renderClass":"under-5"},"geometry":{"type":"MultiPolygon","coordinates":[[[[4.37689319368482,50.73947430641012],[4.37662325255367,50.741714071066674],[4.380156174117544,50.741886526891584],[4.380425947358615,50.73964675274137],[4.37689319368482,50.73947430641012]]]]}},{"type":"Feature","id":"3924500-3085250-250","properties":{"cellId":"3924500-3085250-250","municipality":"Sint-Genesius-Rode","population":14,"sideM":250,"areaKm2":0.0625,"densityPerHa":2.24,"renderClass":"under-5"},"geometry":{"type":"MultiPolygon","coordinates":[[[[4.376353279269354,50.743953833585955],[4.379886368743044,50.7441262989057],[4.380156174117544,50.741886526891584],[4.37662325255367,50.741714071066674],[4.376353279269354,50.743953833585955]]]]}},{"type":"Feature","id":"3924500-3086000-250","properties":{"cellId":"3924500-3086000-250","municipality":"Sint-Genesius-Rode","population":53,"sideM":250,"areaKm2":0.0625,"densityPerHa":8.48,"renderClass":"5-15"},"geometry":{"type":"MultiPolygon","coordinates":[[[[4.375813236219204,50.74843335221554],[4.375543166442357,50.750673108327305],[4.379076759763955,50.7508456021385],[4.379346661571754,50.74860583652842],[4.375813236219204,50.74843335221554]]]]}},{"type":"Feature","id":"3924500-3086250-250","properties":{"cellId":"3924500-3086250-250","municipality":"Sint-Genesius-Rode","population":61,"sideM":250,"areaKm2":0.0625,"densityPerHa":9.76,"renderClass":"5-15"},"geometry":{"type":"MultiPolygon","coordinates":[[[[4.375273064490319,50.752912862304655],[4.378806825800713,50.75308536561531],[4.379076759763955,50.7508456021385],[4.375543166442357,50.750673108327305],[4.375273064490319,50.752912862304655]]]]}},{"type":"Feature","id":"3924500-3086750-250","properties":{"cellId":"3924500-3086750-250","municipality":"Sint-Genesius-Rode","population":69,"sideM":250,"areaKm2":0.0625,"densityPerHa":11.04,"renderClass":"5-15"},"geometry":{"type":"MultiPolygon","coordinates":[[[[4.378536859676522,50.755325126959626],[4.375002930357575,50.75515261414831],[4.374732764038617,50.75739236385901],[4.3782668613858675,50.75756488617212],[4.378536859676522,50.755325126959626]]]]}},{"type":"Feature","id":"3924500-3087000-250","properties":{"cellId":"3924500-3087000-250","municipality":"Sint-Genesius-Rode","population":42,"sideM":250,"areaKm2":0.0625,"densityPerHa":6.72,"renderClass":"5-15"},"geometry":{"type":"MultiPolygon","coordinates":[[[[4.374732764038617,50.75739236385901],[4.3744625655279314,50.759632111437455],[4.37799683092325,50.759804643253524],[4.3782668613858675,50.75756488617212],[4.374732764038617,50.75739236385901]]]]}},{"type":"Feature","id":"3924500-3087500-250","properties":{"cellId":"3924500-3087500-250","municipality":"Sint-Genesius-Rode","population":51,"sideM":250,"areaKm2":0.0625,"densityPerHa":8.16,"renderClass":"5-15"},"geometry":{"type":"MultiPolygon","coordinates":[[[[4.373922071909315,50.76411160020045],[4.377456673460061,50.764284151025976],[4.377726768283152,50.76204439820458],[4.374192334820003,50.76187185688436],[4.373922071909315,50.76411160020045]]]]}},{"type":"Feature","id":"3924500-3087750-250","properties":{"cellId":"3924500-3087750-250","municipality":"Sint-Genesius-Rode","population":36,"sideM":250,"areaKm2":0.0625,"densityPerHa":5.76,"renderClass":"5-15"},"geometry":{"type":"MultiPolygon","coordinates":[[[[4.377456673460061,50.764284151025976],[4.373922071909315,50.76411160020045],[4.373651776790355,50.76635134138644],[4.377186546448469,50.76652390171844],[4.377456673460061,50.764284151025976]]]]}},{"type":"Feature","id":"3924500-3088000-250","properties":{"cellId":"3924500-3088000-250","municipality":"Sint-Genesius-Rode","population":61,"sideM":250,"areaKm2":0.0625,"densityPerHa":9.76,"renderClass":"5-15"},"geometry":{"type":"MultiPolygon","coordinates":[[[[4.373651776790355,50.76635134138644],[4.373381449457603,50.768591080443045],[4.376916387242855,50.76876365028268],[4.377186546448469,50.76652390171844],[4.373651776790355,50.76635134138644]]]]}},{"type":"Feature","id":"3924500-3088250-250","properties":{"cellId":"3924500-3088250-250","municipality":"Sint-Genesius-Rode","population":57,"sideM":250,"areaKm2":0.0625,"densityPerHa":9.12,"renderClass":"5-15"},"geometry":{"type":"MultiPolygon","coordinates":[[[[4.373111089905539,50.77083081737099],[4.376646195837704,50.77100339671942],[4.376916387242855,50.76876365028268],[4.373381449457603,50.768591080443045],[4.373111089905539,50.77083081737099]]]]}},{"type":"Feature","id":"3924750-3084500-250","properties":{"cellId":"3924750-3084500-250","municipality":"Sint-Genesius-Rode","population":22,"sideM":250,"areaKm2":0.0625,"densityPerHa":3.52,"renderClass":"under-5"},"geometry":{"type":"MultiPolygon","coordinates":[[[[4.38096539746247,50.735167198029735],[4.380695688471759,50.73740697645433],[4.384228298188331,50.73757930516232],[4.3844978393240925,50.73533951725226],[4.38096539746247,50.735167198029735]]]]}},{"type":"Feature","id":"3924750-3084750-250","properties":{"cellId":"3924750-3084750-250","municipality":"Sint-Genesius-Rode","population":56,"sideM":250,"areaKm2":0.0625,"densityPerHa":8.96,"renderClass":"5-15"},"geometry":{"type":"MultiPolygon","coordinates":[[[[4.380695688471759,50.73740697645433],[4.380425947358615,50.73964675274137],[4.383958724949871,50.73981909093599],[4.384228298188331,50.73757930516232],[4.380695688471759,50.73740697645433]]]]}},{"type":"Feature","id":"3924750-3085000-250","properties":{"cellId":"3924750-3085000-250","municipality":"Sint-Genesius-Rode","population":18,"sideM":250,"areaKm2":0.0625,"densityPerHa":2.88,"renderClass":"under-5"},"geometry":{"type":"MultiPolygon","coordinates":[[[[4.380425947358615,50.73964675274137],[4.380156174117544,50.741886526891584],[4.383689119603217,50.742058874574],[4.383958724949871,50.73981909093599],[4.380425947358615,50.73964675274137]]]]}},{"type":"Feature","id":"3924750-3085250-250","properties":{"cellId":"3924750-3085250-250","municipality":"Sint-Genesius-Rode","population":16,"sideM":250,"areaKm2":0.0625,"densityPerHa":2.56,"renderClass":"under-5"},"geometry":{"type":"MultiPolygon","coordinates":[[[[4.380156174117544,50.741886526891584],[4.379886368743044,50.7441262989057],[4.383419482142875,50.744298656077035],[4.383689119603217,50.742058874574],[4.380156174117544,50.741886526891584]]]]}},{"type":"Feature","id":"3924750-3086000-250","properties":{"cellId":"3924750-3086000-250","municipality":"Sint-Genesius-Rode","population":47,"sideM":250,"areaKm2":0.0625,"densityPerHa":7.52,"renderClass":"5-15"},"geometry":{"type":"MultiPolygon","coordinates":[[[[4.379346661571754,50.74860583652842],[4.379076759763955,50.7508456021385],[4.382610377024709,50.75101798778369],[4.382880110859121,50.748778212681174],[4.379346661571754,50.74860583652842]]]]}},{"type":"Feature","id":"3924750-3087000-250","properties":{"cellId":"3924750-3087000-250","municipality":"Sint-Genesius-Rode","population":94,"sideM":250,"areaKm2":0.0625,"densityPerHa":15.04,"renderClass":"15-30"},"geometry":{"type":"MultiPolygon","coordinates":[[[[4.3782668613858675,50.75756488617212],[4.37799683092325,50.759804643253524],[4.381531120275098,50.75997706688014],[4.381800982685306,50.75773730030163],[4.3782668613858675,50.75756488617212]]]]}},{"type":"Feature","id":"3924750-3087250-250","properties":{"cellId":"3924750-3087250-250","municipality":"Sint-Genesius-Rode","population":41,"sideM":250,"areaKm2":0.0625,"densityPerHa":6.56,"renderClass":"5-15"},"geometry":{"type":"MultiPolygon","coordinates":[[[[4.37799683092325,50.759804643253524],[4.377726768283152,50.76204439820458],[4.381261225707174,50.76221683132945],[4.381531120275098,50.75997706688014],[4.37799683092325,50.759804643253524]]]]}},{"type":"Feature","id":"3924750-3087500-250","properties":{"cellId":"3924750-3087500-250","municipality":"Sint-Genesius-Rode","population":56,"sideM":250,"areaKm2":0.0625,"densityPerHa":8.96,"renderClass":"5-15"},"geometry":{"type":"MultiPolygon","coordinates":[[[[4.377726768283152,50.76204439820458],[4.377456673460061,50.764284151025976],[4.380991298976029,50.764456593650266],[4.381261225707174,50.76221683132945],[4.377726768283152,50.76204439820458]]]]}},{"type":"Feature","id":"3924750-3087750-250","properties":{"cellId":"3924750-3087750-250","municipality":"Sint-Genesius-Rode","population":77,"sideM":250,"areaKm2":0.0625,"densityPerHa":12.32,"renderClass":"5-15"},"geometry":{"type":"MultiPolygon","coordinates":[[[[4.377456673460061,50.764284151025976],[4.377186546448469,50.76652390171844],[4.380721340076147,50.7666963538433],[4.380991298976029,50.764456593650266],[4.377456673460061,50.764284151025976]]]]}},{"type":"Feature","id":"3924750-3088000-250","properties":{"cellId":"3924750-3088000-250","municipality":"Sint-Genesius-Rode","population":72,"sideM":250,"areaKm2":0.0625,"densityPerHa":11.52,"renderClass":"5-15"},"geometry":{"type":"MultiPolygon","coordinates":[[[[4.377186546448469,50.76652390171844],[4.376916387242855,50.76876365028268],[4.380451349002024,50.768936111909305],[4.380721340076147,50.7666963538433],[4.377186546448469,50.76652390171844]]]]}},{"type":"Feature","id":"3925000-3084000-250","properties":{"cellId":"3925000-3084000-250","municipality":"Sint-Genesius-Rode","population":34,"sideM":250,"areaKm2":0.0625,"densityPerHa":5.44,"renderClass":"5-15"},"geometry":{"type":"MultiPolygon","coordinates":[[[[4.385036825309506,50.7308599350201],[4.384767348362654,50.733099727205094],[4.388299646278844,50.733271928823086],[4.388568955405867,50.73103212716081],[4.385036825309506,50.7308599350201]]]]}},{"type":"Feature","id":"3925000-3084250-250","properties":{"cellId":"3925000-3084250-250","municipality":"Sint-Genesius-Rode","population":23,"sideM":250,"areaKm2":0.0625,"densityPerHa":3.68,"renderClass":"under-5"},"geometry":{"type":"MultiPolygon","coordinates":[[[[4.388030305079838,50.73551172834868],[4.388299646278844,50.733271928823086],[4.384767348362654,50.733099727205094],[4.3844978393240925,50.73533951725226],[4.388030305079838,50.73551172834868]]]]}},{"type":"Feature","id":"3925000-3084750-250","properties":{"cellId":"3925000-3084750-250","municipality":"Sint-Genesius-Rode","population":104,"sideM":250,"areaKm2":0.0625,"densityPerHa":16.64,"renderClass":"15-30"},"geometry":{"type":"MultiPolygon","coordinates":[[[[4.387760931803362,50.73775152573833],[4.384228298188331,50.73757930516232],[4.383958724949871,50.73981909093599],[4.3874915264439185,50.739991320992786],[4.387760931803362,50.73775152573833]]]]}},{"type":"Feature","id":"3925000-3085000-250","properties":{"cellId":"3925000-3085000-250","municipality":"Sint-Genesius-Rode","population":101,"sideM":250,"areaKm2":0.0625,"densityPerHa":16.16,"renderClass":"15-30"},"geometry":{"type":"MultiPolygon","coordinates":[[[[4.383958724949871,50.73981909093599],[4.383689119603217,50.742058874574],[4.387222088996015,50.7422311141127],[4.3874915264439185,50.739991320992786],[4.383958724949871,50.73981909093599]]]]}},{"type":"Feature","id":"3925000-3085250-250","properties":{"cellId":"3925000-3085250-250","municipality":"Sint-Genesius-Rode","population":55,"sideM":250,"areaKm2":0.0625,"densityPerHa":8.8,"renderClass":"5-15"},"geometry":{"type":"MultiPolygon","coordinates":[[[[4.3869526194541635,50.74447090509885],[4.387222088996015,50.7422311141127],[4.383689119603217,50.742058874574],[4.383419482142875,50.744298656077035],[4.3869526194541635,50.74447090509885]]]]}},{"type":"Feature","id":"3925250-3084000-250","properties":{"cellId":"3925250-3084000-250","municipality":"Sint-Genesius-Rode","population":65,"sideM":250,"areaKm2":0.0625,"densityPerHa":10.4,"renderClass":"5-15"},"geometry":{"type":"MultiPolygon","coordinates":[[[[4.388568955405867,50.73103212716081],[4.388299646278844,50.733271928823086],[4.391831968070165,50.733444022319695],[4.392101109373029,50.731204211186004],[4.388568955405867,50.73103212716081]]]]}},{"type":"Feature","id":"3925250-3084250-250","properties":{"cellId":"3925250-3084250-250","municipality":"Sint-Genesius-Rode","population":33,"sideM":250,"areaKm2":0.0625,"densityPerHa":5.28,"renderClass":"5-15"},"geometry":{"type":"MultiPolygon","coordinates":[[[[4.388030305079838,50.73551172834868],[4.391562794715046,50.73568383131785],[4.391831968070165,50.733444022319695],[4.388299646278844,50.733271928823086],[4.388030305079838,50.73551172834868]]]]}},{"type":"Feature","id":"3925250-3084500-250","properties":{"cellId":"3925250-3084500-250","municipality":"Sint-Genesius-Rode","population":52,"sideM":250,"areaKm2":0.0625,"densityPerHa":8.32,"renderClass":"5-15"},"geometry":{"type":"MultiPolygon","coordinates":[[[[4.387760931803362,50.73775152573833],[4.39129358930218,50.73792363818124],[4.391562794715046,50.73568383131785],[4.388030305079838,50.73551172834868],[4.387760931803362,50.73775152573833]]]]}},{"type":"Feature","id":"3925250-3085000-250","properties":{"cellId":"3925250-3085000-250","municipality":"Sint-Genesius-Rode","population":64,"sideM":250,"areaKm2":0.0625,"densityPerHa":10.24,"renderClass":"5-15"},"geometry":{"type":"MultiPolygon","coordinates":[[[[4.3874915264439185,50.739991320992786],[4.387222088996015,50.7422311141127],[4.390755082281265,50.74240324550654],[4.391024351826082,50.740163442910564],[4.3874915264439185,50.739991320992786]]]]}},{"type":"Feature","id":"3925250-3085250-250","properties":{"cellId":"3925250-3085250-250","municipality":"Sint-Genesius-Rode","population":39,"sideM":250,"areaKm2":0.0625,"densityPerHa":6.24,"renderClass":"5-15"},"geometry":{"type":"MultiPolygon","coordinates":[[[[4.3869526194541635,50.74447090509885],[4.3904857806622335,50.744643045969895],[4.390755082281265,50.74240324550654],[4.387222088996015,50.7422311141127],[4.3869526194541635,50.74447090509885]]]]}},{"type":"Feature","id":"3925500-3084500-250","properties":{"cellId":"3925500-3084500-250","municipality":"Sint-Genesius-Rode","population":46,"sideM":250,"areaKm2":0.0625,"densityPerHa":7.36,"renderClass":"5-15"},"geometry":{"type":"MultiPolygon","coordinates":[[[[4.39129358930218,50.73792363818124],[4.394826270670117,50.73809564248984],[4.395095308215041,50.73585582615858],[4.391562794715046,50.73568383131785],[4.39129358930218,50.73792363818124]]]]}},{"type":"Feature","id":"3925500-3084750-250","properties":{"cellId":"3925500-3084750-250","municipality":"Sint-Genesius-Rode","population":79,"sideM":250,"areaKm2":0.0625,"densityPerHa":12.64,"renderClass":"5-15"},"geometry":{"type":"MultiPolygon","coordinates":[[[[4.394826270670117,50.73809564248984],[4.39129358930218,50.73792363818124],[4.391024351826082,50.740163442910564],[4.394557201081694,50.74033545668818],[4.394826270670117,50.73809564248984]]]]}},{"type":"Feature","id":"3925750-3084250-250","properties":{"cellId":"3925750-3084250-250","municipality":"Sint-Genesius-Rode","population":83,"sideM":250,"areaKm2":0.0625,"densityPerHa":13.28,"renderClass":"5-15"},"geometry":{"type":"MultiPolygon","coordinates":[[[[4.395364313721955,50.733616007693705],[4.395095308215041,50.73585582615858],[4.398627845565162,50.73602771286967],[4.398896683219543,50.73378788494396],[4.395364313721955,50.733616007693705]]]]}},{"type":"Feature","id":"3925750-3084500-250","properties":{"cellId":"3925750-3084500-250","municipality":"Sint-Genesius-Rode","population":25,"sideM":250,"areaKm2":0.0625,"densityPerHa":4,"renderClass":"under-5"},"geometry":{"type":"MultiPolygon","coordinates":[[[[4.395095308215041,50.73585582615858],[4.394826270670117,50.73809564248984],[4.398358975892503,50.73826753866292],[4.398627845565162,50.73602771286967],[4.395095308215041,50.73585582615858]]]]}},{"type":"Feature","id":"3925750-3084750-250","properties":{"cellId":"3925750-3084750-250","municipality":"Sint-Genesius-Rode","population":34,"sideM":250,"areaKm2":0.0625,"densityPerHa":5.44,"renderClass":"5-15"},"geometry":{"type":"MultiPolygon","coordinates":[[[[4.394826270670117,50.73809564248984],[4.394557201081694,50.74033545668818],[4.398090074196079,50.74050736232442],[4.398358975892503,50.73826753866292],[4.394826270670117,50.73809564248984]]]]}},{"type":"Feature","id":"3925750-3085500-250","properties":{"cellId":"3925750-3085500-250","municipality":"Sint-Genesius-Rode","population":98,"sideM":250,"areaKm2":0.0625,"densityPerHa":15.68,"renderClass":"15-30"},"geometry":{"type":"MultiPolygon","coordinates":[[[[4.394018965752409,50.74481507868903],[4.393749800000572,50.747054886492975],[4.397283176909397,50.74722682052563],[4.397552174710012,50.74498700325506],[4.394018965752409,50.74481507868903]]]]}},{"type":"Feature","id":"3925750-3085750-250","properties":{"cellId":"3925750-3085750-250","municipality":"Sint-Genesius-Rode","population":54,"sideM":250,"areaKm2":0.0625,"densityPerHa":8.64,"renderClass":"5-15"},"geometry":{"type":"MultiPolygon","coordinates":[[[[4.393749800000572,50.747054886492975],[4.393480602183282,50.7492946921669],[4.397014147063082,50.749466635667346],[4.397283176909397,50.74722682052563],[4.393749800000572,50.747054886492975]]]]}},{"type":"Feature","id":"3926000-3084250-250","properties":{"cellId":"3926000-3084250-250","municipality":"Sint-Genesius-Rode","population":65,"sideM":250,"areaKm2":0.0625,"densityPerHa":10.4,"renderClass":"5-15"},"geometry":{"type":"MultiPolygon","coordinates":[[[[4.4021604067507365,50.73619949144997],[4.402429076548261,50.73395965406931],[4.398896683219543,50.73378788494396],[4.398627845565162,50.73602771286967],[4.4021604067507365,50.73619949144997]]]]}},{"type":"Feature","id":"3926000-3084500-250","properties":{"cellId":"3926000-3084500-250","municipality":"Sint-Genesius-Rode","population":22,"sideM":250,"areaKm2":0.0625,"densityPerHa":3.52,"renderClass":"under-5"},"geometry":{"type":"MultiPolygon","coordinates":[[[[4.401891704954662,50.73843932669934],[4.4021604067507365,50.73619949144997],[4.398627845565162,50.73602771286967],[4.398358975892503,50.73826753866292],[4.401891704954662,50.73843932669934]]]]}},{"type":"Feature","id":"3926000-3084750-250","properties":{"cellId":"3926000-3084750-250","municipality":"Sint-Genesius-Rode","population":41,"sideM":250,"areaKm2":0.0625,"densityPerHa":6.56,"renderClass":"5-15"},"geometry":{"type":"MultiPolygon","coordinates":[[[[4.401891704954662,50.73843932669934],[4.398358975892503,50.73826753866292],[4.398090074196079,50.74050736232442],[4.401622971154562,50.74067915981813],[4.401891704954662,50.73843932669934]]]]}},{"type":"Feature","id":"3926250-3084250-250","properties":{"cellId":"3926250-3084250-250","municipality":"Sint-Genesius-Rode","population":51,"sideM":250,"areaKm2":0.0625,"densityPerHa":8.16,"renderClass":"5-15"},"geometry":{"type":"MultiPolygon","coordinates":[[[[4.4021604067507365,50.73619949144997],[4.405692991757092,50.7363711618983],[4.405961493693445,50.73413131506851],[4.402429076548261,50.73395965406931],[4.4021604067507365,50.73619949144997]]]]}},{"type":"Feature","id":"3926250-3084500-250","properties":{"cellId":"3926250-3084500-250","municipality":"Sint-Genesius-Rode","population":39,"sideM":250,"areaKm2":0.0625,"densityPerHa":6.24,"renderClass":"5-15"},"geometry":{"type":"MultiPolygon","coordinates":[[[[4.401891704954662,50.73843932669934],[4.405424457841922,50.73861100659793],[4.405692991757092,50.7363711618983],[4.4021604067507365,50.73619949144997],[4.401891704954662,50.73843932669934]]]]}},{"type":"Feature","id":"3926250-3084750-250","properties":{"cellId":"3926250-3084750-250","municipality":"Sint-Genesius-Rode","population":22,"sideM":250,"areaKm2":0.0625,"densityPerHa":3.52,"renderClass":"under-5"},"geometry":{"type":"MultiPolygon","coordinates":[[[[4.405424457841922,50.73861100659793],[4.401891704954662,50.73843932669934],[4.401622971154562,50.74067915981813],[4.405155891942465,50.74085084916813],[4.405424457841922,50.73861100659793]]]]}},{"type":"Feature","id":"3912250-3083500-125","properties":{"cellId":"3912250-3083500-125","municipality":"Halle","population":84,"sideM":125,"areaKm2":0.015625,"densityPerHa":53.76,"renderClass":"30-60"},"geometry":{"type":"MultiPolygon","coordinates":[[[[4.205347169210147,50.71857584673792],[4.207112487085248,50.71866470513969],[4.207251422953987,50.7175450496868],[4.205486146966462,50.71745619372876],[4.205347169210147,50.71857584673792]]]]}},{"type":"Feature","id":"3912250-3083625-125","properties":{"cellId":"3912250-3083625-125","municipality":"Halle","population":26,"sideM":125,"areaKm2":0.015625,"densityPerHa":16.64,"renderClass":"15-30"},"geometry":{"type":"MultiPolygon","coordinates":[[[[4.2052081831832755,50.71969549919712],[4.206973542948411,50.7197843600428],[4.207112487085248,50.71866470513969],[4.205347169210147,50.71857584673792],[4.2052081831832755,50.71969549919712]]]]}},{"type":"Feature","id":"3912250-3083750-125","properties":{"cellId":"3912250-3083750-125","municipality":"Halle","population":42,"sideM":125,"areaKm2":0.015625,"densityPerHa":26.88,"renderClass":"15-30"},"geometry":{"type":"MultiPolygon","coordinates":[[[[4.205069188885143,50.7208151511065],[4.2068345905427735,50.7209040143962],[4.206973542948411,50.7197843600428],[4.2052081831832755,50.71969549919712],[4.205069188885143,50.7208151511065]]]]}},{"type":"Feature","id":"3912250-3083875-125","properties":{"cellId":"3912250-3083875-125","municipality":"Halle","population":43,"sideM":125,"areaKm2":0.015625,"densityPerHa":27.52,"renderClass":"15-30"},"geometry":{"type":"MultiPolygon","coordinates":[[[[4.2068345905427735,50.7209040143962],[4.205069188885143,50.7208151511065],[4.204930186315045,50.72193480246612],[4.206695629867625,50.72202366819998],[4.2068345905427735,50.7209040143962]]]]}},{"type":"Feature","id":"3912375-3083500-125","properties":{"cellId":"3912375-3083500-125","municipality":"Halle","population":68,"sideM":125,"areaKm2":0.015625,"densityPerHa":43.52,"renderClass":"30-60"},"geometry":{"type":"MultiPolygon","coordinates":[[[[4.207112487085248,50.71866470513969],[4.208877811114891,50.71875353653017],[4.209016705095496,50.71763387863428],[4.207251422953987,50.7175450496868],[4.207112487085248,50.71866470513969]]]]}},{"type":"Feature","id":"3912375-3083625-125","properties":{"cellId":"3912375-3083625-125","municipality":"Halle","population":76,"sideM":125,"areaKm2":0.015625,"densityPerHa":48.64,"renderClass":"30-60"},"geometry":{"type":"MultiPolygon","coordinates":[[[[4.206973542948411,50.7197843600428],[4.208738908868645,50.71987319387643],[4.208877811114891,50.71875353653017],[4.207112487085248,50.71866470513969],[4.206973542948411,50.7197843600428]]]]}},{"type":"Feature","id":"3912375-3083750-125","properties":{"cellId":"3912375-3083750-125","municipality":"Halle","population":40,"sideM":125,"areaKm2":0.015625,"densityPerHa":25.6,"renderClass":"15-30"},"geometry":{"type":"MultiPolygon","coordinates":[[[[4.2068345905427735,50.7209040143962],[4.208599998356059,50.720992850673134],[4.208738908868645,50.71987319387643],[4.206973542948411,50.7197843600428],[4.2068345905427735,50.7209040143962]]]]}},{"type":"Feature","id":"3912375-3083875-125","properties":{"cellId":"3912375-3083875-125","municipality":"Halle","population":54,"sideM":125,"areaKm2":0.015625,"densityPerHa":34.56,"renderClass":"30-60"},"geometry":{"type":"MultiPolygon","coordinates":[[[[4.208599998356059,50.720992850673134],[4.2068345905427735,50.7209040143962],[4.206695629867625,50.72202366819998],[4.20846107957642,50.72211250692038],[4.208599998356059,50.720992850673134]]]]}},{"type":"Feature","id":"3912500-3083500-125","properties":{"cellId":"3912500-3083500-125","municipality":"Halle","population":67,"sideM":125,"areaKm2":0.015625,"densityPerHa":42.88,"renderClass":"30-60"},"geometry":{"type":"MultiPolygon","coordinates":[[[[4.208877811114891,50.71875353653017],[4.210643141297248,50.718842340909234],[4.210781993389161,50.71772268057108],[4.209016705095496,50.71763387863428],[4.208877811114891,50.71875353653017]]]]}},{"type":"Feature","id":"3912500-3083625-125","properties":{"cellId":"3912500-3083625-125","municipality":"Halle","population":47,"sideM":125,"areaKm2":0.015625,"densityPerHa":30.08,"renderClass":"30-60"},"geometry":{"type":"MultiPolygon","coordinates":[[[[4.208738908868645,50.71987319387643],[4.210504280942154,50.71996200069792],[4.210643141297248,50.718842340909234],[4.208877811114891,50.71875353653017],[4.208738908868645,50.71987319387643]]]]}},{"type":"Feature","id":"3912500-3083750-125","properties":{"cellId":"3912500-3083750-125","municipality":"Halle","population":63,"sideM":125,"areaKm2":0.015625,"densityPerHa":40.32,"renderClass":"30-60"},"geometry":{"type":"MultiPolygon","coordinates":[[[[4.208599998356059,50.720992850673134],[4.210365412323173,50.72108165993719],[4.210504280942154,50.71996200069792],[4.208738908868645,50.71987319387643],[4.208599998356059,50.720992850673134]]]]}},{"type":"Feature","id":"3912500-3083875-125","properties":{"cellId":"3912500-3083875-125","municipality":"Halle","population":61,"sideM":125,"areaKm2":0.015625,"densityPerHa":39.04,"renderClass":"30-60"},"geometry":{"type":"MultiPolygon","coordinates":[[[[4.210365412323173,50.72108165993719],[4.208599998356059,50.720992850673134],[4.20846107957642,50.72211250692038],[4.210226535439599,50.72220131862716],[4.210365412323173,50.72108165993719]]]]}},{"type":"Feature","id":"3912625-3083500-125","properties":{"cellId":"3912625-3083500-125","municipality":"Halle","population":54,"sideM":125,"areaKm2":0.015625,"densityPerHa":34.56,"renderClass":"30-60"},"geometry":{"type":"MultiPolygon","coordinates":[[[[4.210643141297248,50.718842340909234],[4.212408477630489,50.7189311182767],[4.212547287833156,50.717811455497],[4.210781993389161,50.71772268057108],[4.210643141297248,50.718842340909234]]]]}},{"type":"Feature","id":"3912625-3083625-125","properties":{"cellId":"3912625-3083625-125","municipality":"Halle","population":56,"sideM":125,"areaKm2":0.015625,"densityPerHa":35.84,"renderClass":"30-60"},"geometry":{"type":"MultiPolygon","coordinates":[[[[4.210504280942154,50.71996200069792],[4.2122696591671005,50.72005078050707],[4.212408477630489,50.7189311182767],[4.210643141297248,50.718842340909234],[4.210504280942154,50.71996200069792]]]]}},{"type":"Feature","id":"3912625-3083750-125","properties":{"cellId":"3912625-3083750-125","municipality":"Halle","population":44,"sideM":125,"areaKm2":0.015625,"densityPerHa":28.16,"renderClass":"15-30"},"geometry":{"type":"MultiPolygon","coordinates":[[[[4.210365412323173,50.72108165993719],[4.212130832442287,50.72117044218819],[4.2122696591671005,50.72005078050707],[4.210504280942154,50.71996200069792],[4.210365412323173,50.72108165993719]]]]}},{"type":"Feature","id":"3912625-3083875-125","properties":{"cellId":"3912625-3083875-125","municipality":"Halle","population":34,"sideM":125,"areaKm2":0.015625,"densityPerHa":21.76,"renderClass":"15-30"},"geometry":{"type":"MultiPolygon","coordinates":[[[[4.212130832442287,50.72117044218819],[4.210365412323173,50.72108165993719],[4.210226535439599,50.72220131862716],[4.211991997455338,50.72229010332014],[4.212130832442287,50.72117044218819]]]]}},{"type":"Feature","id":"3912750-3083500-125","properties":{"cellId":"3912750-3083500-125","municipality":"Halle","population":43,"sideM":125,"areaKm2":0.015625,"densityPerHa":27.52,"renderClass":"15-30"},"geometry":{"type":"MultiPolygon","coordinates":[[[[4.212408477630489,50.7189311182767],[4.214173820112793,50.71901986863245],[4.2143125884256545,50.717900203411936],[4.212547287833156,50.717811455497],[4.212408477630489,50.7189311182767]]]]}},{"type":"Feature","id":"3912750-3083625-125","properties":{"cellId":"3912750-3083625-125","municipality":"Halle","population":41,"sideM":125,"areaKm2":0.015625,"densityPerHa":26.24,"renderClass":"15-30"},"geometry":{"type":"MultiPolygon","coordinates":[[[[4.2122696591671005,50.72005078050707],[4.214035043541666,50.72013953330377],[4.214173820112793,50.71901986863245],[4.212408477630489,50.7189311182767],[4.2122696591671005,50.72005078050707]]]]}},{"type":"Feature","id":"3912875-3083500-125","properties":{"cellId":"3912875-3083500-125","municipality":"Halle","population":30,"sideM":125,"areaKm2":0.015625,"densityPerHa":19.2,"renderClass":"15-30"},"geometry":{"type":"MultiPolygon","coordinates":[[[[4.2143125884256545,50.717900203411936],[4.214173820112793,50.71901986863245],[4.215939168742327,50.719108591976294],[4.216077895164828,50.71798892431572],[4.2143125884256545,50.717900203411936]]]]}},{"type":"Feature","id":"3912875-3083625-125","properties":{"cellId":"3912875-3083625-125","municipality":"Halle","population":28,"sideM":125,"areaKm2":0.015625,"densityPerHa":17.92,"renderClass":"15-30"},"geometry":{"type":"MultiPolygon","coordinates":[[[[4.214173820112793,50.71901986863245],[4.214035043541666,50.72013953330377],[4.215800434064024,50.72022825908784],[4.215939168742327,50.719108591976294],[4.214173820112793,50.71901986863245]]]]}},{"type":"Feature","id":"3913250-3083000-125","properties":{"cellId":"3913250-3083000-125","municipality":"Halle","population":84,"sideM":125,"areaKm2":0.015625,"densityPerHa":53.76,"renderClass":"30-60"},"geometry":{"type":"MultiPolygon","coordinates":[[[[4.220163015141561,50.71368758944584],[4.220024405497946,50.71480726418024],[4.2217896050048385,50.71489589673689],[4.221928172766254,50.71377621956521],[4.220163015141561,50.71368758944584]]]]}},{"type":"Feature","id":"3913250-3083250-125","properties":{"cellId":"3913250-3083250-125","municipality":"Halle","population":92,"sideM":125,"areaKm2":0.015625,"densityPerHa":58.88,"renderClass":"30-60"},"geometry":{"type":"MultiPolygon","coordinates":[[[[4.2197471614658175,50.71704661200181],[4.221512444744479,50.71713524943348],[4.221651028997816,50.7160155733596],[4.219885787606267,50.715926938365534],[4.2197471614658175,50.71704661200181]]]]}},{"type":"Feature","id":"3913250-3086000-125","properties":{"cellId":"3913250-3086000-125","municipality":"Halle","population":31,"sideM":125,"areaKm2":0.015625,"densityPerHa":19.84,"renderClass":"15-30"},"geometry":{"type":"MultiPolygon","coordinates":[[[[4.216834105800406,50.74055963170035],[4.216695298008392,50.74167929328093],[4.218461503425874,50.74176798437716],[4.218600269276645,50.74064832035572],[4.216834105800406,50.74055963170035]]]]}},{"type":"Feature","id":"3913250-3086125-125","properties":{"cellId":"3913250-3086125-125","municipality":"Halle","population":52,"sideM":125,"areaKm2":0.015625,"densityPerHa":33.28,"renderClass":"30-60"},"geometry":{"type":"MultiPolygon","coordinates":[[[[4.216556481951367,50.742798954314516],[4.218322729312555,50.74288764785179],[4.218461503425874,50.74176798437716],[4.216695298008392,50.74167929328093],[4.216556481951367,50.742798954314516]]]]}},{"type":"Feature","id":"3913375-3083125-125","properties":{"cellId":"3913375-3083125-125","municipality":"Halle","population":100,"sideM":125,"areaKm2":0.015625,"densityPerHa":64,"renderClass":"60-100"},"geometry":{"type":"MultiPolygon","coordinates":[[[[4.221651028997816,50.7160155733596],[4.223416276527616,50.71610418134339],[4.223554810649428,50.71498450228397],[4.2217896050048385,50.71489589673689],[4.221651028997816,50.7160155733596]]]]}},{"type":"Feature","id":"3913375-3083250-125","properties":{"cellId":"3913375-3083250-125","municipality":"Halle","population":62,"sideM":125,"areaKm2":0.015625,"densityPerHa":39.68,"renderClass":"30-60"},"geometry":{"type":"MultiPolygon","coordinates":[[[[4.221512444744479,50.71713524943348],[4.223277734161952,50.71722385985412],[4.223416276527616,50.71610418134339],[4.221651028997816,50.7160155733596],[4.221512444744479,50.71713524943348]]]]}},{"type":"Feature","id":"3913375-3086000-125","properties":{"cellId":"3913375-3086000-125","municipality":"Halle","population":32,"sideM":125,"areaKm2":0.015625,"densityPerHa":20.48,"renderClass":"15-30"},"geometry":{"type":"MultiPolygon","coordinates":[[[[4.218600269276645,50.74064832035572],[4.218461503425874,50.74176798437716],[4.220227714994413,50.74185664844625],[4.220366438903381,50.74073698198468],[4.218600269276645,50.74064832035572]]]]}},{"type":"Feature","id":"3913375-3086125-125","properties":{"cellId":"3913375-3086125-125","municipality":"Halle","population":57,"sideM":125,"areaKm2":0.015625,"densityPerHa":36.48,"renderClass":"30-60"},"geometry":{"type":"MultiPolygon","coordinates":[[[[4.218322729312555,50.74288764785179],[4.220088982825357,50.74297631436116],[4.220227714994413,50.74185664844625],[4.218461503425874,50.74176798437716],[4.218322729312555,50.74288764785179]]]]}},{"type":"Feature","id":"3913500-3082250-125","properties":{"cellId":"3913500-3082250-125","municipality":"Halle","population":54,"sideM":125,"areaKm2":0.015625,"densityPerHa":34.56,"renderClass":"30-60"},"geometry":{"type":"MultiPolygon","coordinates":[[[[4.224385842298825,50.70826641639959],[4.226150802816289,50.70835498032426],[4.226289237382286,50.70723529498647],[4.22452431873339,50.70714673349672],[4.224385842298825,50.70826641639959]]]]}},{"type":"Feature","id":"3913500-3082375-125","properties":{"cellId":"3913500-3082375-125","municipality":"Halle","population":66,"sideM":125,"areaKm2":0.015625,"densityPerHa":42.24,"renderClass":"30-60"},"geometry":{"type":"MultiPolygon","coordinates":[[[[4.224247357625338,50.70938609875312],[4.226012360013826,50.70947466511288],[4.226150802816289,50.70835498032426],[4.224385842298825,50.70826641639959],[4.224247357625338,50.70938609875312]]]]}},{"type":"Feature","id":"3913500-3086000-125","properties":{"cellId":"3913500-3086000-125","municipality":"Halle","population":42,"sideM":125,"areaKm2":0.015625,"densityPerHa":26.88,"renderClass":"15-30"},"geometry":{"type":"MultiPolygon","coordinates":[[[[4.220366438903381,50.74073698198468],[4.220227714994413,50.74185664844625],[4.22199393271218,50.74194528548807],[4.222132614678791,50.7408256165871],[4.220366438903381,50.74073698198468]]]]}},{"type":"Feature","id":"3913500-3086125-125","properties":{"cellId":"3913500-3086125-125","municipality":"Halle","population":53,"sideM":125,"areaKm2":0.015625,"densityPerHa":33.92,"renderClass":"30-60"},"geometry":{"type":"MultiPolygon","coordinates":[[[[4.220088982825357,50.74297631436116],[4.221855242487944,50.74306495384252],[4.22199393271218,50.74194528548807],[4.220227714994413,50.74185664844625],[4.220088982825357,50.74297631436116]]]]}},{"type":"Feature","id":"3913500-3086500-125","properties":{"cellId":"3913500-3086500-125","municipality":"Halle","population":64,"sideM":125,"areaKm2":0.015625,"densityPerHa":40.96,"renderClass":"30-60"},"geometry":{"type":"MultiPolygon","coordinates":[[[[4.219672736750572,50.74633530882674],[4.221439122262404,50.746423955627655],[4.22157783726376,50.74530428891222],[4.219811493704142,50.74521564455131],[4.219672736750572,50.74633530882674]]]]}},{"type":"Feature","id":"3913500-3086625-125","properties":{"cellId":"3913500-3086625-125","municipality":"Halle","population":58,"sideM":125,"areaKm2":0.015625,"densityPerHa":37.12,"renderClass":"30-60"},"geometry":{"type":"MultiPolygon","coordinates":[[[[4.219533971534085,50.74745497255586],[4.221300399000589,50.74754362179691],[4.221439122262404,50.746423955627655],[4.219672736750572,50.74633530882674],[4.219533971534085,50.74745497255586]]]]}},{"type":"Feature","id":"3913625-3082250-125","properties":{"cellId":"3913625-3082250-125","municipality":"Halle","population":14,"sideM":125,"areaKm2":0.015625,"densityPerHa":8.96,"renderClass":"5-15"},"geometry":{"type":"MultiPolygon","coordinates":[[[[4.226150802816289,50.70835498032426],[4.227915769464461,50.70844351724347],[4.228054162161339,50.70732382947148],[4.226289237382286,50.70723529498647],[4.226150802816289,50.70835498032426]]]]}},{"type":"Feature","id":"3913625-3082375-125","properties":{"cellId":"3913625-3082375-125","municipality":"Halle","population":43,"sideM":125,"areaKm2":0.015625,"densityPerHa":27.52,"renderClass":"15-30"},"geometry":{"type":"MultiPolygon","coordinates":[[[[4.226012360013826,50.70947466511288],[4.227777368533578,50.70956320446642],[4.227915769464461,50.70844351724347],[4.226150802816289,50.70835498032426],[4.226012360013826,50.70947466511288]]]]}},{"type":"Feature","id":"3913625-3086000-125","properties":{"cellId":"3913625-3086000-125","municipality":"Halle","population":76,"sideM":125,"areaKm2":0.015625,"densityPerHa":48.64,"renderClass":"30-60"},"geometry":{"type":"MultiPolygon","coordinates":[[[[4.222132614678791,50.7408256165871],[4.22199393271218,50.74194528548807],[4.223760156577342,50.74203389550243],[4.223898796601037,50.740914224162786],[4.222132614678791,50.7408256165871]]]]}},{"type":"Feature","id":"3913625-3086125-125","properties":{"cellId":"3913625-3086125-125","municipality":"Halle","population":63,"sideM":125,"areaKm2":0.015625,"densityPerHa":40.32,"renderClass":"30-60"},"geometry":{"type":"MultiPolygon","coordinates":[[[[4.221855242487944,50.74306495384252],[4.223621508298484,50.743153566295696],[4.223760156577342,50.74203389550243],[4.22199393271218,50.74194528548807],[4.221855242487944,50.74306495384252]]]]}},{"type":"Feature","id":"3913625-3086500-125","properties":{"cellId":"3913625-3086500-125","municipality":"Halle","population":66,"sideM":125,"areaKm2":0.015625,"densityPerHa":42.24,"renderClass":"30-60"},"geometry":{"type":"MultiPolygon","coordinates":[[[[4.221439122262404,50.746423955627655],[4.22320551392386,50.74651257539819],[4.223344186972447,50.74539290624348],[4.22157783726376,50.74530428891222],[4.221439122262404,50.746423955627655]]]]}},{"type":"Feature","id":"3913625-3086625-125","properties":{"cellId":"3913625-3086625-125","municipality":"Halle","population":87,"sideM":125,"areaKm2":0.015625,"densityPerHa":55.68,"renderClass":"30-60"},"geometry":{"type":"MultiPolygon","coordinates":[[[[4.221300399000589,50.74754362179691],[4.223066832617279,50.74763224400686],[4.22320551392386,50.74651257539819],[4.221439122262404,50.746423955627655],[4.221300399000589,50.74754362179691]]]]}},{"type":"Feature","id":"3913750-3086000-125","properties":{"cellId":"3913750-3086000-125","municipality":"Halle","population":43,"sideM":125,"areaKm2":0.015625,"densityPerHa":27.52,"renderClass":"15-30"},"geometry":{"type":"MultiPolygon","coordinates":[[[[4.223898796601037,50.740914224162786],[4.223760156577342,50.74203389550243],[4.22552638658807,50.7421224784892],[4.225664984668292,50.74100280471161],[4.223898796601037,50.740914224162786]]]]}},{"type":"Feature","id":"3913750-3086125-125","properties":{"cellId":"3913750-3086125-125","municipality":"Halle","population":50,"sideM":125,"areaKm2":0.015625,"densityPerHa":32,"renderClass":"30-60"},"geometry":{"type":"MultiPolygon","coordinates":[[[[4.223621508298484,50.743153566295696],[4.225387780255145,50.74324215172056],[4.22552638658807,50.7421224784892],[4.223760156577342,50.74203389550243],[4.223621508298484,50.743153566295696]]]]}},{"type":"Feature","id":"3913875-3086000-125","properties":{"cellId":"3913875-3086000-125","municipality":"Halle","population":47,"sideM":125,"areaKm2":0.015625,"densityPerHa":30.08,"renderClass":"30-60"},"geometry":{"type":"MultiPolygon","coordinates":[[[[4.225664984668292,50.74100280471161],[4.22552638658807,50.7421224784892],[4.2272926227425325,50.742211034448225],[4.227431178878725,50.74109135823344],[4.225664984668292,50.74100280471161]]]]}},{"type":"Feature","id":"3913875-3086125-125","properties":{"cellId":"3913875-3086125-125","municipality":"Halle","population":50,"sideM":125,"areaKm2":0.015625,"densityPerHa":32,"renderClass":"30-60"},"geometry":{"type":"MultiPolygon","coordinates":[[[[4.22552638658807,50.7421224784892],[4.225387780255145,50.74324215172056],[4.227154058356099,50.743330710116936],[4.2272926227425325,50.742211034448225],[4.22552638658807,50.7421224784892]]]]}},{"type":"Feature","id":"3913875-3086500-125","properties":{"cellId":"3913875-3086500-125","municipality":"Halle","population":96,"sideM":125,"areaKm2":0.015625,"densityPerHa":61.44,"renderClass":"60-100"},"geometry":{"type":"MultiPolygon","coordinates":[[[[4.22511054282837,50.74548149654496],[4.224971911733105,50.746601168138184],[4.226738315688316,50.746689733847525],[4.226876904829699,50.745570059816494],[4.22511054282837,50.74548149654496]]]]}},{"type":"Feature","id":"3913875-3086625-125","properties":{"cellId":"3913875-3086625-125","municipality":"Halle","population":41,"sideM":125,"areaKm2":0.015625,"densityPerHa":26.24,"renderClass":"15-30"},"geometry":{"type":"MultiPolygon","coordinates":[[[[4.224971911733105,50.746601168138184],[4.224833272382315,50.74772083918556],[4.226599718293873,50.747809407332845],[4.226738315688316,50.746689733847525],[4.224971911733105,50.746601168138184]]]]}},{"type":"Feature","id":"3914000-3085250-125","properties":{"cellId":"3914000-3085250-125","municipality":"Halle","population":53,"sideM":125,"areaKm2":0.015625,"densityPerHa":33.92,"renderClass":"30-60"},"geometry":{"type":"MultiPolygon","coordinates":[[[[4.229889826496623,50.73558148327987],[4.230028291216402,50.73446180135123],[4.228262342480421,50.734373289472266],[4.228123835830833,50.735492968965325],[4.229889826496623,50.73558148327987]]]]}},{"type":"Feature","id":"3914000-3085375-125","properties":{"cellId":"3914000-3085375-125","municipality":"Halle","population":43,"sideM":125,"areaKm2":0.015625,"densityPerHa":27.52,"renderClass":"15-30"},"geometry":{"type":"MultiPolygon","coordinates":[[[[4.229751353533306,50.73670116466207],[4.229889826496623,50.73558148327987],[4.228123835830833,50.735492968965325],[4.2279853209352405,50.73661264791182],[4.229751353533306,50.73670116466207]]]]}},{"type":"Feature","id":"3914000-3085500-125","properties":{"cellId":"3914000-3085500-125","municipality":"Halle","population":127,"sideM":125,"areaKm2":0.015625,"densityPerHa":81.28,"renderClass":"60-100"},"geometry":{"type":"MultiPolygon","coordinates":[[[[4.229612872325738,50.737820845497914],[4.229751353533306,50.73670116466207],[4.2279853209352405,50.73661264791182],[4.227846797792939,50.73773232631177],[4.229612872325738,50.737820845497914]]]]}},{"type":"Feature","id":"3914000-3085625-125","properties":{"cellId":"3914000-3085625-125","municipality":"Halle","population":57,"sideM":125,"areaKm2":0.015625,"densityPerHa":36.48,"renderClass":"30-60"},"geometry":{"type":"MultiPolygon","coordinates":[[[[4.229474382873222,50.738940525787456],[4.229612872325738,50.737820845497914],[4.227846797792939,50.73773232631177],[4.227708266403223,50.73885200416531],[4.229474382873222,50.738940525787456]]]]}},{"type":"Feature","id":"3914000-3085875-125","properties":{"cellId":"3914000-3085875-125","municipality":"Halle","population":68,"sideM":125,"areaKm2":0.015625,"densityPerHa":43.52,"renderClass":"30-60"},"geometry":{"type":"MultiPolygon","coordinates":[[[[4.229335885175045,50.74006020553083],[4.227569726765387,50.7399716814725],[4.227431178878725,50.74109135823344],[4.229197379230505,50.7411798847281],[4.229335885175045,50.74006020553083]]]]}},{"type":"Feature","id":"3914000-3086000-125","properties":{"cellId":"3914000-3086000-125","municipality":"Halle","population":34,"sideM":125,"areaKm2":0.015625,"densityPerHa":21.76,"renderClass":"15-30"},"geometry":{"type":"MultiPolygon","coordinates":[[[[4.227431178878725,50.74109135823344],[4.2272926227425325,50.742211034448225],[4.229058865038896,50.742299563379355],[4.229197379230505,50.7411798847281],[4.227431178878725,50.74109135823344]]]]}},{"type":"Feature","id":"3914000-3086125-125","properties":{"cellId":"3914000-3086125-125","municipality":"Halle","population":17,"sideM":125,"areaKm2":0.015625,"densityPerHa":10.88,"renderClass":"5-15"},"geometry":{"type":"MultiPolygon","coordinates":[[[[4.228920342599514,50.74341924148468],[4.229058865038896,50.742299563379355],[4.2272926227425325,50.742211034448225],[4.227154058356099,50.743330710116936],[4.228920342599514,50.74341924148468]]]]}},{"type":"Feature","id":"3914125-3085250-125","properties":{"cellId":"3914125-3085250-125","municipality":"Halle","population":132,"sideM":125,"areaKm2":0.015625,"densityPerHa":84.48,"renderClass":"60-100"},"geometry":{"type":"MultiPolygon","coordinates":[[[[4.229889826496623,50.73558148327987],[4.231655823299152,50.735669970570775],[4.231794246088564,50.73455028620727],[4.230028291216402,50.73446180135123],[4.229889826496623,50.73558148327987]]]]}},{"type":"Feature","id":"3914125-3085500-125","properties":{"cellId":"3914125-3085500-125","municipality":"Halle","population":93,"sideM":125,"areaKm2":0.015625,"densityPerHa":59.52,"renderClass":"30-60"},"geometry":{"type":"MultiPolygon","coordinates":[[[[4.229612872325738,50.737820845497914],[4.231378952996386,50.737909337658934],[4.231517392268661,50.73678965438796],[4.229751353533306,50.73670116466207],[4.229612872325738,50.737820845497914]]]]}},{"type":"Feature","id":"3914125-3085625-125","properties":{"cellId":"3914125-3085625-125","municipality":"Halle","population":77,"sideM":125,"areaKm2":0.015625,"densityPerHa":49.28,"renderClass":"30-60"},"geometry":{"type":"MultiPolygon","coordinates":[[[[4.229474382873222,50.738940525787456],[4.231240505481621,50.739029020383775],[4.231378952996386,50.737909337658934],[4.229612872325738,50.737820845497914],[4.229474382873222,50.738940525787456]]]]}},{"type":"Feature","id":"3914125-3085750-125","properties":{"cellId":"3914125-3085750-125","municipality":"Halle","population":153,"sideM":125,"areaKm2":0.015625,"densityPerHa":97.92,"renderClass":"60-100"},"geometry":{"type":"MultiPolygon","coordinates":[[[[4.229335885175045,50.74006020553083],[4.231102049723659,50.740148702562585],[4.231240505481621,50.739029020383775],[4.229474382873222,50.738940525787456],[4.229335885175045,50.74006020553083]]]]}},{"type":"Feature","id":"3914125-3085875-125","properties":{"cellId":"3914125-3085875-125","municipality":"Halle","population":68,"sideM":125,"areaKm2":0.015625,"densityPerHa":43.52,"renderClass":"30-60"},"geometry":{"type":"MultiPolygon","coordinates":[[[[4.231102049723659,50.740148702562585],[4.229335885175045,50.74006020553083],[4.229197379230505,50.7411798847281],[4.230963585721801,50.741268384195436],[4.231102049723659,50.740148702562585]]]]}},{"type":"Feature","id":"3914125-3086000-125","properties":{"cellId":"3914125-3086000-125","municipality":"Halle","population":77,"sideM":125,"areaKm2":0.015625,"densityPerHa":49.28,"renderClass":"30-60"},"geometry":{"type":"MultiPolygon","coordinates":[[[[4.229197379230505,50.7411798847281],[4.229058865038896,50.742299563379355],[4.2308251134753325,50.74238806528244],[4.230963585721801,50.741268384195436],[4.229197379230505,50.7411798847281]]]]}},{"type":"Feature","id":"3914125-3086125-125","properties":{"cellId":"3914125-3086125-125","municipality":"Halle","population":51,"sideM":125,"areaKm2":0.015625,"densityPerHa":32.64,"renderClass":"30-60"},"geometry":{"type":"MultiPolygon","coordinates":[[[[4.228920342599514,50.74341924148468],[4.230686632983555,50.743507745823656],[4.2308251134753325,50.74238806528244],[4.229058865038896,50.742299563379355],[4.228920342599514,50.74341924148468]]]]}},{"type":"Feature","id":"3914250-3085375-125","properties":{"cellId":"3914250-3085375-125","municipality":"Halle","population":165,"sideM":125,"areaKm2":0.015625,"densityPerHa":105.6,"renderClass":"100-200"},"geometry":{"type":"MultiPolygon","coordinates":[[[[4.231517392268661,50.73678965438796],[4.233283437139478,50.736878117089304],[4.233421826236584,50.73575843083785],[4.231655823299152,50.735669970570775],[4.231517392268661,50.73678965438796]]]]}},{"type":"Feature","id":"3914250-3085500-125","properties":{"cellId":"3914250-3085500-125","municipality":"Halle","population":26,"sideM":125,"areaKm2":0.015625,"densityPerHa":16.64,"renderClass":"15-30"},"geometry":{"type":"MultiPolygon","coordinates":[[[[4.231378952996386,50.737909337658934],[4.233145039803049,50.73799780279468],[4.233283437139478,50.736878117089304],[4.231517392268661,50.73678965438796],[4.231378952996386,50.737909337658934]]]]}},{"type":"Feature","id":"3914250-3085625-125","properties":{"cellId":"3914250-3085625-125","municipality":"Halle","population":116,"sideM":125,"areaKm2":0.015625,"densityPerHa":74.24,"renderClass":"60-100"},"geometry":{"type":"MultiPolygon","coordinates":[[[[4.231240505481621,50.739029020383775],[4.2330066342265935,50.7391174879541],[4.233145039803049,50.73799780279468],[4.231378952996386,50.737909337658934],[4.231240505481621,50.739029020383775]]]]}},{"type":"Feature","id":"3914250-3086000-125","properties":{"cellId":"3914250-3086000-125","municipality":"Halle","population":124,"sideM":125,"areaKm2":0.015625,"densityPerHa":79.36,"renderClass":"60-100"},"geometry":{"type":"MultiPolygon","coordinates":[[[[4.230963585721801,50.741268384195436],[4.2308251134753325,50.74238806528244],[4.232591368050012,50.74247654015731],[4.23272979835078,50.74135685663531],[4.230963585721801,50.741268384195436]]]]}},{"type":"Feature","id":"3914250-3086125-125","properties":{"cellId":"3914250-3086125-125","municipality":"Halle","population":37,"sideM":125,"areaKm2":0.015625,"densityPerHa":23.68,"renderClass":"15-30"},"geometry":{"type":"MultiPolygon","coordinates":[[[[4.230686632983555,50.743507745823656],[4.232452929506395,50.74359622313368],[4.232591368050012,50.74247654015731],[4.2308251134753325,50.74238806528244],[4.230686632983555,50.743507745823656]]]]}},{"type":"Feature","id":"3914375-3085000-125","properties":{"cellId":"3914375-3085000-125","municipality":"Halle","population":202,"sideM":125,"areaKm2":0.015625,"densityPerHa":129.28,"renderClass":"100-200"},"geometry":{"type":"MultiPolygon","coordinates":[[[[4.233836944099015,50.73239936880619],[4.2336985797156474,50.73351905669638],[4.23546450492566,50.73360748507291],[4.235602827382474,50.732487794749645],[4.233836944099015,50.73239936880619]]]]}},{"type":"Feature","id":"3914375-3085500-125","properties":{"cellId":"3914375-3085500-125","municipality":"Halle","population":112,"sideM":125,"areaKm2":0.015625,"densityPerHa":71.68,"renderClass":"60-100"},"geometry":{"type":"MultiPolygon","coordinates":[[[[4.233145039803049,50.73799780279468],[4.234911132743899,50.738086240905005],[4.2350494881439245,50.73696655276596],[4.233283437139478,50.736878117089304],[4.233145039803049,50.73799780279468]]]]}},{"type":"Feature","id":"3914375-3086125-125","properties":{"cellId":"3914375-3086125-125","municipality":"Halle","population":80,"sideM":125,"areaKm2":0.015625,"densityPerHa":51.2,"renderClass":"30-60"},"geometry":{"type":"MultiPolygon","coordinates":[[[[4.232452929506395,50.74359622313368],[4.2342192321662,50.74368467341463],[4.234357628761099,50.74256498800384],[4.232591368050012,50.74247654015731],[4.232452929506395,50.74359622313368]]]]}},{"type":"Feature","id":"3914500-3084000-125","properties":{"cellId":"3914500-3084000-125","municipality":"Halle","population":88,"sideM":125,"areaKm2":0.015625,"densityPerHa":56.32,"renderClass":"30-60"},"geometry":{"type":"MultiPolygon","coordinates":[[[[4.236709110670653,50.723530252490164],[4.236570854066452,50.72464994718612],[4.238336450058624,50.72473832908536],[4.238474664755401,50.72361863195827],[4.236709110670653,50.723530252490164]]]]}},{"type":"Feature","id":"3914500-3084125-125","properties":{"cellId":"3914500-3084125-125","municipality":"Halle","population":37,"sideM":125,"areaKm2":0.015625,"densityPerHa":23.68,"renderClass":"15-30"},"geometry":{"type":"MultiPolygon","coordinates":[[[[4.2364325892331385,50.72576964133516],[4.238198227135194,50.72585802566574],[4.238336450058624,50.72473832908536],[4.236570854066452,50.72464994718612],[4.2364325892331385,50.72576964133516]]]]}},{"type":"Feature","id":"3914500-3084625-125","properties":{"cellId":"3914500-3084625-125","municipality":"Halle","population":88,"sideM":125,"areaKm2":0.015625,"densityPerHa":56.32,"renderClass":"30-60"},"geometry":{"type":"MultiPolygon","coordinates":[[[[4.235879447594681,50.730248412464185],[4.237645253160877,50.73033680652146],[4.237783508997953,50.729217112127195],[4.236017745351484,50.72912872050184],[4.235879447594681,50.730248412464185]]]]}},{"type":"Feature","id":"3914500-3084750-125","properties":{"cellId":"3914500-3084750-125","municipality":"Halle","population":13,"sideM":125,"areaKm2":0.015625,"densityPerHa":8.32,"renderClass":"5-15"},"geometry":{"type":"MultiPolygon","coordinates":[[[[4.235741141605247,50.73136810388009],[4.237506989093629,50.731456500369426],[4.237645253160877,50.73033680652146],[4.235879447594681,50.730248412464185],[4.235741141605247,50.73136810388009]]]]}},{"type":"Feature","id":"3914500-3084875-125","properties":{"cellId":"3914500-3084875-125","municipality":"Halle","population":49,"sideM":125,"areaKm2":0.015625,"densityPerHa":31.36,"renderClass":"30-60"},"geometry":{"type":"MultiPolygon","coordinates":[[[[4.237506989093629,50.731456500369426],[4.235741141605247,50.73136810388009],[4.235602827382474,50.732487794749645],[4.2373687167955065,50.73257619367116],[4.237506989093629,50.731456500369426]]]]}},{"type":"Feature","id":"3914500-3085500-125","properties":{"cellId":"3914500-3085500-125","municipality":"Halle","population":70,"sideM":125,"areaKm2":0.015625,"densityPerHa":44.8,"renderClass":"30-60"},"geometry":{"type":"MultiPolygon","coordinates":[[[[4.234911132743899,50.738086240905005],[4.236677231817103,50.73817465198977],[4.236815545280168,50.73705496141777],[4.2350494881439245,50.73696655276596],[4.234911132743899,50.738086240905005]]]]}},{"type":"Feature","id":"3914500-3085750-125","properties":{"cellId":"3914500-3085750-125","municipality":"Halle","population":91,"sideM":125,"areaKm2":0.015625,"densityPerHa":58.24,"renderClass":"30-60"},"geometry":{"type":"MultiPolygon","coordinates":[[[[4.234634397230447,50.740325615545736],[4.236400580184956,50.74041403149683],[4.236538910118934,50.73929434201611],[4.234772769106309,50.73920592849825],[4.234634397230447,50.740325615545736]]]]}},{"type":"Feature","id":"3914500-3085875-125","properties":{"cellId":"3914500-3085875-125","municipality":"Halle","population":22,"sideM":125,"areaKm2":0.015625,"densityPerHa":14.08,"renderClass":"5-15"},"geometry":{"type":"MultiPolygon","coordinates":[[[[4.236400580184956,50.74041403149683],[4.234634397230447,50.740325615545736],[4.234496017115612,50.74144530204756],[4.236262242014469,50.74153372043205],[4.236400580184956,50.74041403149683]]]]}},{"type":"Feature","id":"3914500-3093000-125","properties":{"cellId":"3914500-3093000-125","municipality":"Sint-Pieters-Leeuw","population":29,"sideM":125,"areaKm2":0.015625,"densityPerHa":18.56,"renderClass":"15-30"},"geometry":{"type":"MultiPolygon","coordinates":[[[[4.226733559491186,50.80414687802476],[4.2265947085868,50.80526653357095],[4.2283633283915165,50.80535509090548],[4.22850213721082,50.804235432917395],[4.226733559491186,50.80414687802476]]]]}},{"type":"Feature","id":"3914500-3093125-125","properties":{"cellId":"3914500-3093125-125","municipality":"Sint-Pieters-Leeuw","population":32,"sideM":125,"areaKm2":0.015625,"densityPerHa":20.48,"renderClass":"15-30"},"geometry":{"type":"MultiPolygon","coordinates":[[[[4.226455849402413,50.806386188576646],[4.228224511294683,50.80647474835322],[4.2283633283915165,50.80535509090548],[4.2265947085868,50.80526653357095],[4.226455849402413,50.806386188576646]]]]}},{"type":"Feature","id":"3914625-3084000-125","properties":{"cellId":"3914625-3084000-125","municipality":"Halle","population":57,"sideM":125,"areaKm2":0.015625,"densityPerHa":36.48,"renderClass":"30-60"},"geometry":{"type":"MultiPolygon","coordinates":[[[[4.238474664755401,50.72361863195827],[4.238336450058624,50.72473832908536],[4.240102052174664,50.72482668396769],[4.240240224963461,50.72370698441017],[4.238474664755401,50.72361863195827]]]]}},{"type":"Feature","id":"3914625-3084125-125","properties":{"cellId":"3914625-3084125-125","municipality":"Halle","population":134,"sideM":125,"areaKm2":0.015625,"densityPerHa":85.76,"renderClass":"60-100"},"geometry":{"type":"MultiPolygon","coordinates":[[[[4.238198227135194,50.72585802566574],[4.23996387116167,50.72594638297862],[4.240102052174664,50.72482668396769],[4.238336450058624,50.72473832908536],[4.238198227135194,50.72585802566574]]]]}},{"type":"Feature","id":"3914625-3084250-125","properties":{"cellId":"3914625-3084250-125","municipality":"Halle","population":93,"sideM":125,"areaKm2":0.015625,"densityPerHa":59.52,"renderClass":"30-60"},"geometry":{"type":"MultiPolygon","coordinates":[[[[4.238059995984409,50.72697772169942],[4.239825681923785,50.72706608144305],[4.23996387116167,50.72594638297862],[4.238198227135194,50.72585802566574],[4.238059995984409,50.72697772169942]]]]}},{"type":"Feature","id":"3914625-3084375-125","properties":{"cellId":"3914625-3084375-125","municipality":"Halle","population":110,"sideM":125,"areaKm2":0.015625,"densityPerHa":70.4,"renderClass":"60-100"},"geometry":{"type":"MultiPolygon","coordinates":[[[[4.237921756605563,50.72809741718656],[4.239687484460298,50.72818577936104],[4.239825681923785,50.72706608144305],[4.238059995984409,50.72697772169942],[4.237921756605563,50.72809741718656]]]]}},{"type":"Feature","id":"3914625-3084750-125","properties":{"cellId":"3914625-3084750-125","municipality":"Halle","population":54,"sideM":125,"areaKm2":0.015625,"densityPerHa":34.56,"renderClass":"30-60"},"geometry":{"type":"MultiPolygon","coordinates":[[[[4.237506989093629,50.731456500369426],[4.239272842709209,50.731544869837414],[4.239411064853714,50.730425173558146],[4.237645253160877,50.73033680652146],[4.237506989093629,50.731456500369426]]]]}},{"type":"Feature","id":"3914625-3084875-125","properties":{"cellId":"3914625-3084875-125","municipality":"Halle","population":61,"sideM":125,"areaKm2":0.015625,"densityPerHa":39.04,"renderClass":"30-60"},"geometry":{"type":"MultiPolygon","coordinates":[[[[4.239272842709209,50.731544869837414],[4.237506989093629,50.731456500369426],[4.2373687167955065,50.73257619367116],[4.239134612336289,50.73266456557063],[4.239272842709209,50.731544869837414]]]]}},{"type":"Feature","id":"3914625-3085375-125","properties":{"cellId":"3914625-3085375-125","municipality":"Halle","population":68,"sideM":125,"areaKm2":0.015625,"densityPerHa":43.52,"renderClass":"30-60"},"geometry":{"type":"MultiPolygon","coordinates":[[[[4.236815545280168,50.73705496141777],[4.238581608546385,50.73714334304459],[4.238719871840003,50.736023649494754],[4.236953850508838,50.7359352703],[4.236815545280168,50.73705496141777]]]]}},{"type":"Feature","id":"3914625-3093000-125","properties":{"cellId":"3914625-3093000-125","municipality":"Sint-Pieters-Leeuw","population":45,"sideM":125,"areaKm2":0.015625,"densityPerHa":28.8,"renderClass":"15-30"},"geometry":{"type":"MultiPolygon","coordinates":[[[[4.22850213721082,50.804235432917395],[4.2283633283915165,50.80535509090548],[4.230131954360206,50.80544362117026],[4.230270721093869,50.80432396074097],[4.22850213721082,50.804235432917395]]]]}},{"type":"Feature","id":"3914625-3093125-125","properties":{"cellId":"3914625-3093125-125","municipality":"Sint-Pieters-Leeuw","population":28,"sideM":125,"areaKm2":0.015625,"densityPerHa":17.92,"renderClass":"15-30"},"geometry":{"type":"MultiPolygon","coordinates":[[[[4.228224511294683,50.80647474835322],[4.229993179351488,50.80656328105931],[4.230131954360206,50.80544362117026],[4.2283633283915165,50.80535509090548],[4.228224511294683,50.80647474835322]]]]}},{"type":"Feature","id":"3914750-3083750-125","properties":{"cellId":"3914750-3083750-125","municipality":"Halle","population":69,"sideM":125,"areaKm2":0.015625,"densityPerHa":44.16,"renderClass":"30-60"},"geometry":{"type":"MultiPolygon","coordinates":[[[[4.240378389528774,50.72258728430595],[4.24214391395224,50.72267560731196],[4.242282028391153,50.72155590423158],[4.240516545871301,50.72146758365497],[4.240378389528774,50.72258728430595]]]]}},{"type":"Feature","id":"3914750-3083875-125","properties":{"cellId":"3914750-3083875-125","municipality":"Halle","population":53,"sideM":125,"areaKm2":0.015625,"densityPerHa":33.92,"renderClass":"30-60"},"geometry":{"type":"MultiPolygon","coordinates":[[[[4.24214391395224,50.72267560731196],[4.240378389528774,50.72258728430595],[4.240240224963461,50.72370698441017],[4.242005791293004,50.72379530984571],[4.24214391395224,50.72267560731196]]]]}},{"type":"Feature","id":"3914750-3084000-125","properties":{"cellId":"3914750-3084000-125","municipality":"Halle","population":33,"sideM":125,"areaKm2":0.015625,"densityPerHa":21.12,"renderClass":"15-30"},"geometry":{"type":"MultiPolygon","coordinates":[[[[4.240240224963461,50.72370698441017],[4.240102052174664,50.72482668396769],[4.241867660412733,50.72491501183293],[4.242005791293004,50.72379530984571],[4.240240224963461,50.72370698441017]]]]}},{"type":"Feature","id":"3914750-3084625-125","properties":{"cellId":"3914750-3084625-125","municipality":"Halle","population":93,"sideM":125,"areaKm2":0.015625,"densityPerHa":59.52,"renderClass":"30-60"},"geometry":{"type":"MultiPolygon","coordinates":[[[[4.239411064853714,50.730425173558146],[4.241176882671357,50.73051351357408],[4.241315054667316,50.729393814318215],[4.239549278770509,50.72930547673272],[4.239411064853714,50.730425173558146]]]]}},{"type":"Feature","id":"3914750-3085000-125","properties":{"cellId":"3914750-3085000-125","municipality":"Halle","population":37,"sideM":125,"areaKm2":0.015625,"densityPerHa":23.68,"renderClass":"15-30"},"geometry":{"type":"MultiPolygon","coordinates":[[[[4.239134612336289,50.73266456557063],[4.23899637373425,50.73378426075785],[4.24076231732917,50.733872608066],[4.240900514002987,50.732752910447886],[4.239134612336289,50.73266456557063]]]]}},{"type":"Feature","id":"3914750-3085125-125","properties":{"cellId":"3914750-3085125-125","municipality":"Halle","population":35,"sideM":125,"areaKm2":0.015625,"densityPerHa":22.4,"renderClass":"15-30"},"geometry":{"type":"MultiPolygon","coordinates":[[[[4.2388581269023895,50.7349039553992],[4.240624112427991,50.73499230513836],[4.24076231732917,50.733872608066],[4.23899637373425,50.73378426075785],[4.2388581269023895,50.7349039553992]]]]}},{"type":"Feature","id":"3914750-3093000-125","properties":{"cellId":"3914750-3093000-125","municipality":"Sint-Pieters-Leeuw","population":30,"sideM":125,"areaKm2":0.015625,"densityPerHa":19.2,"renderClass":"15-30"},"geometry":{"type":"MultiPolygon","coordinates":[[[[4.230270721093869,50.80432396074097],[4.230131954360206,50.80544362117026],[4.231900586491028,50.8055321243651],[4.232039311138492,50.80441246149541],[4.230270721093869,50.80432396074097]]]]}},{"type":"Feature","id":"3914750-3093125-125","properties":{"cellId":"3914750-3093125-125","municipality":"Sint-Pieters-Leeuw","population":44,"sideM":125,"areaKm2":0.015625,"densityPerHa":28.16,"renderClass":"15-30"},"geometry":{"type":"MultiPolygon","coordinates":[[[[4.229993179351488,50.80656328105931],[4.231761853570983,50.80665178669475],[4.231900586491028,50.8055321243651],[4.230131954360206,50.80544362117026],[4.229993179351488,50.80656328105931]]]]}},{"type":"Feature","id":"3914750-3093250-125","properties":{"cellId":"3914750-3093250-125","municipality":"Sint-Pieters-Leeuw","population":71,"sideM":125,"areaKm2":0.015625,"densityPerHa":45.44,"renderClass":"30-60"},"geometry":{"type":"MultiPolygon","coordinates":[[[[4.229854396067008,50.807682940408235],[4.231623112377655,50.807771448484424],[4.231761853570983,50.80665178669475],[4.229993179351488,50.80656328105931],[4.229854396067008,50.807682940408235]]]]}},{"type":"Feature","id":"3914750-3093375-125","properties":{"cellId":"3914750-3093375-125","municipality":"Sint-Pieters-Leeuw","population":32,"sideM":125,"areaKm2":0.015625,"densityPerHa":20.48,"renderClass":"15-30"},"geometry":{"type":"MultiPolygon","coordinates":[[[[4.2297156045060555,50.80880259921714],[4.231484362910325,50.808891109734205],[4.231623112377655,50.807771448484424],[4.229854396067008,50.807682940408235],[4.2297156045060555,50.80880259921714]]]]}},{"type":"Feature","id":"3914750-3093500-125","properties":{"cellId":"3914750-3093500-125","municipality":"Sint-Pieters-Leeuw","population":39,"sideM":125,"areaKm2":0.015625,"densityPerHa":24.96,"renderClass":"15-30"},"geometry":{"type":"MultiPolygon","coordinates":[[[[4.229576804667917,50.809922257486086],[4.2313456051682925,50.81001077044419],[4.231484362910325,50.808891109734205],[4.2297156045060555,50.80880259921714],[4.229576804667917,50.809922257486086]]]]}},{"type":"Feature","id":"3914750-3093625-125","properties":{"cellId":"3914750-3093625-125","municipality":"Sint-Pieters-Leeuw","population":34,"sideM":125,"areaKm2":0.015625,"densityPerHa":21.76,"renderClass":"15-30"},"geometry":{"type":"MultiPolygon","coordinates":[[[[4.2294379965518925,50.81104191521519],[4.231206839150843,50.811130430614476],[4.2313456051682925,50.81001077044419],[4.229576804667917,50.809922257486086],[4.2294379965518925,50.81104191521519]]]]}},{"type":"Feature","id":"3914875-3083875-125","properties":{"cellId":"3914875-3083875-125","municipality":"Halle","population":72,"sideM":125,"areaKm2":0.015625,"densityPerHa":46.08,"renderClass":"30-60"},"geometry":{"type":"MultiPolygon","coordinates":[[[[4.24214391395224,50.72267560731196],[4.242005791293004,50.72379530984571],[4.243771363742189,50.72388360826476],[4.2439094444948,50.722763903302194],[4.24214391395224,50.72267560731196]]]]}},{"type":"Feature","id":"3914875-3084250-125","properties":{"cellId":"3914875-3084250-125","municipality":"Halle","population":75,"sideM":125,"areaKm2":0.015625,"densityPerHa":48,"renderClass":"30-60"},"geometry":{"type":"MultiPolygon","coordinates":[[[[4.241729521310734,50.726034713273705],[4.2415913739863,50.72715441416811],[4.2433570721701335,50.727242719874496],[4.243495177580557,50.726123016550815],[4.241729521310734,50.726034713273705]]]]}},{"type":"Feature","id":"3914875-3085125-125","properties":{"cellId":"3914875-3085125-125","municipality":"Halle","population":42,"sideM":125,"areaKm2":0.015625,"densityPerHa":26.88,"renderClass":"15-30"},"geometry":{"type":"MultiPolygon","coordinates":[[[[4.24076231732917,50.733872608066],[4.240624112427991,50.73499230513836],[4.24239010407879,50.73508062785372],[4.242528267048729,50.73396092835104],[4.24076231732917,50.733872608066]]]]}},{"type":"Feature","id":"3914875-3093000-125","properties":{"cellId":"3914875-3093000-125","municipality":"Sint-Pieters-Leeuw","population":76,"sideM":125,"areaKm2":0.015625,"densityPerHa":48.64,"renderClass":"30-60"},"geometry":{"type":"MultiPolygon","coordinates":[[[[4.232039311138492,50.80441246149541],[4.231900586491028,50.8055321243651],[4.233669224782139,50.80562060048989],[4.233807907342847,50.804500935180485],[4.232039311138492,50.80441246149541]]]]}},{"type":"Feature","id":"3914875-3093250-125","properties":{"cellId":"3914875-3093250-125","municipality":"Sint-Pieters-Leeuw","population":89,"sideM":125,"areaKm2":0.015625,"densityPerHa":56.96,"renderClass":"30-60"},"geometry":{"type":"MultiPolygon","coordinates":[[[[4.231761853570983,50.80665178669475],[4.231623112377655,50.807771448484424],[4.2333918348497095,50.80785992948907],[4.233530533951329,50.80674026525939],[4.231761853570983,50.80665178669475]]]]}},{"type":"Feature","id":"3914875-3093375-125","properties":{"cellId":"3914875-3093375-125","municipality":"Sint-Pieters-Leeuw","population":76,"sideM":125,"areaKm2":0.015625,"densityPerHa":48.64,"renderClass":"30-60"},"geometry":{"type":"MultiPolygon","coordinates":[[[[4.231623112377655,50.807771448484424],[4.231484362910325,50.808891109734205],[4.233253127476564,50.808979593179],[4.2333918348497095,50.80785992948907],[4.231623112377655,50.807771448484424]]]]}},{"type":"Feature","id":"3914875-3093500-125","properties":{"cellId":"3914875-3093500-125","municipality":"Sint-Pieters-Leeuw","population":37,"sideM":125,"areaKm2":0.015625,"densityPerHa":23.68,"renderClass":"15-30"},"geometry":{"type":"MultiPolygon","coordinates":[[[[4.231484362910325,50.808891109734205],[4.2313456051682925,50.81001077044419],[4.233114411831194,50.81009925632928],[4.233253127476564,50.808979593179],[4.231484362910325,50.808891109734205]]]]}},{"type":"Feature","id":"3914875-3093625-125","properties":{"cellId":"3914875-3093625-125","municipality":"Sint-Pieters-Leeuw","population":37,"sideM":125,"areaKm2":0.015625,"densityPerHa":23.68,"renderClass":"15-30"},"geometry":{"type":"MultiPolygon","coordinates":[[[[4.2313456051682925,50.81001077044419],[4.231206839150843,50.811130430614476],[4.23297568791288,50.81121891894001],[4.233114411831194,50.81009925632928],[4.2313456051682925,50.81001077044419]]]]}},{"type":"Feature","id":"3915000-3083750-125","properties":{"cellId":"3915000-3083750-125","municipality":"Halle","population":108,"sideM":125,"areaKm2":0.015625,"densityPerHa":69.12,"renderClass":"60-100"},"geometry":{"type":"MultiPolygon","coordinates":[[[[4.2456749811546315,50.72285217227649],[4.245813011784654,50.72173246433951],[4.244047517029546,50.72164419779313],[4.2439094444948,50.722763903302194],[4.2456749811546315,50.72285217227649]]]]}},{"type":"Feature","id":"3915000-3083875-125","properties":{"cellId":"3915000-3083875-125","municipality":"Halle","population":94,"sideM":125,"areaKm2":0.015625,"densityPerHa":60.16,"renderClass":"60-100"},"geometry":{"type":"MultiPolygon","coordinates":[[[[4.2456749811546315,50.72285217227649],[4.2439094444948,50.722763903302194],[4.243771363742189,50.72388360826476],[4.245536942309201,50.72397187966715],[4.2456749811546315,50.72285217227649]]]]}},{"type":"Feature","id":"3915000-3084000-125","properties":{"cellId":"3915000-3084000-125","municipality":"Halle","population":68,"sideM":125,"areaKm2":0.015625,"densityPerHa":43.52,"renderClass":"30-60"},"geometry":{"type":"MultiPolygon","coordinates":[[[[4.243771363742189,50.72388360826476],[4.243633274771008,50.72500331268093],[4.245398895247661,50.72509158651155],[4.245536942309201,50.72397187966715],[4.243771363742189,50.72388360826476]]]]}},{"type":"Feature","id":"3915000-3084125-125","properties":{"cellId":"3915000-3084125-125","municipality":"Halle","population":26,"sideM":125,"areaKm2":0.015625,"densityPerHa":16.64,"renderClass":"15-30"},"geometry":{"type":"MultiPolygon","coordinates":[[[[4.245260839969313,50.726211292809815],[4.245398895247661,50.72509158651155],[4.243633274771008,50.72500331268093],[4.243495177580557,50.726123016550815],[4.245260839969313,50.726211292809815]]]]}},{"type":"Feature","id":"3915000-3084250-125","properties":{"cellId":"3915000-3084250-125","municipality":"Halle","population":116,"sideM":125,"areaKm2":0.015625,"densityPerHa":74.24,"renderClass":"60-100"},"geometry":{"type":"MultiPolygon","coordinates":[[[[4.24512277647345,50.72733099856201],[4.245260839969313,50.726211292809815],[4.243495177580557,50.726123016550815],[4.2433570721701335,50.727242719874496],[4.24512277647345,50.72733099856201]]]]}},{"type":"Feature","id":"3915000-3084500-125","properties":{"cellId":"3915000-3084500-125","municipality":"Halle","population":76,"sideM":125,"areaKm2":0.015625,"densityPerHa":48.64,"renderClass":"30-60"},"geometry":{"type":"MultiPolygon","coordinates":[[[[4.244846624826368,50.729570408428565],[4.244984704759369,50.728450703768225],[4.243218958539028,50.72836242265203],[4.243080836686546,50.729482124883546],[4.244846624826368,50.729570408428565]]]]}},{"type":"Feature","id":"3915000-3084625-125","properties":{"cellId":"3915000-3084625-125","municipality":"Halle","population":83,"sideM":125,"areaKm2":0.015625,"densityPerHa":53.12,"renderClass":"30-60"},"geometry":{"type":"MultiPolygon","coordinates":[[[[4.2447085366737465,50.7306901125431],[4.244846624826368,50.729570408428565],[4.243080836686546,50.729482124883546],[4.242942706611975,50.73060182656913],[4.2447085366737465,50.7306901125431]]]]}},{"type":"Feature","id":"3915000-3084750-125","properties":{"cellId":"3915000-3084750-125","municipality":"Halle","population":103,"sideM":125,"areaKm2":0.015625,"densityPerHa":65.92,"renderClass":"60-100"},"geometry":{"type":"MultiPolygon","coordinates":[[[[4.244570440300796,50.731809816111934],[4.2447085366737465,50.7306901125431],[4.242942706611975,50.73060182656913],[4.242804568314621,50.73172152770883],[4.244570440300796,50.731809816111934]]]]}},{"type":"Feature","id":"3915000-3085000-125","properties":{"cellId":"3915000-3085000-125","municipality":"Halle","population":78,"sideM":125,"areaKm2":0.015625,"densityPerHa":49.92,"renderClass":"30-60"},"geometry":{"type":"MultiPolygon","coordinates":[[[[4.242666421793774,50.73284122830277],[4.242528267048729,50.73396092835104],[4.244294222891107,50.734049221612835],[4.244432335706817,50.73292951913515],[4.242666421793774,50.73284122830277]]]]}},{"type":"Feature","id":"3915000-3085125-125","properties":{"cellId":"3915000-3085125-125","municipality":"Halle","population":46,"sideM":125,"areaKm2":0.015625,"densityPerHa":29.44,"renderClass":"15-30"},"geometry":{"type":"MultiPolygon","coordinates":[[[[4.244156101852956,50.73516892354509],[4.244294222891107,50.734049221612835],[4.242528267048729,50.73396092835104],[4.24239010407879,50.73508062785372],[4.244156101852956,50.73516892354509]]]]}},{"type":"Feature","id":"3915000-3089750-125","properties":{"cellId":"3915000-3089750-125","municipality":"Sint-Pieters-Leeuw","population":32,"sideM":125,"areaKm2":0.015625,"densityPerHa":20.48,"renderClass":"15-30"},"geometry":{"type":"MultiPolygon","coordinates":[[[[4.239039836632249,50.77659751240448],[4.239178262395824,50.77547783059114],[4.237410753435682,50.77538944733617],[4.237272285649075,50.77650912671442],[4.239039836632249,50.77659751240448]]]]}},{"type":"Feature","id":"3915000-3089875-125","properties":{"cellId":"3915000-3089875-125","municipality":"Sint-Pieters-Leeuw","population":54,"sideM":125,"areaKm2":0.015625,"densityPerHa":34.56,"renderClass":"30-60"},"geometry":{"type":"MultiPolygon","coordinates":[[[[4.239039836632249,50.77659751240448],[4.237272285649075,50.77650912671442],[4.237133809610769,50.77762880555047],[4.238901402619445,50.777717193675734],[4.239039836632249,50.77659751240448]]]]}},{"type":"Feature","id":"3915125-3083750-125","properties":{"cellId":"3915125-3083750-125","municipality":"Halle","population":101,"sideM":125,"areaKm2":0.015625,"densityPerHa":64.64,"renderClass":"60-100"},"geometry":{"type":"MultiPolygon","coordinates":[[[[4.2456749811546315,50.72285217227649],[4.247440523929899,50.72294041423472],[4.2475785126546475,50.72182070387054],[4.245813011784654,50.72173246433951],[4.2456749811546315,50.72285217227649]]]]}},{"type":"Feature","id":"3915125-3083875-125","properties":{"cellId":"3915125-3083875-125","municipality":"Halle","population":77,"sideM":125,"areaKm2":0.015625,"densityPerHa":49.28,"renderClass":"30-60"},"geometry":{"type":"MultiPolygon","coordinates":[[[[4.247440523929899,50.72294041423472],[4.2456749811546315,50.72285217227649],[4.245536942309201,50.72397187966715],[4.247302526992204,50.72406012405272],[4.247440523929899,50.72294041423472]]]]}},{"type":"Feature","id":"3915125-3084000-125","properties":{"cellId":"3915125-3084000-125","municipality":"Halle","population":70,"sideM":125,"areaKm2":0.015625,"densityPerHa":44.8,"renderClass":"30-60"},"geometry":{"type":"MultiPolygon","coordinates":[[[[4.245536942309201,50.72397187966715],[4.245398895247661,50.72509158651155],[4.247164521840862,50.725179833324624],[4.247302526992204,50.72406012405272],[4.245536942309201,50.72397187966715]]]]}},{"type":"Feature","id":"3915125-3084375-125","properties":{"cellId":"3915125-3084375-125","municipality":"Halle","population":112,"sideM":125,"areaKm2":0.015625,"densityPerHa":71.68,"renderClass":"60-100"},"geometry":{"type":"MultiPolygon","coordinates":[[[[4.244984704759369,50.728450703768225],[4.246750457097918,50.728538957864686],[4.24688848689442,50.72741925023052],[4.24512277647345,50.72733099856201],[4.244984704759369,50.728450703768225]]]]}},{"type":"Feature","id":"3915125-3084500-125","properties":{"cellId":"3915125-3084500-125","municipality":"Halle","population":19,"sideM":125,"areaKm2":0.015625,"densityPerHa":12.16,"renderClass":"5-15"},"geometry":{"type":"MultiPolygon","coordinates":[[[[4.244846624826368,50.729570408428565],[4.246612419084958,50.729658664953114],[4.246750457097918,50.728538957864686],[4.244984704759369,50.728450703768225],[4.244846624826368,50.729570408428565]]]]}},{"type":"Feature","id":"3915125-3084625-125","properties":{"cellId":"3915125-3084625-125","municipality":"Halle","population":57,"sideM":125,"areaKm2":0.015625,"densityPerHa":36.48,"renderClass":"30-60"},"geometry":{"type":"MultiPolygon","coordinates":[[[[4.2447085366737465,50.7306901125431],[4.246474372854835,50.73077837149589],[4.246612419084958,50.729658664953114],[4.244846624826368,50.729570408428565],[4.2447085366737465,50.7306901125431]]]]}},{"type":"Feature","id":"3915125-3084875-125","properties":{"cellId":"3915125-3084875-125","municipality":"Halle","population":91,"sideM":125,"areaKm2":0.015625,"densityPerHa":58.24,"renderClass":"30-60"},"geometry":{"type":"MultiPolygon","coordinates":[[[[4.246336318406845,50.73189807749311],[4.244570440300796,50.731809816111934],[4.244432335706817,50.73292951913515],[4.24619825574029,50.73301778294486],[4.246336318406845,50.73189807749311]]]]}},{"type":"Feature","id":"3915125-3085000-125","properties":{"cellId":"3915125-3085000-125","municipality":"Halle","population":58,"sideM":125,"areaKm2":0.015625,"densityPerHa":37.12,"renderClass":"30-60"},"geometry":{"type":"MultiPolygon","coordinates":[[[[4.244432335706817,50.73292951913515],[4.244294222891107,50.734049221612835],[4.24606018485446,50.734137487851235],[4.24619825574029,50.73301778294486],[4.244432335706817,50.73292951913515]]]]}},{"type":"Feature","id":"3915125-3085125-125","properties":{"cellId":"3915125-3085125-125","municipality":"Halle","population":19,"sideM":125,"areaKm2":0.015625,"densityPerHa":12.16,"renderClass":"5-15"},"geometry":{"type":"MultiPolygon","coordinates":[[[[4.244156101852956,50.73516892354509],[4.245922105748661,50.735257192212316],[4.24606018485446,50.734137487851235],[4.244294222891107,50.734049221612835],[4.244156101852956,50.73516892354509]]]]}},{"type":"Feature","id":"3915125-3089750-125","properties":{"cellId":"3915125-3089750-125","municipality":"Sint-Pieters-Leeuw","population":25,"sideM":125,"areaKm2":0.015625,"densityPerHa":16,"renderClass":"15-30"},"geometry":{"type":"MultiPolygon","coordinates":[[[[4.239039836632249,50.77659751240448],[4.24080739375753,50.77668587104326],[4.240945777497516,50.77556618679558],[4.239178262395824,50.77547783059114],[4.239039836632249,50.77659751240448]]]]}},{"type":"Feature","id":"3915125-3089875-125","properties":{"cellId":"3915125-3089875-125","municipality":"Sint-Pieters-Leeuw","population":29,"sideM":125,"areaKm2":0.015625,"densityPerHa":18.56,"renderClass":"15-30"},"geometry":{"type":"MultiPolygon","coordinates":[[[[4.24080739375753,50.77668587104326],[4.239039836632249,50.77659751240448],[4.238901402619445,50.777717193675734],[4.240669001770785,50.77780555474903],[4.24080739375753,50.77668587104326]]]]}},{"type":"Feature","id":"3915250-3083750-125","properties":{"cellId":"3915250-3083750-125","municipality":"Halle","population":71,"sideM":125,"areaKm2":0.015625,"densityPerHa":45.44,"renderClass":"30-60"},"geometry":{"type":"MultiPolygon","coordinates":[[[[4.247440523929899,50.72294041423472],[4.249206072818777,50.723028629176724],[4.2493440196376975,50.72190891638607],[4.2475785126546475,50.72182070387054],[4.247440523929899,50.72294041423472]]]]}},{"type":"Feature","id":"3915250-3083875-125","properties":{"cellId":"3915250-3083875-125","municipality":"Halle","population":93,"sideM":125,"areaKm2":0.015625,"densityPerHa":59.52,"renderClass":"30-60"},"geometry":{"type":"MultiPolygon","coordinates":[[[[4.249206072818777,50.723028629176724],[4.247440523929899,50.72294041423472],[4.247302526992204,50.72406012405272],[4.249068117789372,50.72414834142133],[4.249206072818777,50.723028629176724]]]]}},{"type":"Feature","id":"3915250-3084250-125","properties":{"cellId":"3915250-3084250-125","municipality":"Halle","population":130,"sideM":125,"areaKm2":0.015625,"densityPerHa":83.2,"renderClass":"60-100"},"geometry":{"type":"MultiPolygon","coordinates":[[[[4.24688848689442,50.72741925023052],[4.248654203431219,50.72750747487988],[4.248792183096295,50.72638776427283],[4.247026508475168,50.72629954205053],[4.24688848689442,50.72741925023052]]]]}},{"type":"Feature","id":"3915250-3084500-125","properties":{"cellId":"3915250-3084500-125","municipality":"Halle","population":29,"sideM":125,"areaKm2":0.015625,"densityPerHa":18.56,"renderClass":"15-30"},"geometry":{"type":"MultiPolygon","coordinates":[[[[4.246612419084958,50.729658664953114],[4.248378219460477,50.72974689445704],[4.248516215552848,50.72862718494126],[4.246750457097918,50.728538957864686],[4.246612419084958,50.729658664953114]]]]}},{"type":"Feature","id":"3915250-3084625-125","properties":{"cellId":"3915250-3084625-125","municipality":"Halle","population":34,"sideM":125,"areaKm2":0.015625,"densityPerHa":21.76,"renderClass":"15-30"},"geometry":{"type":"MultiPolygon","coordinates":[[[[4.246474372854835,50.73077837149589],[4.248240215153409,50.73086660342733],[4.248378219460477,50.72974689445704],[4.246612419084958,50.729658664953114],[4.246474372854835,50.73077837149589]]]]}},{"type":"Feature","id":"3915250-3085000-125","properties":{"cellId":"3915250-3085000-125","municipality":"Halle","population":16,"sideM":125,"areaKm2":0.015625,"densityPerHa":10.24,"renderClass":"5-15"},"geometry":{"type":"MultiPolygon","coordinates":[[[[4.24619825574029,50.73301778294486],[4.24606018485446,50.734137487851235],[4.24782615293697,50.73422572706609],[4.247964181892358,50.73310601973175],[4.24619825574029,50.73301778294486]]]]}},{"type":"Feature","id":"3915250-3085125-125","properties":{"cellId":"3915250-3085125-125","municipality":"Halle","population":52,"sideM":125,"areaKm2":0.015625,"densityPerHa":33.28,"renderClass":"30-60"},"geometry":{"type":"MultiPolygon","coordinates":[[[[4.245922105748661,50.735257192212316],[4.24768811576407,50.735345433855265],[4.24782615293697,50.73422572706609],[4.24606018485446,50.734137487851235],[4.245922105748661,50.735257192212316]]]]}},{"type":"Feature","id":"3915250-3085375-125","properties":{"cellId":"3915250-3085375-125","municipality":"Halle","population":94,"sideM":125,"areaKm2":0.015625,"densityPerHa":60.16,"renderClass":"60-100"},"geometry":{"type":"MultiPolygon","coordinates":[[[[4.245645922874321,50.73749659929896],[4.247412016762919,50.73758484579855],[4.247550070372955,50.7364651400994],[4.24578401842218,50.7363768960282],[4.245645922874321,50.73749659929896]]]]}},{"type":"Feature","id":"3915375-3083750-125","properties":{"cellId":"3915375-3083750-125","municipality":"Halle","population":67,"sideM":125,"areaKm2":0.015625,"densityPerHa":42.88,"renderClass":"30-60"},"geometry":{"type":"MultiPolygon","coordinates":[[[[4.249206072818777,50.723028629176724],[4.250971627819437,50.72311681710235],[4.251109532731976,50.721997101885975],[4.2493440196376975,50.72190891638607],[4.249206072818777,50.723028629176724]]]]}},{"type":"Feature","id":"3915375-3083875-125","properties":{"cellId":"3915375-3083875-125","municipality":"Halle","population":79,"sideM":125,"areaKm2":0.015625,"densityPerHa":50.56,"renderClass":"30-60"},"geometry":{"type":"MultiPolygon","coordinates":[[[[4.250971627819437,50.72311681710235],[4.249206072818777,50.723028629176724],[4.249068117789372,50.72414834142133],[4.250833714698875,50.72423653177284],[4.250971627819437,50.72311681710235]]]]}},{"type":"Feature","id":"3915375-3084500-125","properties":{"cellId":"3915375-3084500-125","municipality":"Halle","population":44,"sideM":125,"areaKm2":0.015625,"densityPerHa":28.16,"renderClass":"15-30"},"geometry":{"type":"MultiPolygon","coordinates":[[[[4.248378219460477,50.72974689445704],[4.250144025951106,50.72983509694019],[4.250281980122327,50.72871538499779],[4.248516215552848,50.72862718494126],[4.248378219460477,50.72974689445704]]]]}},{"type":"Feature","id":"3915375-3084625-125","properties":{"cellId":"3915375-3084625-125","municipality":"Halle","population":57,"sideM":125,"areaKm2":0.015625,"densityPerHa":36.48,"renderClass":"30-60"},"geometry":{"type":"MultiPolygon","coordinates":[[[[4.248240215153409,50.73086660342733],[4.2500060635676435,50.73095480833725],[4.250144025951106,50.72983509694019],[4.248378219460477,50.72974689445704],[4.248240215153409,50.73086660342733]]]]}},{"type":"Feature","id":"3915375-3085000-125","properties":{"cellId":"3915375-3085000-125","municipality":"Halle","population":81,"sideM":125,"areaKm2":0.015625,"densityPerHa":51.84,"renderClass":"30-60"},"geometry":{"type":"MultiPolygon","coordinates":[[[[4.247964181892358,50.73310601973175],[4.24782615293697,50.73422572706609],[4.249592127136799,50.734313939257234],[4.249730114161192,50.73319422949569],[4.247964181892358,50.73310601973175]]]]}},{"type":"Feature","id":"3915375-3085250-125","properties":{"cellId":"3915375-3085250-125","municipality":"Halle","population":75,"sideM":125,"areaKm2":0.015625,"densityPerHa":48,"renderClass":"30-60"},"geometry":{"type":"MultiPolygon","coordinates":[[[[4.247550070372955,50.7364651400994],[4.2493161284421594,50.73655335714544],[4.249454131897354,50.73543364847379],[4.24768811576407,50.735345433855265],[4.247550070372955,50.7364651400994]]]]}},{"type":"Feature","id":"3915375-3085375-125","properties":{"cellId":"3915375-3085375-125","municipality":"Halle","population":106,"sideM":125,"areaKm2":0.015625,"densityPerHa":67.84,"renderClass":"60-100"},"geometry":{"type":"MultiPolygon","coordinates":[[[[4.247412016762919,50.73758484579855],[4.249178116770502,50.73767306527226],[4.2493161284421594,50.73655335714544],[4.247550070372955,50.7364651400994],[4.247412016762919,50.73758484579855]]]]}},{"type":"Feature","id":"3915500-3085000-125","properties":{"cellId":"3915500-3085000-125","municipality":"Halle","population":27,"sideM":125,"areaKm2":0.015625,"densityPerHa":17.28,"renderClass":"15-30"},"geometry":{"type":"MultiPolygon","coordinates":[[[[4.249730114161192,50.73319422949569],[4.249592127136799,50.734313939257234],[4.25135810745212,50.73440212442453],[4.251496052544968,50.73328241223649],[4.249730114161192,50.73319422949569]]]]}},{"type":"Feature","id":"3915500-3085125-125","properties":{"cellId":"3915500-3085125-125","municipality":"Halle","population":29,"sideM":125,"areaKm2":0.015625,"densityPerHa":18.56,"renderClass":"15-30"},"geometry":{"type":"MultiPolygon","coordinates":[[[[4.249454131897354,50.73543364847379],[4.251220154146686,50.73552183606772],[4.25135810745212,50.73440212442453],[4.249592127136799,50.734313939257234],[4.249454131897354,50.73543364847379]]]]}},{"type":"Feature","id":"3915500-3085250-125","properties":{"cellId":"3915500-3085250-125","municipality":"Halle","population":66,"sideM":125,"areaKm2":0.015625,"densityPerHa":42.24,"renderClass":"30-60"},"geometry":{"type":"MultiPolygon","coordinates":[[[[4.2493161284421594,50.73655335714544],[4.251082192627962,50.736641547166144],[4.251220154146686,50.73552183606772],[4.249454131897354,50.73543364847379],[4.2493161284421594,50.73655335714544]]]]}},{"type":"Feature","id":"3915500-3085375-125","properties":{"cellId":"3915500-3085375-125","municipality":"Halle","population":28,"sideM":125,"areaKm2":0.015625,"densityPerHa":17.92,"renderClass":"15-30"},"geometry":{"type":"MultiPolygon","coordinates":[[[[4.249178116770502,50.73767306527226],[4.250944222895245,50.73776125771992],[4.251082192627962,50.736641547166144],[4.2493161284421594,50.73655335714544],[4.249178116770502,50.73767306527226]]]]}},{"type":"Feature","id":"3915500-3085500-125","properties":{"cellId":"3915500-3085500-125","municipality":"Halle","population":37,"sideM":125,"areaKm2":0.015625,"densityPerHa":23.68,"renderClass":"15-30"},"geometry":{"type":"MultiPolygon","coordinates":[[[[4.249040096881695,50.73879277285435],[4.250806244947829,50.738880967729095],[4.250944222895245,50.73776125771992],[4.249178116770502,50.73767306527226],[4.249040096881695,50.73879277285435]]]]}},{"type":"Feature","id":"3915500-3085625-125","properties":{"cellId":"3915500-3085625-125","municipality":"Halle","population":39,"sideM":125,"areaKm2":0.015625,"densityPerHa":24.96,"renderClass":"15-30"},"geometry":{"type":"MultiPolygon","coordinates":[[[[4.248902068775018,50.73991247989183],[4.250668258785016,50.74000067719379],[4.250806244947829,50.738880967729095],[4.249040096881695,50.73879277285435],[4.248902068775018,50.73991247989183]]]]}},{"type":"Feature","id":"3915500-3085750-125","properties":{"cellId":"3915500-3085750-125","municipality":"Halle","population":50,"sideM":125,"areaKm2":0.015625,"densityPerHa":32,"renderClass":"30-60"},"geometry":{"type":"MultiPolygon","coordinates":[[[[4.248764032449778,50.74103218638473],[4.2505302644061,50.741120386114076],[4.250668258785016,50.74000067719379],[4.248902068775018,50.73991247989183],[4.248764032449778,50.74103218638473]]]]}},{"type":"Feature","id":"3915500-3085875-125","properties":{"cellId":"3915500-3085875-125","municipality":"Halle","population":69,"sideM":125,"areaKm2":0.015625,"densityPerHa":44.16,"renderClass":"30-60"},"geometry":{"type":"MultiPolygon","coordinates":[[[[4.2505302644061,50.741120386114076],[4.248764032449778,50.74103218638473],[4.248625987905271,50.74215189233319],[4.250392261810381,50.74224009449006],[4.2505302644061,50.741120386114076]]]]}},{"type":"Feature","id":"3915500-3089000-125","properties":{"cellId":"3915500-3089000-125","municipality":"Sint-Pieters-Leeuw","population":18,"sideM":125,"areaKm2":0.015625,"densityPerHa":11.52,"renderClass":"5-15"},"geometry":{"type":"MultiPolygon","coordinates":[[[[4.245310451226355,50.76902467198824],[4.2451722009713055,50.770144364354],[4.246939524397367,50.770232627247445],[4.247077732641974,50.769112932450454],[4.245310451226355,50.76902467198824]]]]}},{"type":"Feature","id":"3915500-3089125-125","properties":{"cellId":"3915500-3089125-125","municipality":"Sint-Pieters-Leeuw","population":73,"sideM":125,"areaKm2":0.015625,"densityPerHa":46.72,"renderClass":"30-60"},"geometry":{"type":"MultiPolygon","coordinates":[[[[4.245033942478675,50.77126405617761],[4.246801307917648,50.77135232150245],[4.246939524397367,50.770232627247445],[4.2451722009713055,50.770144364354],[4.245033942478675,50.77126405617761]]]]}},{"type":"Feature","id":"3915500-3089250-125","properties":{"cellId":"3915500-3089250-125","municipality":"Sint-Pieters-Leeuw","population":46,"sideM":125,"areaKm2":0.015625,"densityPerHa":29.44,"renderClass":"15-30"},"geometry":{"type":"MultiPolygon","coordinates":[[[[4.244895675747754,50.77238374745913],[4.246663083202106,50.77247201521554],[4.246801307917648,50.77135232150245],[4.245033942478675,50.77126405617761],[4.244895675747754,50.77238374745913]]]]}},{"type":"Feature","id":"3915500-3089375-125","properties":{"cellId":"3915500-3089375-125","municipality":"Sint-Pieters-Leeuw","population":45,"sideM":125,"areaKm2":0.015625,"densityPerHa":28.8,"renderClass":"15-30"},"geometry":{"type":"MultiPolygon","coordinates":[[[[4.2447574007778375,50.77350343819871],[4.24652485025004,50.7735917083868],[4.246663083202106,50.77247201521554],[4.244895675747754,50.77238374745913],[4.2447574007778375,50.77350343819871]]]]}},{"type":"Feature","id":"3915500-3089500-125","properties":{"cellId":"3915500-3089500-125","municipality":"Sint-Pieters-Leeuw","population":46,"sideM":125,"areaKm2":0.015625,"densityPerHa":29.44,"renderClass":"15-30"},"geometry":{"type":"MultiPolygon","coordinates":[[[[4.24461911756822,50.774623128396385],[4.246386609060744,50.77471140101633],[4.24652485025004,50.7735917083868],[4.2447574007778375,50.77350343819871],[4.24461911756822,50.774623128396385]]]]}},{"type":"Feature","id":"3915500-3089625-125","properties":{"cellId":"3915500-3089625-125","municipality":"Sint-Pieters-Leeuw","population":58,"sideM":125,"areaKm2":0.015625,"densityPerHa":37.12,"renderClass":"30-60"},"geometry":{"type":"MultiPolygon","coordinates":[[[[4.2444808261181945,50.77574281805225],[4.246248359633508,50.7758310931042],[4.246386609060744,50.77471140101633],[4.24461911756822,50.774623128396385],[4.2444808261181945,50.77574281805225]]]]}},{"type":"Feature","id":"3915500-3089750-125","properties":{"cellId":"3915500-3089750-125","municipality":"Sint-Pieters-Leeuw","population":84,"sideM":125,"areaKm2":0.015625,"densityPerHa":53.76,"renderClass":"30-60"},"geometry":{"type":"MultiPolygon","coordinates":[[[[4.244342526427059,50.77686250716643],[4.246110101967634,50.77695078465051],[4.246248359633508,50.7758310931042],[4.2444808261181945,50.77574281805225],[4.244342526427059,50.77686250716643]]]]}},{"type":"Feature","id":"3915500-3089875-125","properties":{"cellId":"3915500-3089875-125","municipality":"Sint-Pieters-Leeuw","population":26,"sideM":125,"areaKm2":0.015625,"densityPerHa":16.64,"renderClass":"15-30"},"geometry":{"type":"MultiPolygon","coordinates":[[[[4.246110101967634,50.77695078465051],[4.244342526427059,50.77686250716643],[4.244204218494105,50.77798219573897],[4.245971836062409,50.778070475655355],[4.246110101967634,50.77695078465051]]]]}},{"type":"Feature","id":"3915500-3090750-125","properties":{"cellId":"3915500-3090750-125","municipality":"Sint-Pieters-Leeuw","population":49,"sideM":125,"areaKm2":0.015625,"densityPerHa":31.36,"renderClass":"30-60"},"geometry":{"type":"MultiPolygon","coordinates":[[[[4.2432358321331884,50.785820000588885],[4.2450037439647845,50.785908297535485],[4.245142067565216,50.78478861031846],[4.243374197778646,50.784700315805196],[4.2432358321331884,50.785820000588885]]]]}},{"type":"Feature","id":"3915500-3090875-125","properties":{"cellId":"3915500-3090875-125","municipality":"Sint-Pieters-Leeuw","population":42,"sideM":125,"areaKm2":0.015625,"densityPerHa":26.88,"renderClass":"15-30"},"geometry":{"type":"MultiPolygon","coordinates":[[[[4.2450037439647845,50.785908297535485],[4.2432358321331884,50.785820000588885],[4.243097458240262,50.78693968483166],[4.244865412119359,50.78702798421174],[4.2450037439647845,50.785908297535485]]]]}},{"type":"Feature","id":"3915625-3085000-125","properties":{"cellId":"3915625-3085000-125","municipality":"Halle","population":19,"sideM":125,"areaKm2":0.015625,"densityPerHa":12.16,"renderClass":"5-15"},"geometry":{"type":"MultiPolygon","coordinates":[[[[4.251496052544968,50.73328241223649],[4.25135810745212,50.73440212442453],[4.2531240938811035,50.73449028256784],[4.253261997041849,50.733370567954054],[4.251496052544968,50.73328241223649]]]]}},{"type":"Feature","id":"3915625-3085250-125","properties":{"cellId":"3915625-3085250-125","municipality":"Halle","population":66,"sideM":125,"areaKm2":0.015625,"densityPerHa":42.24,"renderClass":"30-60"},"geometry":{"type":"MultiPolygon","coordinates":[[[[4.251082192627962,50.736641547166144],[4.252848262928533,50.73672971016141],[4.252986182510233,50.735609996636924],[4.251220154146686,50.73552183606772],[4.251082192627962,50.736641547166144]]]]}},{"type":"Feature","id":"3915625-3085375-125","properties":{"cellId":"3915625-3085375-125","municipality":"Halle","population":59,"sideM":125,"areaKm2":0.015625,"densityPerHa":37.76,"renderClass":"30-60"},"geometry":{"type":"MultiPolygon","coordinates":[[[[4.250944222895245,50.73776125771992],[4.252710335135306,50.73784942314138],[4.252848262928533,50.73672971016141],[4.251082192627962,50.736641547166144],[4.250944222895245,50.73776125771992]]]]}},{"type":"Feature","id":"3915625-3085500-125","properties":{"cellId":"3915625-3085500-125","municipality":"Halle","population":32,"sideM":125,"areaKm2":0.015625,"densityPerHa":20.48,"renderClass":"15-30"},"geometry":{"type":"MultiPolygon","coordinates":[[[[4.250806244947829,50.738880967729095],[4.252572399129843,50.73896913557691],[4.252710335135306,50.73784942314138],[4.250944222895245,50.73776125771992],[4.250806244947829,50.738880967729095]]]]}},{"type":"Feature","id":"3915625-3085625-125","properties":{"cellId":"3915625-3085625-125","municipality":"Halle","population":47,"sideM":125,"areaKm2":0.015625,"densityPerHa":30.08,"renderClass":"30-60"},"geometry":{"type":"MultiPolygon","coordinates":[[[[4.250668258785016,50.74000067719379],[4.252434454911446,50.7400888474681],[4.252572399129843,50.73896913557691],[4.250806244947829,50.738880967729095],[4.250668258785016,50.74000067719379]]]]}},{"type":"Feature","id":"3915625-3085750-125","properties":{"cellId":"3915625-3085750-125","municipality":"Halle","population":58,"sideM":125,"areaKm2":0.015625,"densityPerHa":37.12,"renderClass":"30-60"},"geometry":{"type":"MultiPolygon","coordinates":[[[[4.2505302644061,50.741120386114076],[4.25229650247941,50.74120855881504],[4.252434454911446,50.7400888474681],[4.250668258785016,50.74000067719379],[4.2505302644061,50.741120386114076]]]]}},{"type":"Feature","id":"3915625-3085875-125","properties":{"cellId":"3915625-3085875-125","municipality":"Halle","population":102,"sideM":125,"areaKm2":0.015625,"densityPerHa":65.28,"renderClass":"60-100"},"geometry":{"type":"MultiPolygon","coordinates":[[[[4.25229650247941,50.74120855881504],[4.2505302644061,50.741120386114076],[4.250392261810381,50.74224009449006],[4.252158541833031,50.7423282696178],[4.25229650247941,50.74120855881504]]]]}},{"type":"Feature","id":"3915625-3089000-125","properties":{"cellId":"3915625-3089000-125","municipality":"Sint-Pieters-Leeuw","population":116,"sideM":125,"areaKm2":0.015625,"densityPerHa":74.24,"renderClass":"60-100"},"geometry":{"type":"MultiPolygon","coordinates":[[[[4.247077732641974,50.769112932450454],[4.246939524397367,50.770232627247445],[4.2487068539548485,50.77032086309343],[4.2488450201884564,50.76920116586591],[4.247077732641974,50.769112932450454]]]]}},{"type":"Feature","id":"3915625-3089125-125","properties":{"cellId":"3915625-3089125-125","municipality":"Sint-Pieters-Leeuw","population":80,"sideM":125,"areaKm2":0.015625,"densityPerHa":51.2,"renderClass":"30-60"},"geometry":{"type":"MultiPolygon","coordinates":[[[[4.246801307917648,50.77135232150245],[4.248568679488599,50.77144055977911],[4.2487068539548485,50.77032086309343],[4.246939524397367,50.770232627247445],[4.246801307917648,50.77135232150245]]]]}},{"type":"Feature","id":"3915625-3089250-125","properties":{"cellId":"3915625-3089250-125","municipality":"Sint-Pieters-Leeuw","population":82,"sideM":125,"areaKm2":0.015625,"densityPerHa":52.48,"renderClass":"30-60"},"geometry":{"type":"MultiPolygon","coordinates":[[[[4.246663083202106,50.77247201521554],[4.2484304967889965,50.772560255923004],[4.248568679488599,50.77144055977911],[4.246801307917648,50.77135232150245],[4.246663083202106,50.77247201521554]]]]}},{"type":"Feature","id":"3915625-3089375-125","properties":{"cellId":"3915625-3089375-125","municipality":"Sint-Pieters-Leeuw","population":18,"sideM":125,"areaKm2":0.015625,"densityPerHa":11.52,"renderClass":"5-15"},"geometry":{"type":"MultiPolygon","coordinates":[[[[4.24652485025004,50.7735917083868],[4.248292305855338,50.773679951525224],[4.2484304967889965,50.772560255923004],[4.246663083202106,50.77247201521554],[4.24652485025004,50.7735917083868]]]]}},{"type":"Feature","id":"3915625-3089500-125","properties":{"cellId":"3915625-3089500-125","municipality":"Sint-Pieters-Leeuw","population":136,"sideM":125,"areaKm2":0.015625,"densityPerHa":87.04,"renderClass":"60-100"},"geometry":{"type":"MultiPolygon","coordinates":[[[[4.246386609060744,50.77471140101633],[4.2481541066869175,50.77479964658586],[4.248292305855338,50.773679951525224],[4.24652485025004,50.7735917083868],[4.246386609060744,50.77471140101633]]]]}},{"type":"Feature","id":"3915625-3089625-125","properties":{"cellId":"3915625-3089625-125","municipality":"Sint-Pieters-Leeuw","population":83,"sideM":125,"areaKm2":0.015625,"densityPerHa":53.12,"renderClass":"30-60"},"geometry":{"type":"MultiPolygon","coordinates":[[[[4.246248359633508,50.7758310931042],[4.248015899283029,50.775919341104995],[4.2481541066869175,50.77479964658586],[4.246386609060744,50.77471140101633],[4.246248359633508,50.7758310931042]]]]}},{"type":"Feature","id":"3915625-3089750-125","properties":{"cellId":"3915625-3089750-125","municipality":"Sint-Pieters-Leeuw","population":80,"sideM":125,"areaKm2":0.015625,"densityPerHa":51.2,"renderClass":"30-60"},"geometry":{"type":"MultiPolygon","coordinates":[[[[4.246110101967634,50.77695078465051],[4.24787768364297,50.77703903508272],[4.248015899283029,50.775919341104995],[4.246248359633508,50.7758310931042],[4.246110101967634,50.77695078465051]]]]}},{"type":"Feature","id":"3915625-3089875-125","properties":{"cellId":"3915625-3089875-125","municipality":"Sint-Pieters-Leeuw","population":27,"sideM":125,"areaKm2":0.015625,"densityPerHa":17.28,"renderClass":"15-30"},"geometry":{"type":"MultiPolygon","coordinates":[[[[4.24787768364297,50.77703903508272],[4.246110101967634,50.77695078465051],[4.245971836062409,50.778070475655355],[4.24773945976603,50.77815872851913],[4.24787768364297,50.77703903508272]]]]}},{"type":"Feature","id":"3915625-3090750-125","properties":{"cellId":"3915625-3090750-125","municipality":"Sint-Pieters-Leeuw","population":21,"sideM":125,"areaKm2":0.015625,"densityPerHa":13.44,"renderClass":"5-15"},"geometry":{"type":"MultiPolygon","coordinates":[[[[4.2450037439647845,50.785908297535485],[4.246771661935595,50.785996567424334],[4.246909943490443,50.78487687777471],[4.245142067565216,50.78478861031846],[4.2450037439647845,50.785908297535485]]]]}},{"type":"Feature","id":"3915625-3090875-125","properties":{"cellId":"3915625-3090875-125","municipality":"Sint-Pieters-Leeuw","population":38,"sideM":125,"areaKm2":0.015625,"densityPerHa":24.32,"renderClass":"15-30"},"geometry":{"type":"MultiPolygon","coordinates":[[[[4.246771661935595,50.785996567424334],[4.2450037439647845,50.785908297535485],[4.244865412119359,50.78702798421174],[4.2466333721382235,50.787116256533345],[4.246771661935595,50.785996567424334]]]]}},{"type":"Feature","id":"3915750-3083500-125","properties":{"cellId":"3915750-3083500-125","municipality":"Halle","population":43,"sideM":125,"areaKm2":0.015625,"densityPerHa":27.52,"renderClass":"15-30"},"geometry":{"type":"MultiPolygon","coordinates":[[[[4.254778390142609,50.72105367122689],[4.256543879654017,50.72114177325554],[4.256681642444903,50.72002204967522],[4.254916194836616,50.71993395006979],[4.254778390142609,50.72105367122689]]]]}},{"type":"Feature","id":"3915750-3083625-125","properties":{"cellId":"3915750-3083625-125","municipality":"Halle","population":24,"sideM":125,"areaKm2":0.015625,"densityPerHa":15.36,"renderClass":"15-30"},"geometry":{"type":"MultiPolygon","coordinates":[[[[4.254640577246901,50.72217339183822],[4.2564061086638905,50.72226149629027],[4.256543879654017,50.72114177325554],[4.254778390142609,50.72105367122689],[4.254640577246901,50.72217339183822]]]]}},{"type":"Feature","id":"3915750-3090500-125","properties":{"cellId":"3915750-3090500-125","municipality":"Sint-Pieters-Leeuw","population":37,"sideM":125,"areaKm2":0.015625,"densityPerHa":23.68,"renderClass":"15-30"},"geometry":{"type":"MultiPolygon","coordinates":[[[[4.247048216803469,50.78375718758438],[4.248816056821843,50.78384542555175],[4.248954279852561,50.782725732389075],[4.247186481875383,50.782637496853276],[4.247048216803469,50.78375718758438]]]]}},{"type":"Feature","id":"3915750-3090625-125","properties":{"cellId":"3915750-3090625-125","municipality":"Sint-Pieters-Leeuw","population":15,"sideM":125,"areaKm2":0.015625,"densityPerHa":9.6,"renderClass":"5-15"},"geometry":{"type":"MultiPolygon","coordinates":[[[[4.246909943490443,50.78487687777471],[4.248677825552486,50.784965118173794],[4.248816056821843,50.78384542555175],[4.247048216803469,50.78375718758438],[4.246909943490443,50.78487687777471]]]]}},{"type":"Feature","id":"3915875-3083500-125","properties":{"cellId":"3915875-3083500-125","municipality":"Halle","population":64,"sideM":125,"areaKm2":0.015625,"densityPerHa":40.96,"renderClass":"30-60"},"geometry":{"type":"MultiPolygon","coordinates":[[[[4.256681642444903,50.72002204967522],[4.256543879654017,50.72114177325554],[4.258309375268785,50.7212298482687],[4.258447096155995,50.72011012226586],[4.256681642444903,50.72002204967522]]]]}},{"type":"Feature","id":"3915875-3083625-125","properties":{"cellId":"3915875-3083625-125","municipality":"Halle","population":84,"sideM":125,"areaKm2":0.015625,"densityPerHa":53.76,"renderClass":"30-60"},"geometry":{"type":"MultiPolygon","coordinates":[[[[4.256543879654017,50.72114177325554],[4.2564061086638905,50.72226149629027],[4.2581716461847945,50.72234957372607],[4.258309375268785,50.7212298482687],[4.256543879654017,50.72114177325554]]]]}},{"type":"Feature","id":"3915875-3090500-125","properties":{"cellId":"3915875-3090500-125","municipality":"Sint-Pieters-Leeuw","population":53,"sideM":125,"areaKm2":0.015625,"densityPerHa":33.92,"renderClass":"30-60"},"geometry":{"type":"MultiPolygon","coordinates":[[[[4.248954279852561,50.782725732389075],[4.248816056821843,50.78384542555175],[4.250583902974639,50.78393363646254],[4.250722083963603,50.78281394086901],[4.248954279852561,50.782725732389075]]]]}},{"type":"Feature","id":"3915875-3090625-125","properties":{"cellId":"3915875-3090625-125","municipality":"Sint-Pieters-Leeuw","population":27,"sideM":125,"areaKm2":0.015625,"densityPerHa":17.28,"renderClass":"15-30"},"geometry":{"type":"MultiPolygon","coordinates":[[[[4.248816056821843,50.78384542555175],[4.248677825552486,50.784965118173794],[4.250445713749507,50.78505333151558],[4.250583902974639,50.78393363646254],[4.248816056821843,50.78384542555175]]]]}},{"type":"Feature","id":"3916000-3083250-125","properties":{"cellId":"3916000-3083250-125","municipality":"Halle","population":31,"sideM":125,"areaKm2":0.015625,"densityPerHa":19.84,"renderClass":"15-30"},"geometry":{"type":"MultiPolygon","coordinates":[[[[4.260350226757429,50.71907843887153],[4.260487889353869,50.717958709356],[4.258722513342874,50.71787066862339],[4.258584808847126,50.718990395717455],[4.260350226757429,50.71907843887153]]]]}},{"type":"Feature","id":"3916000-3083375-125","properties":{"cellId":"3916000-3083375-125","municipality":"Halle","population":40,"sideM":125,"areaKm2":0.015625,"densityPerHa":25.6,"renderClass":"15-30"},"geometry":{"type":"MultiPolygon","coordinates":[[[[4.260212555968067,50.720198167841545],[4.260350226757429,50.71907843887153],[4.258584808847126,50.718990395717455],[4.258447096155995,50.72011012226586],[4.260212555968067,50.720198167841545]]]]}},{"type":"Feature","id":"3916000-3083500-125","properties":{"cellId":"3916000-3083500-125","municipality":"Halle","population":83,"sideM":125,"areaKm2":0.015625,"densityPerHa":53.12,"renderClass":"30-60"},"geometry":{"type":"MultiPolygon","coordinates":[[[[4.260074876985086,50.72131789626617],[4.260212555968067,50.720198167841545],[4.258447096155995,50.72011012226586],[4.258309375268785,50.7212298482687],[4.260074876985086,50.72131789626617]]]]}},{"type":"Feature","id":"3916000-3083625-125","properties":{"cellId":"3916000-3083625-125","municipality":"Halle","population":68,"sideM":125,"areaKm2":0.015625,"densityPerHa":43.52,"renderClass":"30-60"},"geometry":{"type":"MultiPolygon","coordinates":[[[[4.2599371898077845,50.72243762414549],[4.260074876985086,50.72131789626617],[4.258309375268785,50.7212298482687],[4.2581716461847945,50.72234957372607],[4.2599371898077845,50.72243762414549]]]]}},{"type":"Feature","id":"3916000-3086000-125","properties":{"cellId":"3916000-3086000-125","municipality":"Halle","population":19,"sideM":125,"areaKm2":0.015625,"densityPerHa":12.16,"renderClass":"5-15"},"geometry":{"type":"MultiPolygon","coordinates":[[[[4.255691120223629,50.7425045387853],[4.255553235267482,50.743624253895696],[4.257319575585232,50.74371235035989],[4.257457418587912,50.74259263282476],[4.255691120223629,50.7425045387853]]]]}},{"type":"Feature","id":"3916000-3086125-125","properties":{"cellId":"3916000-3086125-125","municipality":"Halle","population":106,"sideM":125,"areaKm2":0.015625,"densityPerHa":67.84,"renderClass":"60-100"},"geometry":{"type":"MultiPolygon","coordinates":[[[[4.257181724374201,50.74483206735149],[4.257319575585232,50.74371235035989],[4.255553235267482,50.743624253895696],[4.255415342100515,50.744743968462394],[4.257181724374201,50.74483206735149]]]]}},{"type":"Feature","id":"3916000-3086250-125","properties":{"cellId":"3916000-3086250-125","municipality":"Halle","population":138,"sideM":125,"areaKm2":0.015625,"densityPerHa":88.32,"renderClass":"60-100"},"geometry":{"type":"MultiPolygon","coordinates":[[[[4.257043864954106,50.745951783799626],[4.257181724374201,50.74483206735149],[4.255415342100515,50.744743968462394],[4.255277440722025,50.745863682485485],[4.257043864954106,50.745951783799626]]]]}},{"type":"Feature","id":"3916000-3086375-125","properties":{"cellId":"3916000-3086375-125","municipality":"Halle","population":40,"sideM":125,"areaKm2":0.015625,"densityPerHa":25.6,"renderClass":"15-30"},"geometry":{"type":"MultiPolygon","coordinates":[[[[4.256905997324256,50.7470714997044],[4.257043864954106,50.745951783799626],[4.255277440722025,50.745863682485485],[4.255139531131309,50.746983395965074],[4.256905997324256,50.7470714997044]]]]}},{"type":"Feature","id":"3916125-3083250-125","properties":{"cellId":"3916125-3083250-125","municipality":"Halle","population":58,"sideM":125,"areaKm2":0.015625,"densityPerHa":37.12,"renderClass":"30-60"},"geometry":{"type":"MultiPolygon","coordinates":[[[[4.260350226757429,50.71907843887153],[4.262115650766333,50.71916645501125],[4.262253271462915,50.71804672307497],[4.260487889353869,50.717958709356],[4.260350226757429,50.71907843887153]]]]}},{"type":"Feature","id":"3916125-3083375-125","properties":{"cellId":"3916125-3083375-125","municipality":"Halle","population":42,"sideM":125,"areaKm2":0.015625,"densityPerHa":26.88,"renderClass":"15-30"},"geometry":{"type":"MultiPolygon","coordinates":[[[[4.260212555968067,50.720198167841545],[4.261978021879293,50.72028618640218],[4.262115650766333,50.71916645501125],[4.260350226757429,50.71907843887153],[4.260212555968067,50.720198167841545]]]]}},{"type":"Feature","id":"3916125-3083500-125","properties":{"cellId":"3916125-3083500-125","municipality":"Halle","population":30,"sideM":125,"areaKm2":0.015625,"densityPerHa":19.2,"renderClass":"15-30"},"geometry":{"type":"MultiPolygon","coordinates":[[[[4.260074876985086,50.72131789626617],[4.261840384801091,50.72140591724784],[4.261978021879293,50.72028618640218],[4.260212555968067,50.720198167841545],[4.260074876985086,50.72131789626617]]]]}},{"type":"Feature","id":"3916125-3083625-125","properties":{"cellId":"3916125-3083625-125","municipality":"Halle","population":55,"sideM":125,"areaKm2":0.015625,"densityPerHa":35.2,"renderClass":"30-60"},"geometry":{"type":"MultiPolygon","coordinates":[[[[4.2599371898077845,50.72243762414549],[4.261702739531031,50.72252564754834],[4.261840384801091,50.72140591724784],[4.260074876985086,50.72131789626617],[4.2599371898077845,50.72243762414549]]]]}},{"type":"Feature","id":"3916125-3086000-125","properties":{"cellId":"3916125-3086000-125","municipality":"Halle","population":65,"sideM":125,"areaKm2":0.015625,"densityPerHa":41.6,"renderClass":"30-60"},"geometry":{"type":"MultiPolygon","coordinates":[[[[4.257457418587912,50.74259263282476],[4.257319575585232,50.74371235035989],[4.259085922013752,50.74380041979363],[4.25922372306241,50.74268069983449],[4.257457418587912,50.74259263282476]]]]}},{"type":"Feature","id":"3916125-3086250-125","properties":{"cellId":"3916125-3086250-125","municipality":"Halle","population":86,"sideM":125,"areaKm2":0.015625,"densityPerHa":55.04,"renderClass":"30-60"},"geometry":{"type":"MultiPolygon","coordinates":[[[[4.257043864954106,50.745951783799626],[4.258810295298065,50.746039858081815],[4.258948112759205,50.74492013920938],[4.257181724374201,50.74483206735149],[4.257043864954106,50.745951783799626]]]]}},{"type":"Feature","id":"3916125-3086375-125","properties":{"cellId":"3916125-3086375-125","municipality":"Halle","population":48,"sideM":125,"areaKm2":0.015625,"densityPerHa":30.72,"renderClass":"30-60"},"geometry":{"type":"MultiPolygon","coordinates":[[[[4.256905997324256,50.7470714997044],[4.258672469629628,50.74715957641106],[4.258810295298065,50.746039858081815],[4.257043864954106,50.745951783799626],[4.256905997324256,50.7470714997044]]]]}},{"type":"Feature","id":"3916250-3086250-125","properties":{"cellId":"3916250-3086250-125","municipality":"Halle","population":73,"sideM":125,"areaKm2":0.015625,"densityPerHa":46.72,"renderClass":"30-60"},"geometry":{"type":"MultiPolygon","coordinates":[[[[4.258810295298065,50.746039858081815],[4.260576731752064,50.74612790533194],[4.2607145072537,50.74500818403592],[4.258948112759205,50.74492013920938],[4.258810295298065,50.746039858081815]]]]}},{"type":"Feature","id":"3916250-3086375-125","properties":{"cellId":"3916250-3086375-125","municipality":"Halle","population":91,"sideM":125,"areaKm2":0.015625,"densityPerHa":58.24,"renderClass":"30-60"},"geometry":{"type":"MultiPolygon","coordinates":[[[[4.258672469629628,50.74715957641106],[4.260438948045596,50.7472476260849],[4.260576731752064,50.74612790533194],[4.258810295298065,50.746039858081815],[4.258672469629628,50.74715957641106]]]]}},{"type":"Feature","id":"3916375-3086250-125","properties":{"cellId":"3916375-3086250-125","municipality":"Halle","population":85,"sideM":125,"areaKm2":0.015625,"densityPerHa":54.4,"renderClass":"30-60"},"geometry":{"type":"MultiPolygon","coordinates":[[[[4.260576731752064,50.74612790533194],[4.262343174314275,50.74621592554981],[4.262480907855853,50.74509620183096],[4.2607145072537,50.74500818403592],[4.260576731752064,50.74612790533194]]]]}},{"type":"Feature","id":"3916375-3086375-125","properties":{"cellId":"3916375-3086375-125","municipality":"Halle","population":56,"sideM":125,"areaKm2":0.015625,"densityPerHa":35.84,"renderClass":"30-60"},"geometry":{"type":"MultiPolygon","coordinates":[[[[4.260438948045596,50.7472476260849],[4.2622054325703305,50.74733564872577],[4.262343174314275,50.74621592554981],[4.260576731752064,50.74612790533194],[4.260438948045596,50.7472476260849]]]]}},{"type":"Feature","id":"3916500-3085500-125","properties":{"cellId":"3916500-3085500-125","municipality":"Halle","population":46,"sideM":125,"areaKm2":0.015625,"densityPerHa":29.44,"renderClass":"15-30"},"geometry":{"type":"MultiPolygon","coordinates":[[[[4.263169452552813,50.73949757508973],[4.264935649494696,50.73958555374478],[4.265073291890988,50.73846582434532],[4.263307136894933,50.73837784811148],[4.263169452552813,50.73949757508973]]]]}},{"type":"Feature","id":"3916500-3085625-125","properties":{"cellId":"3916500-3085625-125","municipality":"Halle","population":49,"sideM":125,"areaKm2":0.015625,"densityPerHa":31.36,"renderClass":"30-60"},"geometry":{"type":"MultiPolygon","coordinates":[[[[4.263031760012538,50.740617301524516],[4.2647979989027105,50.74070528260094],[4.264935649494696,50.73958555374478],[4.263169452552813,50.73949757508973],[4.263031760012538,50.740617301524516]]]]}},{"type":"Feature","id":"3916500-3085750-125","properties":{"cellId":"3916500-3085750-125","municipality":"Halle","population":43,"sideM":125,"areaKm2":0.015625,"densityPerHa":27.52,"renderClass":"15-30"},"geometry":{"type":"MultiPolygon","coordinates":[[[[4.262894059273407,50.741737027415944],[4.264660340114333,50.7418250109139],[4.2647979989027105,50.74070528260094],[4.263031760012538,50.740617301524516],[4.262894059273407,50.741737027415944]]]]}},{"type":"Feature","id":"3916500-3085875-125","properties":{"cellId":"3916500-3085875-125","municipality":"Halle","population":12,"sideM":125,"areaKm2":0.015625,"densityPerHa":7.68,"renderClass":"5-15"},"geometry":{"type":"MultiPolygon","coordinates":[[[[4.264660340114333,50.7418250109139],[4.262894059273407,50.741737027415944],[4.262756350334718,50.74285675276411],[4.264522673128862,50.74294473868372],[4.264660340114333,50.7418250109139]]]]}},{"type":"Feature","id":"3916500-3086000-125","properties":{"cellId":"3916500-3086000-125","municipality":"Halle","population":58,"sideM":125,"areaKm2":0.015625,"densityPerHa":37.12,"renderClass":"30-60"},"geometry":{"type":"MultiPolygon","coordinates":[[[[4.262756350334718,50.74285675276411],[4.262618633195764,50.74397647756908],[4.264384997945594,50.74406446591051],[4.264522673128862,50.74294473868372],[4.262756350334718,50.74285675276411]]]]}},{"type":"Feature","id":"3916500-3086250-125","properties":{"cellId":"3916500-3086250-125","municipality":"Halle","population":111,"sideM":125,"areaKm2":0.015625,"densityPerHa":71.04,"renderClass":"60-100"},"geometry":{"type":"MultiPolygon","coordinates":[[[[4.262343174314275,50.74621592554981],[4.264109622982863,50.74630391873532],[4.264247314563832,50.74518419259436],[4.262480907855853,50.74509620183096],[4.262343174314275,50.74621592554981]]]]}},{"type":"Feature","id":"3916500-3086375-125","properties":{"cellId":"3916500-3086375-125","municipality":"Halle","population":74,"sideM":125,"areaKm2":0.015625,"densityPerHa":47.36,"renderClass":"30-60"},"geometry":{"type":"MultiPolygon","coordinates":[[[[4.2622054325703305,50.74733564872577],[4.263971923201998,50.74742364433353],[4.264109622982863,50.74630391873532],[4.262343174314275,50.74621592554981],[4.2622054325703305,50.74733564872577]]]]}},{"type":"Feature","id":"3916500-3092000-125","properties":{"cellId":"3916500-3092000-125","municipality":"Sint-Pieters-Leeuw","population":52,"sideM":125,"areaKm2":0.015625,"densityPerHa":33.28,"renderClass":"30-60"},"geometry":{"type":"MultiPolygon","coordinates":[[[[4.256136664823274,50.79660293232791],[4.255998553244957,50.797722631164525],[4.257766934769574,50.79781073592771],[4.257905004273683,50.79669103466214],[4.256136664823274,50.79660293232791]]]]}},{"type":"Feature","id":"3916500-3092125-125","properties":{"cellId":"3916500-3092125-125","municipality":"Sint-Pieters-Leeuw","population":37,"sideM":125,"areaKm2":0.015625,"densityPerHa":23.68,"renderClass":"15-30"},"geometry":{"type":"MultiPolygon","coordinates":[[[[4.2558604334318915,50.798842329462325],[4.257628857033192,50.7989304366546],[4.257766934769574,50.79781073592771],[4.255998553244957,50.797722631164525],[4.2558604334318915,50.798842329462325]]]]}},{"type":"Feature","id":"3916625-3085500-125","properties":{"cellId":"3916625-3085500-125","municipality":"Halle","population":44,"sideM":125,"areaKm2":0.015625,"densityPerHa":28.16,"renderClass":"15-30"},"geometry":{"type":"MultiPolygon","coordinates":[[[[4.264935649494696,50.73958555374478],[4.266701852537804,50.739673505371705],[4.266839452987716,50.73855377355176],[4.265073291890988,50.73846582434532],[4.264935649494696,50.73958555374478]]]]}},{"type":"Feature","id":"3916625-3085625-125","properties":{"cellId":"3916625-3085625-125","municipality":"Halle","population":49,"sideM":125,"areaKm2":0.015625,"densityPerHa":31.36,"renderClass":"30-60"},"geometry":{"type":"MultiPolygon","coordinates":[[[[4.2647979989027105,50.74070528260094],[4.266564243894666,50.74079323664852],[4.266701852537804,50.739673505371705],[4.264935649494696,50.73958555374478],[4.2647979989027105,50.74070528260094]]]]}},{"type":"Feature","id":"3916625-3085750-125","properties":{"cellId":"3916625-3085750-125","municipality":"Halle","population":31,"sideM":125,"areaKm2":0.015625,"densityPerHa":19.84,"renderClass":"15-30"},"geometry":{"type":"MultiPolygon","coordinates":[[[[4.264660340114333,50.7418250109139],[4.266426627057597,50.74191296738225],[4.266564243894666,50.74079323664852],[4.2647979989027105,50.74070528260094],[4.264660340114333,50.7418250109139]]]]}},{"type":"Feature","id":"3916625-3085875-125","properties":{"cellId":"3916625-3085875-125","municipality":"Halle","population":48,"sideM":125,"areaKm2":0.015625,"densityPerHa":30.72,"renderClass":"30-60"},"geometry":{"type":"MultiPolygon","coordinates":[[[[4.266426627057597,50.74191296738225],[4.264660340114333,50.7418250109139],[4.264522673128862,50.74294473868372],[4.2662890020258954,50.74303269757299],[4.266426627057597,50.74191296738225]]]]}},{"type":"Feature","id":"3916625-3086000-125","properties":{"cellId":"3916625-3086000-125","municipality":"Halle","population":107,"sideM":125,"areaKm2":0.015625,"densityPerHa":68.48,"renderClass":"60-100"},"geometry":{"type":"MultiPolygon","coordinates":[[[[4.264522673128862,50.74294473868372],[4.264384997945594,50.74406446591051],[4.266151368798864,50.74415242722087],[4.2662890020258954,50.74303269757299],[4.264522673128862,50.74294473868372]]]]}},{"type":"Feature","id":"3916625-3086125-125","properties":{"cellId":"3916625-3086125-125","municipality":"Halle","population":109,"sideM":125,"areaKm2":0.015625,"densityPerHa":69.76,"renderClass":"60-100"},"geometry":{"type":"MultiPolygon","coordinates":[[[[4.264247314563832,50.74518419259436],[4.266013727375798,50.74527215632593],[4.266151368798864,50.74415242722087],[4.264384997945594,50.74406446591051],[4.264247314563832,50.74518419259436]]]]}},{"type":"Feature","id":"3916625-3086375-125","properties":{"cellId":"3916625-3086375-125","municipality":"Halle","population":62,"sideM":125,"areaKm2":0.015625,"densityPerHa":39.68,"renderClass":"30-60"},"geometry":{"type":"MultiPolygon","coordinates":[[[[4.263971923201998,50.74742364433353],[4.265738419938764,50.74751161290803],[4.265876077756,50.74639188488829],[4.264109622982863,50.74630391873532],[4.263971923201998,50.74742364433353]]]]}},{"type":"Feature","id":"3916625-3092000-125","properties":{"cellId":"3916625-3092000-125","municipality":"Sint-Pieters-Leeuw","population":27,"sideM":125,"areaKm2":0.015625,"densityPerHa":17.28,"renderClass":"15-30"},"geometry":{"type":"MultiPolygon","coordinates":[[[[4.257905004273683,50.79669103466214],[4.257766934769574,50.79781073592771],[4.259535322424255,50.79789881362457],[4.259673349853599,50.796779109930796],[4.257905004273683,50.79669103466214]]]]}},{"type":"Feature","id":"3916625-3092125-125","properties":{"cellId":"3916625-3092125-125","municipality":"Sint-Pieters-Leeuw","population":56,"sideM":125,"areaKm2":0.015625,"densityPerHa":35.84,"renderClass":"30-60"},"geometry":{"type":"MultiPolygon","coordinates":[[[[4.257628857033192,50.7989304366546],[4.259397286765113,50.79901851677982],[4.259535322424255,50.79789881362457],[4.257766934769574,50.79781073592771],[4.257628857033192,50.7989304366546]]]]}},{"type":"Feature","id":"3916750-3085750-125","properties":{"cellId":"3916750-3085750-125","municipality":"Halle","population":34,"sideM":125,"areaKm2":0.015625,"densityPerHa":21.76,"renderClass":"15-30"},"geometry":{"type":"MultiPolygon","coordinates":[[[[4.266426627057597,50.74191296738225],[4.268192920101358,50.742000896820834],[4.268330494986566,50.740881163667034],[4.266564243894666,50.74079323664852],[4.266426627057597,50.74191296738225]]]]}},{"type":"Feature","id":"3916750-3085875-125","properties":{"cellId":"3916750-3085875-125","municipality":"Halle","population":110,"sideM":125,"areaKm2":0.015625,"densityPerHa":70.4,"renderClass":"60-100"},"geometry":{"type":"MultiPolygon","coordinates":[[[[4.268192920101358,50.742000896820834],[4.266426627057597,50.74191296738225],[4.2662890020258954,50.74303269757299],[4.268055337023983,50.74312062943178],[4.268192920101358,50.742000896820834]]]]}},{"type":"Feature","id":"3916750-3086000-125","properties":{"cellId":"3916750-3086000-125","municipality":"Halle","population":96,"sideM":125,"areaKm2":0.015625,"densityPerHa":61.44,"renderClass":"60-100"},"geometry":{"type":"MultiPolygon","coordinates":[[[[4.2662890020258954,50.74303269757299],[4.266151368798864,50.74415242722087],[4.267917745753741,50.74424036149999],[4.268055337023983,50.74312062943178],[4.2662890020258954,50.74303269757299]]]]}},{"type":"Feature","id":"3916875-3085750-125","properties":{"cellId":"3916875-3085750-125","municipality":"Halle","population":28,"sideM":125,"areaKm2":0.015625,"densityPerHa":17.92,"renderClass":"15-30"},"geometry":{"type":"MultiPolygon","coordinates":[[[[4.268330494986566,50.740881163667034],[4.268192920101358,50.742000896820834],[4.269959219243791,50.74208879922952],[4.2700967521765865,50.74096906365641],[4.268330494986566,50.740881163667034]]]]}},{"type":"Feature","id":"3916875-3085875-125","properties":{"cellId":"3916875-3085875-125","municipality":"Halle","population":79,"sideM":125,"areaKm2":0.015625,"densityPerHa":50.56,"renderClass":"30-60"},"geometry":{"type":"MultiPolygon","coordinates":[[[[4.268192920101358,50.742000896820834],[4.268055337023983,50.74312062943178],[4.2698216781212945,50.74320853425993],[4.269959219243791,50.74208879922952],[4.268192920101358,50.742000896820834]]]]}},{"type":"Feature","id":"3916875-3086000-125","properties":{"cellId":"3916875-3086000-125","municipality":"Halle","population":53,"sideM":125,"areaKm2":0.015625,"densityPerHa":33.92,"renderClass":"30-60"},"geometry":{"type":"MultiPolygon","coordinates":[[[[4.268055337023983,50.74312062943178],[4.267917745753741,50.74424036149999],[4.269684128808393,50.74432826874777],[4.2698216781212945,50.74320853425993],[4.268055337023983,50.74312062943178]]]]}},{"type":"Feature","id":"3916875-3086125-125","properties":{"cellId":"3916875-3086125-125","municipality":"Beersel","population":105,"sideM":125,"areaKm2":0.015625,"densityPerHa":67.2,"renderClass":"60-100"},"geometry":{"type":"MultiPolygon","coordinates":[[[[4.267917745753741,50.74424036149999],[4.267780146289929,50.74536009302556],[4.269546571304388,50.745448002693095],[4.269684128808393,50.74432826874777],[4.267917745753741,50.74424036149999]]]]}},{"type":"Feature","id":"3917000-3086000-125","properties":{"cellId":"3917000-3086000-125","municipality":"Beersel","population":30,"sideM":125,"areaKm2":0.015625,"densityPerHa":19.2,"renderClass":"15-30"},"geometry":{"type":"MultiPolygon","coordinates":[[[[4.2698216781212945,50.74320853425993],[4.269684128808393,50.74432826874777],[4.271450517960987,50.74441614896401],[4.271588025315992,50.74329641205729],[4.2698216781212945,50.74320853425993]]]]}},{"type":"Feature","id":"3917000-3086125-125","properties":{"cellId":"3917000-3086125-125","municipality":"Beersel","population":74,"sideM":125,"areaKm2":0.015625,"densityPerHa":47.36,"renderClass":"30-60"},"geometry":{"type":"MultiPolygon","coordinates":[[[[4.271313002417341,50.74553588532837],[4.271450517960987,50.74441614896401],[4.269684128808393,50.74432826874777],[4.269546571304388,50.745448002693095],[4.271313002417341,50.74553588532837]]]]}},{"type":"Feature","id":"3917000-3086250-125","properties":{"cellId":"3917000-3086250-125","municipality":"Beersel","population":75,"sideM":125,"areaKm2":0.015625,"densityPerHa":48,"renderClass":"30-60"},"geometry":{"type":"MultiPolygon","coordinates":[[[[4.271175478684356,50.74665562115046],[4.271313002417341,50.74553588532837],[4.269546571304388,50.745448002693095],[4.269409005608578,50.746567736096004],[4.271175478684356,50.74665562115046]]]]}},{"type":"Feature","id":"3917000-3086375-125","properties":{"cellId":"3917000-3086375-125","municipality":"Beersel","population":13,"sideM":125,"areaKm2":0.015625,"densityPerHa":8.32,"renderClass":"5-15"},"geometry":{"type":"MultiPolygon","coordinates":[[[[4.271037946761329,50.74777535643038],[4.271175478684356,50.74665562115046],[4.269409005608578,50.746567736096004],[4.26927143172026,50.74768746895659],[4.271037946761329,50.74777535643038]]]]}},{"type":"Feature","id":"3917000-3090750-125","properties":{"cellId":"3917000-3090750-125","municipality":"Sint-Pieters-Leeuw","population":50,"sideM":125,"areaKm2":0.015625,"densityPerHa":32,"renderClass":"30-60"},"geometry":{"type":"MultiPolygon","coordinates":[[[[4.266219164276811,50.786965750347186],[4.266356983293527,50.78584603398742],[4.264589039964398,50.78575806416829],[4.264451178895986,50.786877778103545],[4.266219164276811,50.786965750347186]]]]}},{"type":"Feature","id":"3917000-3090875-125","properties":{"cellId":"3917000-3090875-125","municipality":"Sint-Pieters-Leeuw","population":22,"sideM":125,"areaKm2":0.015625,"densityPerHa":14.08,"renderClass":"5-15"},"geometry":{"type":"MultiPolygon","coordinates":[[[[4.266219164276811,50.786965750347186],[4.264451178895986,50.786877778103545],[4.264313309609768,50.78799749149966],[4.266081337044764,50.78808546616798],[4.266219164276811,50.786965750347186]]]]}},{"type":"Feature","id":"3917125-3086000-125","properties":{"cellId":"3917125-3086000-125","municipality":"Beersel","population":101,"sideM":125,"areaKm2":0.015625,"densityPerHa":64.64,"renderClass":"60-100"},"geometry":{"type":"MultiPolygon","coordinates":[[[[4.271588025315992,50.74329641205729],[4.271450517960987,50.74441614896401],[4.2732169132096915,50.744504002148574],[4.273354378606251,50.743384262823724],[4.271588025315992,50.74329641205729]]]]}},{"type":"Feature","id":"3917125-3086125-125","properties":{"cellId":"3917125-3086125-125","municipality":"Beersel","population":32,"sideM":125,"areaKm2":0.015625,"densityPerHa":20.48,"renderClass":"15-30"},"geometry":{"type":"MultiPolygon","coordinates":[[[[4.271313002417341,50.74553588532837],[4.273079439626958,50.74562374093124],[4.2732169132096915,50.744504002148574],[4.271450517960987,50.74441614896401],[4.271313002417341,50.74553588532837]]]]}},{"type":"Feature","id":"3917125-3086250-125","properties":{"cellId":"3917125-3086250-125","municipality":"Beersel","population":111,"sideM":125,"areaKm2":0.015625,"densityPerHa":71.04,"renderClass":"60-100"},"geometry":{"type":"MultiPolygon","coordinates":[[[[4.271175478684356,50.74665562115046],[4.272941957857349,50.74674347917177],[4.273079439626958,50.74562374093124],[4.271313002417341,50.74553588532837],[4.271175478684356,50.74665562115046]]]]}},{"type":"Feature","id":"3917125-3086375-125","properties":{"cellId":"3917125-3086375-125","municipality":"Beersel","population":84,"sideM":125,"areaKm2":0.015625,"densityPerHa":53.76,"renderClass":"30-60"},"geometry":{"type":"MultiPolygon","coordinates":[[[[4.271037946761329,50.74777535643038],[4.272804467900165,50.74786321687027],[4.272941957857349,50.74674347917177],[4.271175478684356,50.74665562115046],[4.271037946761329,50.74777535643038]]]]}},{"type":"Feature","id":"3917125-3090750-125","properties":{"cellId":"3917125-3090750-125","municipality":"Sint-Pieters-Leeuw","population":80,"sideM":125,"areaKm2":0.015625,"densityPerHa":51.2,"renderClass":"30-60"},"geometry":{"type":"MultiPolygon","coordinates":[[[[4.266219164276811,50.786965750347186],[4.267987155774791,50.787053695531284],[4.268124932739253,50.785933976747735],[4.266356983293527,50.78584603398742],[4.266219164276811,50.786965750347186]]]]}},{"type":"Feature","id":"3917250-3086250-125","properties":{"cellId":"3917250-3086250-125","municipality":"Beersel","population":84,"sideM":125,"areaKm2":0.015625,"densityPerHa":53.76,"renderClass":"30-60"},"geometry":{"type":"MultiPolygon","coordinates":[[[[4.272941957857349,50.74674347917177],[4.274708443125726,50.74683131015979],[4.274845882931407,50.74571156950155],[4.273079439626958,50.74562374093124],[4.272941957857349,50.74674347917177]]]]}},{"type":"Feature","id":"3917250-3086375-125","properties":{"cellId":"3917250-3086375-125","municipality":"Beersel","population":52,"sideM":125,"areaKm2":0.015625,"densityPerHa":33.28,"renderClass":"30-60"},"geometry":{"type":"MultiPolygon","coordinates":[[[[4.272804467900165,50.74786321687027],[4.274570995134936,50.74795105027616],[4.274708443125726,50.74683131015979],[4.272941957857349,50.74674347917177],[4.272804467900165,50.74786321687027]]]]}},{"type":"Feature","id":"3917250-3090875-125","properties":{"cellId":"3917250-3090875-125","municipality":"Sint-Pieters-Leeuw","population":22,"sideM":125,"areaKm2":0.015625,"densityPerHa":14.08,"renderClass":"5-15"},"geometry":{"type":"MultiPolygon","coordinates":[[[[4.269755153388086,50.78714161365568],[4.267987155774791,50.787053695531284],[4.267849370597471,50.78817341377601],[4.269617410266049,50.78826133432359],[4.269755153388086,50.78714161365568]]]]}},{"type":"Feature","id":"3917375-3086000-125","properties":{"cellId":"3917375-3086000-125","municipality":"Beersel","population":34,"sideM":125,"areaKm2":0.015625,"densityPerHa":21.76,"renderClass":"15-30"},"geometry":{"type":"MultiPolygon","coordinates":[[[[4.275120737990235,50.74347208655905],[4.274983314552675,50.74459182830133],[4.276749721988103,50.7446796274221],[4.27688710346611,50.743559883263146],[4.275120737990235,50.74347208655905]]]]}},{"type":"Feature","id":"3917375-3086125-125","properties":{"cellId":"3917375-3086125-125","municipality":"Beersel","population":106,"sideM":125,"areaKm2":0.015625,"densityPerHa":67.84,"renderClass":"60-100"},"geometry":{"type":"MultiPolygon","coordinates":[[[[4.274845882931407,50.74571156950155],[4.27661233232885,50.74579937103915],[4.276749721988103,50.7446796274221],[4.274983314552675,50.74459182830133],[4.274845882931407,50.74571156950155]]]]}},{"type":"Feature","id":"3917375-3086250-125","properties":{"cellId":"3917375-3086250-125","municipality":"Beersel","population":70,"sideM":125,"areaKm2":0.015625,"densityPerHa":44.8,"renderClass":"30-60"},"geometry":{"type":"MultiPolygon","coordinates":[[[[4.274708443125726,50.74683131015979],[4.276474934487649,50.746919114114384],[4.27661233232885,50.74579937103915],[4.274845882931407,50.74571156950155],[4.274708443125726,50.74683131015979]]]]}},{"type":"Feature","id":"3917375-3086375-125","properties":{"cellId":"3917375-3086375-125","municipality":"Beersel","population":31,"sideM":125,"areaKm2":0.015625,"densityPerHa":19.84,"renderClass":"15-30"},"geometry":{"type":"MultiPolygon","coordinates":[[[[4.274570995134936,50.74795105027616],[4.2763375284638085,50.74803885664788],[4.276474934487649,50.746919114114384],[4.274708443125726,50.74683131015979],[4.274570995134936,50.74795105027616]]]]}},{"type":"Feature","id":"3917500-3087875-125","properties":{"cellId":"3917500-3087875-125","municipality":"Beersel","population":77,"sideM":125,"areaKm2":0.015625,"densityPerHa":49.28,"renderClass":"30-60"},"geometry":{"type":"MultiPolygon","coordinates":[[[[4.276592523172946,50.760443794714924],[4.274825521946537,50.760355988787424],[4.27468801767629,50.76147572482708],[4.276455060899797,50.76156353317274],[4.276592523172946,50.760443794714924]]]]}},{"type":"Feature","id":"3917500-3088000-125","properties":{"cellId":"3917500-3088000-125","municipality":"Beersel","population":47,"sideM":125,"areaKm2":0.015625,"densityPerHa":30.08,"renderClass":"30-60"},"geometry":{"type":"MultiPolygon","coordinates":[[[[4.27468801767629,50.76147572482708],[4.274550505214283,50.762595460326146],[4.276317590437361,50.762683271090125],[4.276455060899797,50.76156353317274],[4.27468801767629,50.76147572482708]]]]}},{"type":"Feature","id":"3917500-3088125-125","properties":{"cellId":"3917500-3088125-125","municipality":"Beersel","population":58,"sideM":125,"areaKm2":0.015625,"densityPerHa":37.12,"renderClass":"30-60"},"geometry":{"type":"MultiPolygon","coordinates":[[[[4.27441298455982,50.763715195284725],[4.276180111784933,50.76380300846718],[4.276317590437361,50.762683271090125],[4.274550505214283,50.762595460326146],[4.27441298455982,50.763715195284725]]]]}},{"type":"Feature","id":"3917500-3091000-125","properties":{"cellId":"3917500-3091000-125","municipality":"Sint-Pieters-Leeuw","population":105,"sideM":125,"areaKm2":0.015625,"densityPerHa":67.2,"renderClass":"60-100"},"geometry":{"type":"MultiPolygon","coordinates":[[[[4.271385456048654,50.78834922781058],[4.271247746773836,50.789468950362526],[4.2730158407275,50.78955681921066],[4.273153507943454,50.78843709423682],[4.271385456048654,50.78834922781058]]]]}},{"type":"Feature","id":"3917500-3091125-125","properties":{"cellId":"3917500-3091125-125","municipality":"Sint-Pieters-Leeuw","population":48,"sideM":125,"areaKm2":0.015625,"densityPerHa":30.72,"renderClass":"30-60"},"geometry":{"type":"MultiPolygon","coordinates":[[[[4.2711100292897,50.79058867237614],[4.272878165304701,50.79067654364627],[4.2730158407275,50.78955681921066],[4.271247746773836,50.789468950362526],[4.2711100292897,50.79058867237614]]]]}},{"type":"Feature","id":"3917500-3092000-125","properties":{"cellId":"3917500-3092000-125","municipality":"Sint-Pieters-Leeuw","population":16,"sideM":125,"areaKm2":0.015625,"densityPerHa":10.24,"renderClass":"5-15"},"geometry":{"type":"MultiPolygon","coordinates":[[[[4.270283551949779,50.79730699315731],[4.270145776980704,50.798426711404915],[4.271914207494332,50.79851459963341],[4.272051940384748,50.79739487896272],[4.270283551949779,50.79730699315731]]]]}},{"type":"Feature","id":"3917500-3092125-125","properties":{"cellId":"3917500-3092125-125","municipality":"Sint-Pieters-Leeuw","population":15,"sideM":125,"areaKm2":0.015625,"densityPerHa":9.6,"renderClass":"5-15"},"geometry":{"type":"MultiPolygon","coordinates":[[[[4.270007993796684,50.799546429114905],[4.271776466391441,50.79963431976662],[4.271914207494332,50.79851459963341],[4.270145776980704,50.798426711404915],[4.270007993796684,50.799546429114905]]]]}},{"type":"Feature","id":"3917500-3092250-125","properties":{"cellId":"3917500-3092250-125","municipality":"Sint-Pieters-Leeuw","population":24,"sideM":125,"areaKm2":0.015625,"densityPerHa":15.36,"renderClass":"15-30"},"geometry":{"type":"MultiPolygon","coordinates":[[[[4.269870202397008,50.80066614628733],[4.27163871707537,50.8007540393624],[4.271776466391441,50.79963431976662],[4.270007993796684,50.799546429114905],[4.269870202397008,50.80066614628733]]]]}},{"type":"Feature","id":"3917500-3092375-125","properties":{"cellId":"3917500-3092375-125","municipality":"Sint-Pieters-Leeuw","population":24,"sideM":125,"areaKm2":0.015625,"densityPerHa":15.36,"renderClass":"15-30"},"geometry":{"type":"MultiPolygon","coordinates":[[[[4.269732402780975,50.8017858629223],[4.271500959545417,50.8018737584209],[4.27163871707537,50.8007540393624],[4.269870202397008,50.80066614628733],[4.269732402780975,50.8017858629223]]]]}},{"type":"Feature","id":"3917625-3087750-125","properties":{"cellId":"3917625-3087750-125","municipality":"Beersel","population":43,"sideM":125,"areaKm2":0.015625,"densityPerHa":27.52,"renderClass":"15-30"},"geometry":{"type":"MultiPolygon","coordinates":[[[[4.276592523172946,50.760443794714924],[4.278359530495869,50.76053157359986],[4.2784969425852415,50.75941183218424],[4.276729977257505,50.75932405571658],[4.276592523172946,50.760443794714924]]]]}},{"type":"Feature","id":"3917625-3091000-125","properties":{"cellId":"3917625-3091000-125","municipality":"Sint-Pieters-Leeuw","population":108,"sideM":125,"areaKm2":0.015625,"densityPerHa":69.12,"renderClass":"60-100"},"geometry":{"type":"MultiPolygon","coordinates":[[[[4.273153507943454,50.78843709423682],[4.2730158407275,50.78955681921066],[4.274783940792069,50.78964466099715],[4.274921565948605,50.78852493360216],[4.273153507943454,50.78843709423682]]]]}},{"type":"Feature","id":"3917625-3091125-125","properties":{"cellId":"3917625-3091125-125","municipality":"Sint-Pieters-Leeuw","population":95,"sideM":125,"areaKm2":0.015625,"densityPerHa":60.8,"renderClass":"60-100"},"geometry":{"type":"MultiPolygon","coordinates":[[[[4.272878165304701,50.79067654364627],[4.274646307431162,50.79076438785406],[4.274783940792069,50.78964466099715],[4.2730158407275,50.78955681921066],[4.272878165304701,50.79067654364627]]]]}},{"type":"Feature","id":"3917625-3092000-125","properties":{"cellId":"3917625-3092000-125","municipality":"Sint-Pieters-Leeuw","population":42,"sideM":125,"areaKm2":0.015625,"densityPerHa":26.88,"renderClass":"15-30"},"geometry":{"type":"MultiPolygon","coordinates":[[[[4.272051940384748,50.79739487896272],[4.271914207494332,50.79851459963341],[4.273682644123304,50.7986024607944],[4.273820334934511,50.79748273770137],[4.272051940384748,50.79739487896272]]]]}},{"type":"Feature","id":"3917625-3092125-125","properties":{"cellId":"3917625-3092125-125","municipality":"Sint-Pieters-Leeuw","population":92,"sideM":125,"areaKm2":0.015625,"densityPerHa":58.88,"renderClass":"30-60"},"geometry":{"type":"MultiPolygon","coordinates":[[[[4.271776466391441,50.79963431976662],[4.273544945102096,50.799722183350084],[4.273682644123304,50.7986024607944],[4.271914207494332,50.79851459963341],[4.271776466391441,50.79963431976662]]]]}},{"type":"Feature","id":"3917625-3092250-125","properties":{"cellId":"3917625-3092250-125","municipality":"Sint-Pieters-Leeuw","population":49,"sideM":125,"areaKm2":0.015625,"densityPerHa":31.36,"renderClass":"30-60"},"geometry":{"type":"MultiPolygon","coordinates":[[[[4.27163871707537,50.8007540393624],[4.273407237870186,50.80084190536849],[4.273544945102096,50.799722183350084],[4.271776466391441,50.79963431976662],[4.27163871707537,50.8007540393624]]]]}},{"type":"Feature","id":"3917625-3092375-125","properties":{"cellId":"3917625-3092375-125","municipality":"Sint-Pieters-Leeuw","population":66,"sideM":125,"areaKm2":0.015625,"densityPerHa":42.24,"renderClass":"30-60"},"geometry":{"type":"MultiPolygon","coordinates":[[[[4.271500959545417,50.8018737584209],[4.2732695224268715,50.80196162684977],[4.273407237870186,50.80084190536849],[4.27163871707537,50.8007540393624],[4.271500959545417,50.8018737584209]]]]}},{"type":"Feature","id":"3917750-3088000-125","properties":{"cellId":"3917750-3088000-125","municipality":"Beersel","population":29,"sideM":125,"areaKm2":0.015625,"densityPerHa":18.56,"renderClass":"15-30"},"geometry":{"type":"MultiPolygon","coordinates":[[[[4.278222110220372,50.761651314475124],[4.278084681758055,50.762771054810095],[4.279851779174537,50.762858811485906],[4.279989165636179,50.76173906873408],[4.278222110220372,50.761651314475124]]]]}},{"type":"Feature","id":"3917750-3088125-125","properties":{"cellId":"3917750-3088125-125","municipality":"Beersel","population":66,"sideM":125,"areaKm2":0.015625,"densityPerHa":42.24,"renderClass":"30-60"},"geometry":{"type":"MultiPolygon","coordinates":[[[[4.277947245108217,50.76389079460489],[4.279714384527837,50.76397855369769],[4.279851779174537,50.762858811485906],[4.278084681758055,50.762771054810095],[4.277947245108217,50.76389079460489]]]]}},{"type":"Feature","id":"3917750-3091000-125","properties":{"cellId":"3917750-3091000-125","municipality":"Sint-Pieters-Leeuw","population":75,"sideM":125,"areaKm2":0.015625,"densityPerHa":48,"renderClass":"30-60"},"geometry":{"type":"MultiPolygon","coordinates":[[[[4.274921565948605,50.78852493360216],[4.274783940792069,50.78964466099715],[4.276552046965708,50.78973247572182],[4.276689630062271,50.78861274590644],[4.274921565948605,50.78852493360216]]]]}},{"type":"Feature","id":"3917750-3091125-125","properties":{"cellId":"3917750-3091125-125","municipality":"Sint-Pieters-Leeuw","population":59,"sideM":125,"areaKm2":0.015625,"densityPerHa":37.76,"renderClass":"30-60"},"geometry":{"type":"MultiPolygon","coordinates":[[[[4.274646307431162,50.79076438785406],[4.276414455667246,50.790852204999304],[4.276552046965708,50.78973247572182],[4.274783940792069,50.78964466099715],[4.274646307431162,50.79076438785406]]]]}},{"type":"Feature","id":"3917750-3091375-125","properties":{"cellId":"3917750-3091375-125","municipality":"Sint-Pieters-Leeuw","population":100,"sideM":125,"areaKm2":0.015625,"densityPerHa":64,"renderClass":"60-100"},"geometry":{"type":"MultiPolygon","coordinates":[[[[4.274371016093414,50.79300383995407],[4.276139248461812,50.79309166194089],[4.276276856166183,50.79197193373897],[4.274508665865179,50.791884114172994],[4.274371016093414,50.79300383995407]]]]}},{"type":"Feature","id":"3917875-3088000-125","properties":{"cellId":"3917875-3088000-125","municipality":"Beersel","population":79,"sideM":125,"areaKm2":0.015625,"densityPerHa":50.56,"renderClass":"30-60"},"geometry":{"type":"MultiPolygon","coordinates":[[[[4.279989165636179,50.76173906873408],[4.279851779174537,50.762858811485906],[4.281618882684963,50.762946541117415],[4.2817562271453795,50.761826795949474],[4.279989165636179,50.76173906873408]]]]}},{"type":"Feature","id":"3917875-3088125-125","properties":{"cellId":"3917875-3088125-125","municipality":"Beersel","population":98,"sideM":125,"areaKm2":0.015625,"densityPerHa":62.72,"renderClass":"60-100"},"geometry":{"type":"MultiPolygon","coordinates":[[[[4.279851779174537,50.762858811485906],[4.279714384527837,50.76397855369769],[4.281481530041961,50.764066285745464],[4.281618882684963,50.762946541117415],[4.279851779174537,50.762858811485906]]]]}},{"type":"Feature","id":"3917875-3091000-125","properties":{"cellId":"3917875-3091000-125","municipality":"Sint-Pieters-Leeuw","population":67,"sideM":125,"areaKm2":0.015625,"densityPerHa":42.88,"renderClass":"30-60"},"geometry":{"type":"MultiPolygon","coordinates":[[[[4.276689630062271,50.78861274590644],[4.276552046965708,50.78973247572182],[4.278320159246577,50.7898202633846],[4.278457700282614,50.788700531149544],[4.276689630062271,50.78861274590644]]]]}},{"type":"Feature","id":"3917875-3091125-125","properties":{"cellId":"3917875-3091125-125","municipality":"Sint-Pieters-Leeuw","population":169,"sideM":125,"areaKm2":0.015625,"densityPerHa":108.16,"renderClass":"100-200"},"geometry":{"type":"MultiPolygon","coordinates":[[[[4.276552046965708,50.78973247572182],[4.276414455667246,50.790852204999304],[4.278182610011115,50.79093999508189],[4.278320159246577,50.7898202633846],[4.276552046965708,50.78973247572182]]]]}},{"type":"Feature","id":"3917875-3091250-125","properties":{"cellId":"3917875-3091250-125","municipality":"Sint-Pieters-Leeuw","population":60,"sideM":125,"areaKm2":0.015625,"densityPerHa":38.4,"renderClass":"30-60"},"geometry":{"type":"MultiPolygon","coordinates":[[[[4.276414455667246,50.790852204999304],[4.276276856166183,50.79197193373897],[4.278045052575521,50.792059726241504],[4.278182610011115,50.79093999508189],[4.276414455667246,50.790852204999304]]]]}},{"type":"Feature","id":"3917875-3091375-125","properties":{"cellId":"3917875-3091375-125","municipality":"Sint-Pieters-Leeuw","population":96,"sideM":125,"areaKm2":0.015625,"densityPerHa":61.44,"renderClass":"60-100"},"geometry":{"type":"MultiPolygon","coordinates":[[[[4.276276856166183,50.79197193373897],[4.276139248461812,50.79309166194089],[4.2779074869391,50.79317945686357],[4.278045052575521,50.792059726241504],[4.276276856166183,50.79197193373897]]]]}},{"type":"Feature","id":"3918000-3090750-125","properties":{"cellId":"3918000-3090750-125","municipality":"Sint-Pieters-Leeuw","population":38,"sideM":125,"areaKm2":0.015625,"densityPerHa":24.32,"renderClass":"15-30"},"geometry":{"type":"MultiPolygon","coordinates":[[[[4.280363267386499,50.78766855413958],[4.28050074996966,50.786548818410104],[4.278732757759221,50.78646106506581],[4.278595233119927,50.78758079837664],[4.280363267386499,50.78766855413958]]]]}},{"type":"Feature","id":"3918000-3090875-125","properties":{"cellId":"3918000-3090875-125","municipality":"Sint-Pieters-Leeuw","population":103,"sideM":125,"areaKm2":0.015625,"densityPerHa":65.92,"renderClass":"60-100"},"geometry":{"type":"MultiPolygon","coordinates":[[[[4.280363267386499,50.78766855413958],[4.278595233119927,50.78758079837664],[4.278457700282614,50.788700531149544],[4.280225776607789,50.78878828933127],[4.280363267386499,50.78766855413958]]]]}},{"type":"Feature","id":"3918000-3091250-125","properties":{"cellId":"3918000-3091250-125","municipality":"Sint-Pieters-Leeuw","population":125,"sideM":125,"areaKm2":0.015625,"densityPerHa":80,"renderClass":"60-100"},"geometry":{"type":"MultiPolygon","coordinates":[[[[4.279813255091362,50.79214749168051],[4.279950770460925,50.79102775810165],[4.278182610011115,50.79093999508189],[4.278045052575521,50.792059726241504],[4.279813255091362,50.79214749168051]]]]}},{"type":"Feature","id":"3918000-3092500-125","properties":{"cellId":"3918000-3092500-125","municipality":"Sint-Pieters-Leeuw","population":116,"sideM":125,"areaKm2":0.015625,"densityPerHa":74.24,"renderClass":"60-100"},"geometry":{"type":"MultiPolygon","coordinates":[[[[4.278437650370116,50.80334479792508],[4.278575247754881,50.80222506971654],[4.276806666533443,50.80213728249774],[4.2766690270579035,50.80325700828556],[4.278437650370116,50.80334479792508]]]]}},{"type":"Feature","id":"3918000-3092625-125","properties":{"cellId":"3918000-3092625-125","municipality":"Sint-Pieters-Leeuw","population":93,"sideM":125,"areaKm2":0.015625,"densityPerHa":59.52,"renderClass":"30-60"},"geometry":{"type":"MultiPolygon","coordinates":[[[[4.278300044779965,50.80446452559709],[4.278437650370116,50.80334479792508],[4.2766690270579035,50.80325700828556],[4.2765313793745,50.80437673353671],[4.278300044779965,50.80446452559709]]]]}},{"type":"Feature","id":"3918000-3092750-125","properties":{"cellId":"3918000-3092750-125","municipality":"Sint-Pieters-Leeuw","population":29,"sideM":125,"areaKm2":0.015625,"densityPerHa":18.56,"renderClass":"15-30"},"geometry":{"type":"MultiPolygon","coordinates":[[[[4.278162430983724,50.805584252732636],[4.278300044779965,50.80446452559709],[4.2765313793745,50.80437673353671],[4.276393723482531,50.805496458251234],[4.278162430983724,50.805584252732636]]]]}},{"type":"Feature","id":"3918000-3092875-125","properties":{"cellId":"3918000-3092875-125","municipality":"Sint-Pieters-Leeuw","population":68,"sideM":125,"areaKm2":0.015625,"densityPerHa":43.52,"renderClass":"30-60"},"geometry":{"type":"MultiPolygon","coordinates":[[[[4.278162430983724,50.805584252732636],[4.276393723482531,50.805496458251234],[4.276256059381289,50.80661618242927],[4.278024808980689,50.806703979331836],[4.278162430983724,50.805584252732636]]]]}},{"type":"Feature","id":"3918125-3090750-125","properties":{"cellId":"3918125-3090750-125","municipality":"Sint-Pieters-Leeuw","population":51,"sideM":125,"areaKm2":0.015625,"densityPerHa":32.64,"renderClass":"30-60"},"geometry":{"type":"MultiPolygon","coordinates":[[[[4.280363267386499,50.78766855413958],[4.282131307755511,50.78775628284176],[4.282268748281983,50.786636544694375],[4.28050074996966,50.786548818410104],[4.280363267386499,50.78766855413958]]]]}},{"type":"Feature","id":"3918125-3090875-125","properties":{"cellId":"3918125-3090875-125","municipality":"Sint-Pieters-Leeuw","population":130,"sideM":125,"areaKm2":0.015625,"densityPerHa":83.2,"renderClass":"60-100"},"geometry":{"type":"MultiPolygon","coordinates":[[[[4.282131307755511,50.78775628284176],[4.280363267386499,50.78766855413958],[4.280225776607789,50.78878828933127],[4.281993859035964,50.788876020451504],[4.282131307755511,50.78775628284176]]]]}},{"type":"Feature","id":"3918250-3084750-125","properties":{"cellId":"3918250-3084750-125","municipality":"Beersel","population":37,"sideM":125,"areaKm2":0.015625,"densityPerHa":23.68,"renderClass":"15-30"},"geometry":{"type":"MultiPolygon","coordinates":[[[[4.288719224155392,50.73400824366961],[4.2904852546634125,50.73409582945351],[4.29062226080764,50.73297606298464],[4.288856272238388,50.732888479610814],[4.288719224155392,50.73400824366961]]]]}},{"type":"Feature","id":"3918250-3084875-125","properties":{"cellId":"3918250-3084875-125","municipality":"Beersel","population":36,"sideM":125,"areaKm2":0.015625,"densityPerHa":23.04,"renderClass":"15-30"},"geometry":{"type":"MultiPolygon","coordinates":[[[[4.2904852546634125,50.73409582945351],[4.288719224155392,50.73400824366961],[4.288582167912925,50.735128007186475],[4.2903482403621815,50.73521559538059],[4.2904852546634125,50.73409582945351]]]]}},{"type":"Feature","id":"3918250-3091000-125","properties":{"cellId":"3918250-3091000-125","municipality":"Sint-Pieters-Leeuw","population":59,"sideM":125,"areaKm2":0.015625,"densityPerHa":37.76,"renderClass":"30-60"},"geometry":{"type":"MultiPolygon","coordinates":[[[[4.281993859035964,50.788876020451504],[4.281856402122642,50.78999575752371],[4.283624532714161,50.79008346399976],[4.2837619475652975,50.7889637245101],[4.281993859035964,50.788876020451504]]]]}},{"type":"Feature","id":"3918250-3091125-125","properties":{"cellId":"3918250-3091125-125","municipality":"Sint-Pieters-Leeuw","population":79,"sideM":125,"areaKm2":0.015625,"densityPerHa":50.56,"renderClass":"30-60"},"geometry":{"type":"MultiPolygon","coordinates":[[[[4.281718937014837,50.791115494058445],[4.283487109671021,50.791203202952104],[4.283624532714161,50.79008346399976],[4.281856402122642,50.78999575752371],[4.281718937014837,50.791115494058445]]]]}},{"type":"Feature","id":"3918250-3092875-125","properties":{"cellId":"3918250-3092875-125","municipality":"Sint-Pieters-Leeuw","population":68,"sideM":125,"areaKm2":0.015625,"densityPerHa":43.52,"renderClass":"30-60"},"geometry":{"type":"MultiPolygon","coordinates":[[[[4.281699864318201,50.805759760477706],[4.279931144596229,50.805672020141515],[4.279793564691951,50.80679174916115],[4.281562326513238,50.80687949191703],[4.281699864318201,50.805759760477706]]]]}},{"type":"Feature","id":"3918375-3084750-125","properties":{"cellId":"3918375-3084750-125","municipality":"Beersel","population":32,"sideM":125,"areaKm2":0.015625,"densityPerHa":20.48,"renderClass":"15-30"},"geometry":{"type":"MultiPolygon","coordinates":[[[[4.2904852546634125,50.73409582945351],[4.292251291243714,50.734183388211555],[4.2923882554486195,50.73306361933335],[4.29062226080764,50.73297606298464],[4.2904852546634125,50.73409582945351]]]]}},{"type":"Feature","id":"3918375-3084875-125","properties":{"cellId":"3918375-3084875-125","municipality":"Beersel","population":46,"sideM":125,"areaKm2":0.015625,"densityPerHa":29.44,"renderClass":"15-30"},"geometry":{"type":"MultiPolygon","coordinates":[[[[4.292251291243714,50.734183388211555],[4.2904852546634125,50.73409582945351],[4.2903482403621815,50.73521559538059],[4.292114318884263,50.735303156548156],[4.292251291243714,50.734183388211555]]]]}},{"type":"Feature","id":"3918375-3091000-125","properties":{"cellId":"3918375-3091000-125","municipality":"Sint-Pieters-Leeuw","population":69,"sideM":125,"areaKm2":0.015625,"densityPerHa":44.16,"renderClass":"30-60"},"geometry":{"type":"MultiPolygon","coordinates":[[[[4.2837619475652975,50.7889637245101],[4.283624532714161,50.79008346399976],[4.285392669405553,50.790171143413275],[4.2855300421939475,50.789051401506875],[4.2837619475652975,50.7889637245101]]]]}},{"type":"Feature","id":"3918375-3091250-125","properties":{"cellId":"3918375-3091250-125","municipality":"Sint-Pieters-Leeuw","population":80,"sideM":125,"areaKm2":0.015625,"densityPerHa":51.2,"renderClass":"30-60"},"geometry":{"type":"MultiPolygon","coordinates":[[[[4.283349678435174,50.79232294136723],[4.285117899259468,50.792410625614664],[4.285255288427629,50.79129088478251],[4.283487109671021,50.791203202952104],[4.283349678435174,50.79232294136723]]]]}},{"type":"Feature","id":"3918375-3091375-125","properties":{"cellId":"3918375-3091375-125","municipality":"Sint-Pieters-Leeuw","population":154,"sideM":125,"areaKm2":0.015625,"densityPerHa":98.56,"renderClass":"60-100"},"geometry":{"type":"MultiPolygon","coordinates":[[[[4.283212239005916,50.79344267924524],[4.2849805019003755,50.79353036590985],[4.285117899259468,50.792410625614664],[4.283349678435174,50.79232294136723],[4.283212239005916,50.79344267924524]]]]}},{"type":"Feature","id":"3918375-3092500-125","properties":{"cellId":"3918375-3092500-125","municipality":"Sint-Pieters-Leeuw","population":45,"sideM":125,"areaKm2":0.015625,"densityPerHa":28.8,"renderClass":"15-30"},"geometry":{"type":"MultiPolygon","coordinates":[[[[4.281974915323304,50.8035202959908],[4.283743556960599,50.80360800441669],[4.283881028069709,50.802488268950384],[4.282112428524854,50.80240056294301],[4.281974915323304,50.8035202959908]]]]}},{"type":"Feature","id":"3918375-3092750-125","properties":{"cellId":"3918375-3092750-125","municipality":"Sint-Pieters-Leeuw","population":91,"sideM":125,"areaKm2":0.015625,"densityPerHa":58.24,"renderClass":"30-60"},"geometry":{"type":"MultiPolygon","coordinates":[[[[4.281699864318201,50.805759760477706],[4.2834685901478,50.80584747374106],[4.2836060776535305,50.80472773934687],[4.281837393921322,50.80464002850233],[4.281699864318201,50.805759760477706]]]]}},{"type":"Feature","id":"3918500-3090000-125","properties":{"cellId":"3918500-3090000-125","municipality":"Sint-Pieters-Leeuw","population":100,"sideM":125,"areaKm2":0.015625,"densityPerHa":64,"renderClass":"60-100"},"geometry":{"type":"MultiPolygon","coordinates":[[[[4.286628729762174,50.780093446907046],[4.286491422464773,50.78121319311396],[4.288259228817089,50.78130082614094],[4.288396494070979,50.780181077519195],[4.286628729762174,50.780093446907046]]]]}},{"type":"Feature","id":"3918500-3090125-125","properties":{"cellId":"3918500-3090125-125","municipality":"Sint-Pieters-Leeuw","population":35,"sideM":125,"areaKm2":0.015625,"densityPerHa":22.4,"renderClass":"15-30"},"geometry":{"type":"MultiPolygon","coordinates":[[[[4.2863541069834525,50.78233293878302],[4.288121955381754,50.78242057422496],[4.288259228817089,50.78130082614094],[4.286491422464773,50.78121319311396],[4.2863541069834525,50.78233293878302]]]]}},{"type":"Feature","id":"3918500-3091250-125","properties":{"cellId":"3918500-3091250-125","municipality":"Sint-Pieters-Leeuw","population":115,"sideM":125,"areaKm2":0.015625,"densityPerHa":73.6,"renderClass":"60-100"},"geometry":{"type":"MultiPolygon","coordinates":[[[[4.285117899259468,50.792410625614664],[4.286886126182901,50.79249828279793],[4.28702347328282,50.79137853954948],[4.285255288427629,50.79129088478251],[4.285117899259468,50.792410625614664]]]]}},{"type":"Feature","id":"3918500-3091375-125","properties":{"cellId":"3918500-3091375-125","municipality":"Sint-Pieters-Leeuw","population":101,"sideM":125,"areaKm2":0.015625,"densityPerHa":64.64,"renderClass":"60-100"},"geometry":{"type":"MultiPolygon","coordinates":[[[[4.2849805019003755,50.79353036590985],[4.286748770894526,50.79361802550956],[4.286886126182901,50.79249828279793],[4.285117899259468,50.792410625614664],[4.2849805019003755,50.79353036590985]]]]}},{"type":"Feature","id":"3918500-3092250-125","properties":{"cellId":"3918500-3092250-125","municipality":"Sint-Pieters-Leeuw","population":34,"sideM":125,"areaKm2":0.015625,"densityPerHa":21.76,"renderClass":"15-30"},"geometry":{"type":"MultiPolygon","coordinates":[[[[4.284018490981563,50.801368532947905],[4.2857870545400205,50.80145620946687],[4.285924467167278,50.80033647051063],[4.2841559456968605,50.80024879640914],[4.284018490981563,50.801368532947905]]]]}},{"type":"Feature","id":"3918500-3092375-125","properties":{"cellId":"3918500-3092375-125","municipality":"Sint-Pieters-Leeuw","population":16,"sideM":125,"areaKm2":0.015625,"densityPerHa":10.24,"renderClass":"5-15"},"geometry":{"type":"MultiPolygon","coordinates":[[[[4.283881028069709,50.802488268950384],[4.285649633718683,50.802575947886986],[4.2857870545400205,50.80145620946687],[4.284018490981563,50.801368532947905],[4.283881028069709,50.802488268950384]]]]}},{"type":"Feature","id":"3918500-3092500-125","properties":{"cellId":"3918500-3092500-125","municipality":"Sint-Pieters-Leeuw","population":115,"sideM":125,"areaKm2":0.015625,"densityPerHa":73.6,"renderClass":"60-100"},"geometry":{"type":"MultiPolygon","coordinates":[[[[4.283743556960599,50.80360800441669],[4.2855122047025676,50.80369568577106],[4.285649633718683,50.802575947886986],[4.283881028069709,50.802488268950384],[4.283743556960599,50.80360800441669]]]]}},{"type":"Feature","id":"3918500-3092875-125","properties":{"cellId":"3918500-3092875-125","municipality":"Sint-Pieters-Leeuw","population":26,"sideM":125,"areaKm2":0.015625,"densityPerHa":16.64,"renderClass":"15-30"},"geometry":{"type":"MultiPolygon","coordinates":[[[[4.285237322083185,50.805935159931444],[4.2834685901478,50.80584747374106],[4.283331094442707,50.80696720759934],[4.285099868478513,50.80705489620794],[4.285237322083185,50.805935159931444]]]]}},{"type":"Feature","id":"3918625-3091375-125","properties":{"cellId":"3918625-3091375-125","municipality":"Sint-Pieters-Leeuw","population":72,"sideM":125,"areaKm2":0.015625,"densityPerHa":46.08,"renderClass":"30-60"},"geometry":{"type":"MultiPolygon","coordinates":[[[[4.286748770894526,50.79361802550956],[4.288517045986532,50.79370565804422],[4.288654359203639,50.7925859129169],[4.286886126182901,50.79249828279793],[4.286748770894526,50.79361802550956]]]]}},{"type":"Feature","id":"3918625-3092250-125","properties":{"cellId":"3918625-3092250-125","municipality":"Sint-Pieters-Leeuw","population":126,"sideM":125,"areaKm2":0.015625,"densityPerHa":80.64,"renderClass":"60-100"},"geometry":{"type":"MultiPolygon","coordinates":[[[[4.2857870545400205,50.80145620946687],[4.287555624200206,50.80154385891564],[4.287692994738871,50.80042411754266],[4.285924467167278,50.80033647051063],[4.2857870545400205,50.80145620946687]]]]}},{"type":"Feature","id":"3918625-3092500-125","properties":{"cellId":"3918625-3092500-125","municipality":"Sint-Pieters-Leeuw","population":120,"sideM":125,"areaKm2":0.015625,"densityPerHa":76.8,"renderClass":"60-100"},"geometry":{"type":"MultiPolygon","coordinates":[[[[4.2855122047025676,50.80369568577106],[4.287280858547373,50.803783340053776],[4.287418245469943,50.80266359975266],[4.285649633718683,50.802575947886986],[4.2855122047025676,50.80369568577106]]]]}},{"type":"Feature","id":"3918750-3084000-125","properties":{"cellId":"3918750-3084000-125","municipality":"Beersel","population":33,"sideM":125,"areaKm2":0.015625,"densityPerHa":21.12,"renderClass":"15-30"},"geometry":{"type":"MultiPolygon","coordinates":[[[[4.296741373783261,50.72651999741394],[4.296604542341694,50.72763977435843],[4.298370345518969,50.72772723759741],[4.298507135034344,50.726607458246654],[4.296741373783261,50.72651999741394]]]]}},{"type":"Feature","id":"3918750-3084125-125","properties":{"cellId":"3918750-3084125-125","municipality":"Beersel","population":18,"sideM":125,"areaKm2":0.015625,"densityPerHa":11.52,"renderClass":"5-15"},"geometry":{"type":"MultiPolygon","coordinates":[[[[4.296467702754697,50.72875955076107],[4.298233547860625,50.728847016406476],[4.298370345518969,50.72772723759741],[4.296604542341694,50.72763977435843],[4.296467702754697,50.72875955076107]]]]}},{"type":"Feature","id":"3918750-3084250-125","properties":{"cellId":"3918750-3084250-125","municipality":"Beersel","population":29,"sideM":125,"areaKm2":0.015625,"densityPerHa":18.56,"renderClass":"15-30"},"geometry":{"type":"MultiPolygon","coordinates":[[[[4.296330855021569,50.729879326621955],[4.298096742058616,50.7299667946739],[4.298233547860625,50.728847016406476],[4.296467702754697,50.72875955076107],[4.296330855021569,50.729879326621955]]]]}},{"type":"Feature","id":"3918750-3084375-125","properties":{"cellId":"3918750-3084375-125","municipality":"Beersel","population":54,"sideM":125,"areaKm2":0.015625,"densityPerHa":34.56,"renderClass":"30-60"},"geometry":{"type":"MultiPolygon","coordinates":[[[[4.296193999141614,50.73099910194115],[4.297959928112242,50.731086572399796],[4.298096742058616,50.7299667946739],[4.296330855021569,50.729879326621955],[4.296193999141614,50.73099910194115]]]]}},{"type":"Feature","id":"3918750-3090000-125","properties":{"cellId":"3918750-3090000-125","municipality":"Sint-Pieters-Leeuw","population":116,"sideM":125,"areaKm2":0.015625,"densityPerHa":74.24,"renderClass":"60-100"},"geometry":{"type":"MultiPolygon","coordinates":[[[[4.290164264471003,50.78026868107513],[4.290027041261179,50.78138843211096],[4.291794859795198,50.78147601102386],[4.2919320409604085,50.78035625757468],[4.290164264471003,50.78026868107513]]]]}},{"type":"Feature","id":"3918750-3090125-125","properties":{"cellId":"3918750-3090125-125","municipality":"Sint-Pieters-Leeuw","population":49,"sideM":125,"areaKm2":0.015625,"densityPerHa":31.36,"renderClass":"30-60"},"geometry":{"type":"MultiPolygon","coordinates":[[[[4.2898898098723794,50.782508182609185],[4.291657670453487,50.782595763935596],[4.291794859795198,50.78147601102386],[4.290027041261179,50.78138843211096],[4.2898898098723794,50.782508182609185]]]]}},{"type":"Feature","id":"3918750-3090250-125","properties":{"cellId":"3918750-3090250-125","municipality":"Sint-Pieters-Leeuw","population":107,"sideM":125,"areaKm2":0.015625,"densityPerHa":68.48,"renderClass":"60-100"},"geometry":{"type":"MultiPolygon","coordinates":[[[[4.2897525703039,50.78362793256994],[4.291520472934572,50.78371551630998],[4.291657670453487,50.782595763935596],[4.2898898098723794,50.782508182609185],[4.2897525703039,50.78362793256994]]]]}},{"type":"Feature","id":"3918750-3090500-125","properties":{"cellId":"3918750-3090500-125","municipality":"Sint-Pieters-Leeuw","population":93,"sideM":125,"areaKm2":0.015625,"densityPerHa":59.52,"renderClass":"30-60"},"geometry":{"type":"MultiPolygon","coordinates":[[[[4.289478066625118,50.78586743087932],[4.29124605336233,50.78595501944708],[4.2913832672377525,50.78483526814711],[4.28961532255505,50.78474768199329],[4.289478066625118,50.78586743087932]]]]}},{"type":"Feature","id":"3918750-3090625-125","properties":{"cellId":"3918750-3090625-125","municipality":"Sint-Pieters-Leeuw","population":73,"sideM":125,"areaKm2":0.015625,"densityPerHa":46.72,"renderClass":"30-60"},"geometry":{"type":"MultiPolygon","coordinates":[[[[4.289340802513408,50.78698717922813],[4.291108831307599,50.78707477020998],[4.29124605336233,50.78595501944708],[4.289478066625118,50.78586743087932],[4.289340802513408,50.78698717922813]]]]}},{"type":"Feature","id":"3918750-3090750-125","properties":{"cellId":"3918750-3090750-125","municipality":"Sint-Pieters-Leeuw","population":60,"sideM":125,"areaKm2":0.015625,"densityPerHa":38.4,"renderClass":"30-60"},"geometry":{"type":"MultiPolygon","coordinates":[[[[4.289203530219217,50.788106927039784],[4.290971601072863,50.78819452043587],[4.291108831307599,50.78707477020998],[4.289340802513408,50.78698717922813],[4.289203530219217,50.788106927039784]]]]}},{"type":"Feature","id":"3918750-3092125-125","properties":{"cellId":"3918750-3092125-125","municipality":"Sint-Pieters-Leeuw","population":119,"sideM":125,"areaKm2":0.015625,"densityPerHa":76.16,"renderClass":"60-100"},"geometry":{"type":"MultiPolygon","coordinates":[[[[4.287692994738871,50.80042411754266],[4.289461528409796,50.800511737505076],[4.289598848670885,50.79939199318016],[4.287830357086636,50.799304375633604],[4.287692994738871,50.80042411754266]]]]}},{"type":"Feature","id":"3918750-3092250-125","properties":{"cellId":"3918750-3092250-125","municipality":"Sint-Pieters-Leeuw","population":109,"sideM":125,"areaKm2":0.015625,"densityPerHa":69.76,"renderClass":"60-100"},"geometry":{"type":"MultiPolygon","coordinates":[[[[4.287555624200206,50.80154385891564],[4.28932419996028,50.80163148129408],[4.289461528409796,50.800511737505076],[4.287692994738871,50.80042411754266],[4.287555624200206,50.80154385891564]]]]}},{"type":"Feature","id":"3918875-3084000-125","properties":{"cellId":"3918875-3084000-125","municipality":"Beersel","population":13,"sideM":125,"areaKm2":0.015625,"densityPerHa":8.32,"renderClass":"5-15"},"geometry":{"type":"MultiPolygon","coordinates":[[[[4.298507135034344,50.726607458246654],[4.298370345518969,50.72772723759741],[4.3001361547579,50.72781467381436],[4.300272902346527,50.726694892058056],[4.298507135034344,50.726607458246654]]]]}},{"type":"Feature","id":"3918875-3084125-125","properties":{"cellId":"3918875-3084125-125","municipality":"Beersel","population":54,"sideM":125,"areaKm2":0.015625,"densityPerHa":34.56,"renderClass":"30-60"},"geometry":{"type":"MultiPolygon","coordinates":[[[[4.298370345518969,50.72772723759741],[4.298233547860625,50.728847016406476],[4.299999399028759,50.72893445502908],[4.3001361547579,50.72781467381436],[4.298370345518969,50.72772723759741]]]]}},{"type":"Feature","id":"3918875-3084250-125","properties":{"cellId":"3918875-3084250-125","municipality":"Beersel","population":53,"sideM":125,"areaKm2":0.015625,"densityPerHa":33.92,"renderClass":"30-60"},"geometry":{"type":"MultiPolygon","coordinates":[[[[4.298233547860625,50.728847016406476],[4.298096742058616,50.7299667946739],[4.2998626351584175,50.73005423570233],[4.299999399028759,50.72893445502908],[4.298233547860625,50.728847016406476]]]]}},{"type":"Feature","id":"3918875-3090000-125","properties":{"cellId":"3918875-3090000-125","municipality":"Sint-Pieters-Leeuw","population":64,"sideM":125,"areaKm2":0.015625,"densityPerHa":40.96,"renderClass":"30-60"},"geometry":{"type":"MultiPolygon","coordinates":[[[[4.2919320409604085,50.78035625757468],[4.291794859795198,50.78147601102386],[4.293562684417311,50.781563562879505],[4.293699823537351,50.780443807017726],[4.2919320409604085,50.78035625757468]]]]}},{"type":"Feature","id":"3918875-3090125-125","properties":{"cellId":"3918875-3090125-125","municipality":"Sint-Pieters-Leeuw","population":56,"sideM":125,"areaKm2":0.015625,"densityPerHa":35.84,"renderClass":"30-60"},"geometry":{"type":"MultiPolygon","coordinates":[[[[4.291794859795198,50.78147601102386],[4.291657670453487,50.782595763935596],[4.293425537123242,50.782683318203986],[4.293562684417311,50.781563562879505],[4.291794859795198,50.78147601102386]]]]}},{"type":"Feature","id":"3918875-3090625-125","properties":{"cellId":"3918875-3090625-125","municipality":"Sint-Pieters-Leeuw","population":147,"sideM":125,"areaKm2":0.015625,"densityPerHa":94.08,"renderClass":"60-100"},"geometry":{"type":"MultiPolygon","coordinates":[[[[4.29124605336233,50.78595501944708],[4.291108831307599,50.78707477020998],[4.292876866192646,50.78716233413088],[4.293014046189843,50.78604258095465],[4.29124605336233,50.78595501944708]]]]}},{"type":"Feature","id":"3918875-3090750-125","properties":{"cellId":"3918875-3090750-125","municipality":"Sint-Pieters-Leeuw","population":85,"sideM":125,"areaKm2":0.015625,"densityPerHa":54.4,"renderClass":"30-60"},"geometry":{"type":"MultiPolygon","coordinates":[[[[4.291108831307599,50.78707477020998],[4.290971601072863,50.78819452043587],[4.292739678017916,50.788282086770295],[4.292876866192646,50.78716233413088],[4.291108831307599,50.78707477020998]]]]}},{"type":"Feature","id":"3918875-3090875-125","properties":{"cellId":"3918875-3090875-125","municipality":"Sint-Pieters-Leeuw","population":54,"sideM":125,"areaKm2":0.015625,"densityPerHa":34.56,"renderClass":"30-60"},"geometry":{"type":"MultiPolygon","coordinates":[[[[4.290971601072863,50.78819452043587],[4.290834362657421,50.789314270124876],[4.292602481664951,50.78940183887295],[4.292739678017916,50.788282086770295],[4.290971601072863,50.78819452043587]]]]}},{"type":"Feature","id":"3918875-3092125-125","properties":{"cellId":"3918875-3092125-125","municipality":"Sint-Pieters-Leeuw","population":120,"sideM":125,"areaKm2":0.015625,"densityPerHa":76.8,"renderClass":"60-100"},"geometry":{"type":"MultiPolygon","coordinates":[[[[4.289598848670885,50.79939199318016],[4.289461528409796,50.800511737505076],[4.29123006817821,50.80059933039776],[4.291367346352078,50.79947958365771],[4.289598848670885,50.79939199318016]]]]}},{"type":"Feature","id":"3918875-3092375-125","properties":{"cellId":"3918875-3092375-125","municipality":"Sint-Pieters-Leeuw","population":110,"sideM":125,"areaKm2":0.015625,"densityPerHa":70.4,"renderClass":"60-100"},"geometry":{"type":"MultiPolygon","coordinates":[[[[4.28932419996028,50.80163148129408],[4.289186863321642,50.802751224547244],[4.290955487271937,50.8028388222706],[4.291092781818399,50.80171907660203],[4.28932419996028,50.80163148129408]]]]}},{"type":"Feature","id":"3919000-3083500-125","properties":{"cellId":"3919000-3083500-125","municipality":"Beersel","population":19,"sideM":125,"areaKm2":0.015625,"densityPerHa":12.16,"renderClass":"5-15"},"geometry":{"type":"MultiPolygon","coordinates":[[[[4.302448743880701,50.72342294311537],[4.302585416996819,50.72230315678772],[4.3008198113099,50.722215759615466],[4.300683096276337,50.7233355435389],[4.302448743880701,50.72342294311537]]]]}},{"type":"Feature","id":"3919000-3083625-125","properties":{"cellId":"3919000-3083625-125","municipality":"Beersel","population":41,"sideM":125,"areaKm2":0.015625,"densityPerHa":26.24,"renderClass":"15-30"},"geometry":{"type":"MultiPolygon","coordinates":[[[[4.302312062629319,50.724542728901234],[4.302448743880701,50.72342294311537],[4.300683096276337,50.7233355435389],[4.300546373105051,50.72445532692043],[4.302312062629319,50.724542728901234]]]]}},{"type":"Feature","id":"3919000-3084000-125","properties":{"cellId":"3919000-3084000-125","municipality":"Beersel","population":30,"sideM":125,"areaKm2":0.015625,"densityPerHa":19.2,"renderClass":"15-30"},"geometry":{"type":"MultiPolygon","coordinates":[[[[4.300272902346527,50.726694892058056],[4.3001361547579,50.72781467381436],[4.301901970056655,50.72790208300909],[4.302038675717992,50.72678229884803],[4.300272902346527,50.726694892058056]]]]}},{"type":"Feature","id":"3919000-3084125-125","properties":{"cellId":"3919000-3084125-125","municipality":"Beersel","population":52,"sideM":125,"areaKm2":0.015625,"densityPerHa":33.28,"renderClass":"30-60"},"geometry":{"type":"MultiPolygon","coordinates":[[[[4.301765256257269,50.729021866628756],[4.301901970056655,50.72790208300909],[4.3001361547579,50.72781467381436],[4.299999399028759,50.72893445502908],[4.301765256257269,50.729021866628756]]]]}},{"type":"Feature","id":"3919000-3084250-125","properties":{"cellId":"3919000-3084250-125","municipality":"Beersel","population":34,"sideM":125,"areaKm2":0.015625,"densityPerHa":21.76,"renderClass":"15-30"},"geometry":{"type":"MultiPolygon","coordinates":[[[[4.301628534319144,50.73014164970711],[4.301765256257269,50.729021866628756],[4.299999399028759,50.72893445502908],[4.2998626351584175,50.73005423570233],[4.301628534319144,50.73014164970711]]]]}},{"type":"Feature","id":"3919000-3084375-125","properties":{"cellId":"3919000-3084375-125","municipality":"Beersel","population":27,"sideM":125,"areaKm2":0.015625,"densityPerHa":17.28,"renderClass":"15-30"},"geometry":{"type":"MultiPolygon","coordinates":[[[[4.301491804241582,50.73126143224421],[4.301628534319144,50.73014164970711],[4.2998626351584175,50.73005423570233],[4.299725863146175,50.73117401583419],[4.301491804241582,50.73126143224421]]]]}},{"type":"Feature","id":"3919125-3083500-125","properties":{"cellId":"3919125-3083500-125","municipality":"Beersel","population":43,"sideM":125,"areaKm2":0.015625,"densityPerHa":27.52,"renderClass":"15-30"},"geometry":{"type":"MultiPolygon","coordinates":[[[[4.302448743880701,50.72342294311537],[4.304214397540862,50.72351031567239],[4.304351028738987,50.722390526941275],[4.302585416996819,50.72230315678772],[4.302448743880701,50.72342294311537]]]]}},{"type":"Feature","id":"3919125-3083625-125","properties":{"cellId":"3919125-3083625-125","municipality":"Beersel","population":14,"sideM":125,"areaKm2":0.015625,"densityPerHa":8.96,"renderClass":"5-15"},"geometry":{"type":"MultiPolygon","coordinates":[[[[4.302312062629319,50.724542728901234],[4.30407775820994,50.72463010386189],[4.304214397540862,50.72351031567239],[4.302448743880701,50.72342294311537],[4.302312062629319,50.724542728901234]]]]}},{"type":"Feature","id":"3919125-3084000-125","properties":{"cellId":"3919125-3084000-125","municipality":"Beersel","population":56,"sideM":125,"areaKm2":0.015625,"densityPerHa":35.84,"renderClass":"30-60"},"geometry":{"type":"MultiPolygon","coordinates":[[[[4.302038675717992,50.72678229884803],[4.301901970056655,50.72790208300909],[4.303667791413406,50.727989465181494],[4.303804455146905,50.72686967861635],[4.302038675717992,50.72678229884803]]]]}},{"type":"Feature","id":"3919125-3084125-125","properties":{"cellId":"3919125-3084125-125","municipality":"Beersel","population":82,"sideM":125,"areaKm2":0.015625,"densityPerHa":52.48,"renderClass":"30-60"},"geometry":{"type":"MultiPolygon","coordinates":[[[[4.301765256257269,50.729021866628756],[4.303531119544324,50.72910925120537],[4.303667791413406,50.727989465181494],[4.301901970056655,50.72790208300909],[4.301765256257269,50.729021866628756]]]]}},{"type":"Feature","id":"3919125-3084250-125","properties":{"cellId":"3919125-3084250-125","municipality":"Beersel","population":30,"sideM":125,"areaKm2":0.015625,"densityPerHa":19.2,"renderClass":"15-30"},"geometry":{"type":"MultiPolygon","coordinates":[[[[4.301628534319144,50.73014164970711],[4.303394439538964,50.730229036688065],[4.303531119544324,50.72910925120537],[4.301765256257269,50.729021866628756],[4.301628534319144,50.73014164970711]]]]}},{"type":"Feature","id":"3919125-3084375-125","properties":{"cellId":"3919125-3084375-125","municipality":"Beersel","population":72,"sideM":125,"areaKm2":0.015625,"densityPerHa":46.08,"renderClass":"30-60"},"geometry":{"type":"MultiPolygon","coordinates":[[[[4.301491804241582,50.73126143224421],[4.303257751396631,50.731348821629666],[4.303394439538964,50.730229036688065],[4.301628534319144,50.73014164970711],[4.301491804241582,50.73126143224421]]]]}},{"type":"Feature","id":"3919250-3083750-125","properties":{"cellId":"3919250-3083750-125","municipality":"Beersel","population":31,"sideM":125,"areaKm2":0.015625,"densityPerHa":19.84,"renderClass":"15-30"},"geometry":{"type":"MultiPolygon","coordinates":[[[[4.303941110745516,50.72574989150984],[4.305706854304118,50.725837241853235],[4.305843459845075,50.72471745180225],[4.30407775820994,50.72463010386189],[4.303941110745516,50.72574989150984]]]]}},{"type":"Feature","id":"3919250-3083875-125","properties":{"cellId":"3919250-3083875-125","municipality":"Beersel","population":30,"sideM":125,"areaKm2":0.015625,"densityPerHa":19.2,"renderClass":"15-30"},"geometry":{"type":"MultiPolygon","coordinates":[[[[4.305706854304118,50.725837241853235],[4.303941110745516,50.72574989150984],[4.303804455146905,50.72686967861635],[4.305570240631434,50.72695703136292],[4.305706854304118,50.725837241853235]]]]}},{"type":"Feature","id":"3919250-3084000-125","properties":{"cellId":"3919250-3084000-125","municipality":"Beersel","population":38,"sideM":125,"areaKm2":0.015625,"densityPerHa":24.32,"renderClass":"15-30"},"geometry":{"type":"MultiPolygon","coordinates":[[[[4.303804455146905,50.72686967861635],[4.303667791413406,50.727989465181494],[4.305433618826324,50.728076820331395],[4.305570240631434,50.72695703136292],[4.303804455146905,50.72686967861635]]]]}},{"type":"Feature","id":"3919250-3084125-125","properties":{"cellId":"3919250-3084125-125","municipality":"Beersel","population":58,"sideM":125,"areaKm2":0.015625,"densityPerHa":37.12,"renderClass":"30-60"},"geometry":{"type":"MultiPolygon","coordinates":[[[[4.303531119544324,50.72910925120537],[4.305296988888096,50.72919660875874],[4.305433618826324,50.728076820331395],[4.303667791413406,50.727989465181494],[4.303531119544324,50.72910925120537]]]]}},{"type":"Feature","id":"3919250-3091125-125","properties":{"cellId":"3919250-3091125-125","municipality":"Sint-Pieters-Leeuw","population":52,"sideM":125,"areaKm2":0.015625,"densityPerHa":33.28,"renderClass":"30-60"},"geometry":{"type":"MultiPolygon","coordinates":[[[[4.295864488973189,50.79181640742771],[4.297632710381264,50.79190389981098],[4.297769796887204,50.790784141544144],[4.29600161754821,50.790696651572624],[4.295864488973189,50.79181640742771]]]]}},{"type":"Feature","id":"3919375-3083750-125","properties":{"cellId":"3919375-3083750-125","municipality":"Beersel","population":22,"sideM":125,"areaKm2":0.015625,"densityPerHa":14.08,"renderClass":"5-15"},"geometry":{"type":"MultiPolygon","coordinates":[[[[4.305706854304118,50.725837241853235],[4.307472603915957,50.72592456517544],[4.307609167532902,50.72480477272216],[4.305843459845075,50.72471745180225],[4.305706854304118,50.725837241853235]]]]}},{"type":"Feature","id":"3919375-3083875-125","properties":{"cellId":"3919375-3083875-125","municipality":"Beersel","population":50,"sideM":125,"areaKm2":0.015625,"densityPerHa":32,"renderClass":"30-60"},"geometry":{"type":"MultiPolygon","coordinates":[[[[4.307472603915957,50.72592456517544],[4.305706854304118,50.725837241853235],[4.305570240631434,50.72695703136292],[4.307336032169748,50.72704435708758],[4.307472603915957,50.72592456517544]]]]}},{"type":"Feature","id":"3919375-3084000-125","properties":{"cellId":"3919375-3084000-125","municipality":"Beersel","population":24,"sideM":125,"areaKm2":0.015625,"densityPerHa":15.36,"renderClass":"15-30"},"geometry":{"type":"MultiPolygon","coordinates":[[[[4.305570240631434,50.72695703136292],[4.305433618826324,50.728076820331395],[4.307199452293578,50.72816414845864],[4.307336032169748,50.72704435708758],[4.305570240631434,50.72695703136292]]]]}},{"type":"Feature","id":"3919375-3084125-125","properties":{"cellId":"3919375-3084125-125","municipality":"Beersel","population":41,"sideM":125,"areaKm2":0.015625,"densityPerHa":26.24,"renderClass":"15-30"},"geometry":{"type":"MultiPolygon","coordinates":[[[[4.305296988888096,50.72919660875874],[4.30706286428675,50.72928393928874],[4.307199452293578,50.72816414845864],[4.305433618826324,50.728076820331395],[4.305296988888096,50.72919660875874]]]]}},{"type":"Feature","id":"3919500-3083250-125","properties":{"cellId":"3919500-3083250-125","municipality":"Beersel","population":22,"sideM":125,"areaKm2":0.015625,"densityPerHa":14.08,"renderClass":"5-15"},"geometry":{"type":"MultiPolygon","coordinates":[[[[4.308018809615082,50.72144539211448],[4.309784397594855,50.72153267880997],[4.309920886786971,50.720412881790196],[4.308155340721912,50.72032559749567],[4.308018809615082,50.72144539211448]]]]}},{"type":"Feature","id":"3919500-3083375-125","properties":{"cellId":"3919500-3083375-125","municipality":"Beersel","population":28,"sideM":125,"areaKm2":0.015625,"densityPerHa":17.92,"renderClass":"15-30"},"geometry":{"type":"MultiPolygon","coordinates":[[[[4.307882270381766,50.72256518619177],[4.3096479002787165,50.722652475288385],[4.309784397594855,50.72153267880997],[4.308018809615082,50.72144539211448],[4.307882270381766,50.72256518619177]]]]}},{"type":"Feature","id":"3919500-3087250-125","properties":{"cellId":"3919500-3087250-125","municipality":"Beersel","population":16,"sideM":125,"areaKm2":0.015625,"densityPerHa":10.24,"renderClass":"5-15"},"geometry":{"type":"MultiPolygon","coordinates":[[[[4.303645519616065,50.75727853448499],[4.3054124501674655,50.75736589808957],[4.305549199673453,50.756246118349175],[4.3037823111156355,50.756158757150295],[4.303645519616065,50.75727853448499]]]]}},{"type":"Feature","id":"3919500-3087375-125","properties":{"cellId":"3919500-3087375-125","municipality":"Beersel","population":35,"sideM":125,"areaKm2":0.015625,"densityPerHa":22.4,"renderClass":"15-30"},"geometry":{"type":"MultiPolygon","coordinates":[[[[4.303508719967723,50.75839831128104],[4.305275692515176,50.75848567729144],[4.3054124501674655,50.75736589808957],[4.303645519616065,50.75727853448499],[4.303508719967723,50.75839831128104]]]]}},{"type":"Feature","id":"3919500-3087500-125","properties":{"cellId":"3919500-3087500-125","municipality":"Beersel","population":15,"sideM":125,"areaKm2":0.015625,"densityPerHa":9.6,"renderClass":"5-15"},"geometry":{"type":"MultiPolygon","coordinates":[[[[4.303371912169912,50.759518087538524],[4.305138926715884,50.75960545595492],[4.305275692515176,50.75848567729144],[4.303508719967723,50.75839831128104],[4.303371912169912,50.759518087538524]]]]}},{"type":"Feature","id":"3919500-3087625-125","properties":{"cellId":"3919500-3087625-125","municipality":"Beersel","population":65,"sideM":125,"areaKm2":0.015625,"densityPerHa":41.6,"renderClass":"30-60"},"geometry":{"type":"MultiPolygon","coordinates":[[[[4.303235096221935,50.76063786325753],[4.305002152768894,50.76072523408005],[4.305138926715884,50.75960545595492],[4.303371912169912,50.759518087538524],[4.303235096221935,50.76063786325753]]]]}},{"type":"Feature","id":"3919625-3083250-125","properties":{"cellId":"3919625-3083250-125","municipality":"Beersel","population":23,"sideM":125,"areaKm2":0.015625,"densityPerHa":14.72,"renderClass":"5-15"},"geometry":{"type":"MultiPolygon","coordinates":[[[[4.309784397594855,50.72153267880997],[4.3115499916220115,50.72161993848691],[4.311686438898865,50.72050013906689],[4.309920886786971,50.720412881790196],[4.309784397594855,50.72153267880997]]]]}},{"type":"Feature","id":"3919625-3083375-125","properties":{"cellId":"3919625-3083375-125","municipality":"Beersel","population":13,"sideM":125,"areaKm2":0.015625,"densityPerHa":8.32,"renderClass":"5-15"},"geometry":{"type":"MultiPolygon","coordinates":[[[[4.3096479002787165,50.722652475288385],[4.311413536223598,50.722739737365714],[4.3115499916220115,50.72161993848691],[4.309784397594855,50.72153267880997],[4.3096479002787165,50.722652475288385]]]]}},{"type":"Feature","id":"3919625-3087250-125","properties":{"cellId":"3919625-3087250-125","municipality":"Beersel","population":24,"sideM":125,"areaKm2":0.015625,"densityPerHa":15.36,"renderClass":"15-30"},"geometry":{"type":"MultiPolygon","coordinates":[[[[4.3054124501674655,50.75736589808957],[4.307179386783818,50.75745323465211],[4.307316094295672,50.756333452506766],[4.305549199673453,50.756246118349175],[4.3054124501674655,50.75736589808957]]]]}},{"type":"Feature","id":"3919625-3087375-125","properties":{"cellId":"3919625-3087375-125","municipality":"Beersel","population":21,"sideM":125,"areaKm2":0.015625,"densityPerHa":13.44,"renderClass":"5-15"},"geometry":{"type":"MultiPolygon","coordinates":[[[[4.305275692515176,50.75848567729144],[4.307042671128129,50.75857301625911],[4.307179386783818,50.75745323465211],[4.3054124501674655,50.75736589808957],[4.305275692515176,50.75848567729144]]]]}},{"type":"Feature","id":"3919625-3087500-125","properties":{"cellId":"3919625-3087500-125","municipality":"Beersel","population":42,"sideM":125,"areaKm2":0.015625,"densityPerHa":26.88,"renderClass":"15-30"},"geometry":{"type":"MultiPolygon","coordinates":[[[[4.305138926715884,50.75960545595492],[4.306905947327904,50.75969279732782],[4.307042671128129,50.75857301625911],[4.305275692515176,50.75848567729144],[4.305138926715884,50.75960545595492]]]]}},{"type":"Feature","id":"3919625-3087625-125","properties":{"cellId":"3919625-3087625-125","municipality":"Beersel","population":58,"sideM":125,"areaKm2":0.015625,"densityPerHa":37.12,"renderClass":"30-60"},"geometry":{"type":"MultiPolygon","coordinates":[[[[4.305002152768894,50.76072523408005],[4.306769215382453,50.76081257785836],[4.306905947327904,50.75969279732782],[4.305138926715884,50.75960545595492],[4.305002152768894,50.76072523408005]]]]}},{"type":"Feature","id":"3920000-3088250-125","properties":{"cellId":"3920000-3088250-125","municipality":"Beersel","population":52,"sideM":125,"areaKm2":0.015625,"densityPerHa":33.28,"renderClass":"30-60"},"geometry":{"type":"MultiPolygon","coordinates":[[[[4.311387287824922,50.766673377575195],[4.311523934462037,50.765553592520234],[4.309756685622251,50.76546632026119],[4.309619996969603,50.766586102912214],[4.311387287824922,50.766673377575195]]]]}},{"type":"Feature","id":"3920000-3088500-125","properties":{"cellId":"3920000-3088500-125","municipality":"Beersel","population":85,"sideM":125,"areaKm2":0.015625,"densityPerHa":54.4,"renderClass":"30-60"},"geometry":{"type":"MultiPolygon","coordinates":[[[[4.311113970123976,50.7689129460736],[4.311250633045801,50.76779316209296],[4.309483300172478,50.76770588502588],[4.309346595230181,50.76882566660231],[4.311113970123976,50.7689129460736]]]]}},{"type":"Feature","id":"3920000-3088625-125","properties":{"cellId":"3920000-3088625-125","municipality":"Beersel","population":56,"sideM":125,"areaKm2":0.015625,"densityPerHa":35.84,"renderClass":"30-60"},"geometry":{"type":"MultiPolygon","coordinates":[[[[4.310977299058749,50.77003272951721],[4.311113970123976,50.7689129460736],[4.309346595230181,50.76882566660231],[4.309209882142013,50.76994544764155],[4.310977299058749,50.77003272951721]]]]}},{"type":"Feature","id":"3920125-3088250-125","properties":{"cellId":"3920125-3088250-125","municipality":"Beersel","population":53,"sideM":125,"areaKm2":0.015625,"densityPerHa":33.92,"renderClass":"30-60"},"geometry":{"type":"MultiPolygon","coordinates":[[[[4.311387287824922,50.766673377575195],[4.313154584742249,50.766760625189704],[4.313291189363279,50.76564083773153],[4.311523934462037,50.765553592520234],[4.311387287824922,50.766673377575195]]]]}},{"type":"Feature","id":"3920125-3088375-125","properties":{"cellId":"3920125-3088375-125","municipality":"Beersel","population":48,"sideM":125,"areaKm2":0.015625,"densityPerHa":30.72,"renderClass":"30-60"},"geometry":{"type":"MultiPolygon","coordinates":[[[[4.311250633045801,50.76779316209296],[4.313017971981681,50.76788041211081],[4.313154584742249,50.766760625189704],[4.311387287824922,50.766673377575195],[4.311250633045801,50.76779316209296]]]]}},{"type":"Feature","id":"3920125-3088500-125","properties":{"cellId":"3920125-3088500-125","municipality":"Beersel","population":41,"sideM":125,"areaKm2":0.015625,"densityPerHa":26.24,"renderClass":"15-30"},"geometry":{"type":"MultiPolygon","coordinates":[[[[4.311113970123976,50.7689129460736],[4.31288135108088,50.76900019849496],[4.313017971981681,50.76788041211081],[4.311250633045801,50.76779316209296],[4.311113970123976,50.7689129460736]]]]}},{"type":"Feature","id":"3920250-3084250-125","properties":{"cellId":"3920250-3084250-125","municipality":"Beersel","population":27,"sideM":125,"areaKm2":0.015625,"densityPerHa":17.28,"renderClass":"15-30"},"geometry":{"type":"MultiPolygon","coordinates":[[[[4.317521899205206,50.730927159660624],[4.31928785887448,50.73101430342056],[4.3194241614602715,50.729894496331646],[4.3176582437286966,50.72980735496946],[4.317521899205206,50.730927159660624]]]]}},{"type":"Feature","id":"3920250-3084375-125","properties":{"cellId":"3920250-3084375-125","municipality":"Beersel","population":34,"sideM":125,"areaKm2":0.015625,"densityPerHa":21.76,"renderClass":"15-30"},"geometry":{"type":"MultiPolygon","coordinates":[[[[4.31738554656445,50.732046963811854],[4.3191515481738865,50.73213410996971],[4.31928785887448,50.73101430342056],[4.317521899205206,50.730927159660624],[4.31738554656445,50.732046963811854]]]]}},{"type":"Feature","id":"3920250-3088000-125","properties":{"cellId":"3920250-3088000-125","municipality":"Beersel","population":33,"sideM":125,"areaKm2":0.015625,"densityPerHa":21.12,"renderClass":"15-30"},"geometry":{"type":"MultiPolygon","coordinates":[[[[4.31356437418952,50.76340126120368],[4.31342778584547,50.76452104973623],[4.31519500479217,50.764608265497316],[4.315331551124526,50.76348847456261],[4.31356437418952,50.76340126120368]]]]}},{"type":"Feature","id":"3920250-3088125-125","properties":{"cellId":"3920250-3088125-125","municipality":"Beersel","population":57,"sideM":125,"areaKm2":0.015625,"densityPerHa":36.48,"renderClass":"30-60"},"geometry":{"type":"MultiPolygon","coordinates":[[[[4.313291189363279,50.76564083773153],[4.31505845032414,50.76572805589494],[4.31519500479217,50.764608265497316],[4.31342778584547,50.76452104973623],[4.313291189363279,50.76564083773153]]]]}},{"type":"Feature","id":"3920250-3088500-125","properties":{"cellId":"3920250-3088500-125","municipality":"Beersel","population":49,"sideM":125,"areaKm2":0.015625,"densityPerHa":31.36,"renderClass":"30-60"},"geometry":{"type":"MultiPolygon","coordinates":[[[[4.31288135108088,50.76900019849496],[4.314648738099051,50.769087423866196],[4.314785316978276,50.767967635079295],[4.313017971981681,50.76788041211081],[4.31288135108088,50.76900019849496]]]]}},{"type":"Feature","id":"3920250-3088625-125","properties":{"cellId":"3920250-3088625-125","municipality":"Beersel","population":73,"sideM":125,"areaKm2":0.015625,"densityPerHa":46.72,"renderClass":"30-60"},"geometry":{"type":"MultiPolygon","coordinates":[[[[4.312744722039148,50.77011998434221],[4.314512151081361,50.77020721211636],[4.314648738099051,50.769087423866196],[4.31288135108088,50.76900019849496],[4.312744722039148,50.77011998434221]]]]}},{"type":"Feature","id":"3920375-3084250-125","properties":{"cellId":"3920375-3084250-125","municipality":"Beersel","population":36,"sideM":125,"areaKm2":0.015625,"densityPerHa":23.04,"renderClass":"15-30"},"geometry":{"type":"MultiPolygon","coordinates":[[[[4.31928785887448,50.73101430342056],[4.321053824584537,50.73110142015519],[4.321190085232081,50.729981610669256],[4.3194241614602715,50.729894496331646],[4.31928785887448,50.73101430342056]]]]}},{"type":"Feature","id":"3920375-3084375-125","properties":{"cellId":"3920375-3084375-125","municipality":"Beersel","population":79,"sideM":125,"areaKm2":0.015625,"densityPerHa":50.56,"renderClass":"30-60"},"geometry":{"type":"MultiPolygon","coordinates":[[[[4.3191515481738865,50.73213410996971],[4.320917555824653,50.73222122910151],[4.321053824584537,50.73110142015519],[4.31928785887448,50.73101430342056],[4.3191515481738865,50.73213410996971]]]]}},{"type":"Feature","id":"3920375-3088000-125","properties":{"cellId":"3920375-3088000-125","municipality":"Beersel","population":33,"sideM":125,"areaKm2":0.015625,"densityPerHa":21.12,"renderClass":"15-30"},"geometry":{"type":"MultiPolygon","coordinates":[[[[4.315331551124526,50.76348847456261],[4.31519500479217,50.764608265497316],[4.316962229796102,50.764695454211115],[4.3170987341162155,50.76357566087494],[4.315331551124526,50.76348847456261]]]]}},{"type":"Feature","id":"3920375-3088125-125","properties":{"cellId":"3920375-3088125-125","municipality":"Beersel","population":35,"sideM":125,"areaKm2":0.015625,"densityPerHa":22.4,"renderClass":"15-30"},"geometry":{"type":"MultiPolygon","coordinates":[[[[4.31505845032414,50.76572805589494],[4.316825717342786,50.76581524701032],[4.316962229796102,50.764695454211115],[4.31519500479217,50.764608265497316],[4.31505845032414,50.76572805589494]]]]}},{"type":"Feature","id":"3920375-3088500-125","properties":{"cellId":"3920375-3088500-125","municipality":"Beersel","population":27,"sideM":125,"areaKm2":0.015625,"densityPerHa":17.28,"renderClass":"15-30"},"geometry":{"type":"MultiPolygon","coordinates":[[[[4.314648738099051,50.769087423866196],[4.316416131176654,50.7691746221872],[4.316552668033756,50.76805483099828],[4.314785316978276,50.767967635079295],[4.314648738099051,50.769087423866196]]]]}},{"type":"Feature","id":"3920375-3088625-125","properties":{"cellId":"3920375-3088625-125","municipality":"Beersel","population":39,"sideM":125,"areaKm2":0.015625,"densityPerHa":24.96,"renderClass":"15-30"},"geometry":{"type":"MultiPolygon","coordinates":[[[[4.314512151081361,50.77020721211636],[4.3162795861835574,50.77029441283953],[4.316416131176654,50.7691746221872],[4.314648738099051,50.769087423866196],[4.314512151081361,50.77020721211636]]]]}},{"type":"Feature","id":"3920500-3088750-125","properties":{"cellId":"3920500-3088750-125","municipality":"Beersel","population":94,"sideM":125,"areaKm2":0.015625,"densityPerHa":60.16,"renderClass":"60-100"},"geometry":{"type":"MultiPolygon","coordinates":[[[[4.316143033053776,50.771414202955384],[4.31791051624173,50.77150137902901],[4.3180470273439,50.7703815865116],[4.3162795861835574,50.77029441283953],[4.316143033053776,50.771414202955384]]]]}},{"type":"Feature","id":"3920500-3088875-125","properties":{"cellId":"3920500-3088875-125","municipality":"Beersel","population":60,"sideM":125,"areaKm2":0.015625,"densityPerHa":38.4,"renderClass":"30-60"},"geometry":{"type":"MultiPolygon","coordinates":[[[[4.31791051624173,50.77150137902901],[4.316143033053776,50.771414202955384],[4.316006471786611,50.77253399253483],[4.317773997004649,50.7726211710102],[4.31791051624173,50.77150137902901]]]]}},{"type":"Feature","id":"3920500-3091000-125","properties":{"cellId":"3920500-3091000-125","municipality":"Drogenbos","population":109,"sideM":125,"areaKm2":0.015625,"densityPerHa":69.76,"renderClass":"60-100"},"geometry":{"type":"MultiPolygon","coordinates":[[[[4.313820384258741,50.79045055292739],[4.313683684549336,50.79157033340157],[4.315451924657089,50.79165755272893],[4.315588582294368,50.79053776985051],[4.313820384258741,50.79045055292739]]]]}},{"type":"Feature","id":"3920500-3091125-125","properties":{"cellId":"3920500-3091125-125","municipality":"Drogenbos","population":150,"sideM":125,"areaKm2":0.015625,"densityPerHa":96,"renderClass":"60-100"},"geometry":{"type":"MultiPolygon","coordinates":[[[[4.31354697668999,50.79269011334095],[4.315315258872336,50.792777335072714],[4.315451924657089,50.79165755272893],[4.313683684549336,50.79157033340157],[4.31354697668999,50.79269011334095]]]]}},{"type":"Feature","id":"3920500-3091375-125","properties":{"cellId":"3920500-3091375-125","municipality":"Drogenbos","population":19,"sideM":125,"areaKm2":0.015625,"densityPerHa":12.16,"renderClass":"5-15"},"geometry":{"type":"MultiPolygon","coordinates":[[[[4.313273536518667,50.79492967161567],[4.315041902857642,50.795016898156625],[4.315178584939424,50.793897116881894],[4.313410260679998,50.79380989274563],[4.313273536518667,50.79492967161567]]]]}},{"type":"Feature","id":"3920625-3088750-125","properties":{"cellId":"3920625-3088750-125","municipality":"Beersel","population":23,"sideM":125,"areaKm2":0.015625,"densityPerHa":14.72,"renderClass":"5-15"},"geometry":{"type":"MultiPolygon","coordinates":[[[[4.31791051624173,50.77150137902901],[4.319678005486541,50.77158852805064],[4.319814474560545,50.77046873313237],[4.3180470273439,50.7703815865116],[4.31791051624173,50.77150137902901]]]]}},{"type":"Feature","id":"3920625-3088875-125","properties":{"cellId":"3920625-3088875-125","municipality":"Beersel","population":61,"sideM":125,"areaKm2":0.015625,"densityPerHa":39.04,"renderClass":"30-60"},"geometry":{"type":"MultiPolygon","coordinates":[[[[4.319678005486541,50.77158852805064],[4.31791051624173,50.77150137902901],[4.317773997004649,50.7726211710102],[4.319541528280095,50.772708322432806],[4.319678005486541,50.77158852805064]]]]}},{"type":"Feature","id":"3920625-3091375-125","properties":{"cellId":"3920625-3091375-125","municipality":"Drogenbos","population":55,"sideM":125,"areaKm2":0.015625,"densityPerHa":35.2,"renderClass":"30-60"},"geometry":{"type":"MultiPolygon","coordinates":[[[[4.315041902857642,50.795016898156625],[4.316810275265021,50.79510409763016],[4.316946915266701,50.79398431395148],[4.315178584939424,50.793897116881894],[4.315041902857642,50.795016898156625]]]]}},{"type":"Feature","id":"3920750-3084500-125","properties":{"cellId":"3920750-3084500-125","municipality":"Sint-Genesius-Rode","population":55,"sideM":125,"areaKm2":0.015625,"densityPerHa":35.2,"renderClass":"30-60"},"geometry":{"type":"MultiPolygon","coordinates":[[[[4.324313396257921,50.73351519948568],[4.326079463966504,50.733602239933596],[4.326215615006621,50.73248242433924],[4.32444958924285,50.73239538628644],[4.324313396257921,50.73351519948568]]]]}},{"type":"Feature","id":"3920750-3084625-125","properties":{"cellId":"3920750-3084625-125","municipality":"Sint-Genesius-Rode","population":35,"sideM":125,"areaKm2":0.015625,"densityPerHa":22.4,"renderClass":"15-30"},"geometry":{"type":"MultiPolygon","coordinates":[[[[4.324177195164184,50.73463501214576],[4.3259433048200515,50.73472205498896],[4.326079463966504,50.733602239933596],[4.324313396257921,50.73351519948568],[4.324177195164184,50.73463501214576]]]]}},{"type":"Feature","id":"3920750-3085500-125","properties":{"cellId":"3920750-3085500-125","municipality":"Beersel","population":23,"sideM":125,"areaKm2":0.015625,"densityPerHa":14.72,"renderClass":"5-15"},"geometry":{"type":"MultiPolygon","coordinates":[[[[4.323223560403261,50.742473685677695],[4.324989963759097,50.74256074529188],[4.325126179669352,50.74144093400704],[4.3233598182780515,50.741353876789155],[4.323223560403261,50.742473685677695]]]]}},{"type":"Feature","id":"3920750-3085625-125","properties":{"cellId":"3920750-3085625-125","municipality":"Beersel","population":26,"sideM":125,"areaKm2":0.015625,"densityPerHa":16.64,"renderClass":"15-30"},"geometry":{"type":"MultiPolygon","coordinates":[[[[4.3230872944141145,50.743593494027806],[4.324853739736952,50.74368055603844],[4.324989963759097,50.74256074529188],[4.323223560403261,50.742473685677695],[4.3230872944141145,50.743593494027806]]]]}},{"type":"Feature","id":"3920750-3085750-125","properties":{"cellId":"3920750-3085750-125","municipality":"Beersel","population":22,"sideM":125,"areaKm2":0.015625,"densityPerHa":14.08,"renderClass":"5-15"},"geometry":{"type":"MultiPolygon","coordinates":[[[[4.322951020309917,50.74471330183957],[4.32471750760222,50.74480036624679],[4.324853739736952,50.74368055603844],[4.3230872944141145,50.743593494027806],[4.322951020309917,50.74471330183957]]]]}},{"type":"Feature","id":"3920750-3085875-125","properties":{"cellId":"3920750-3085875-125","municipality":"Beersel","population":35,"sideM":125,"areaKm2":0.015625,"densityPerHa":22.4,"renderClass":"15-30"},"geometry":{"type":"MultiPolygon","coordinates":[[[[4.32471750760222,50.74480036624679],[4.322951020309917,50.74471330183957],[4.322814738089973,50.74583310911309],[4.324581267354209,50.745920175917036],[4.32471750760222,50.74480036624679]]]]}},{"type":"Feature","id":"3920750-3088500-125","properties":{"cellId":"3920750-3088500-125","municipality":"Beersel","population":20,"sideM":125,"areaKm2":0.015625,"densityPerHa":12.8,"renderClass":"5-15"},"geometry":{"type":"MultiPolygon","coordinates":[[[[4.319950935502805,50.76934893767788],[4.321718346747682,50.76943605484725],[4.321854757535124,50.76831625645665],[4.3200873883140165,50.7682291416871],[4.319950935502805,50.76934893767788]]]]}},{"type":"Feature","id":"3920750-3088625-125","properties":{"cellId":"3920750-3088625-125","municipality":"Beersel","population":12,"sideM":125,"areaKm2":0.015625,"densityPerHa":7.68,"renderClass":"5-15"},"geometry":{"type":"MultiPolygon","coordinates":[[[[4.319814474560545,50.77046873313237],[4.321581927831664,50.770555852701705],[4.321718346747682,50.76943605484725],[4.319950935502805,50.76934893767788],[4.319814474560545,50.77046873313237]]]]}},{"type":"Feature","id":"3920875-3084500-125","properties":{"cellId":"3920875-3084500-125","municipality":"Sint-Genesius-Rode","population":15,"sideM":125,"areaKm2":0.015625,"densityPerHa":9.6,"renderClass":"5-15"},"geometry":{"type":"MultiPolygon","coordinates":[[[[4.326215615006621,50.73248242433924],[4.326079463966504,50.733602239933596],[4.327845537709642,50.73368925335416],[4.327981646804394,50.73256943536543],[4.326215615006621,50.73248242433924]]]]}},{"type":"Feature","id":"3920875-3084625-125","properties":{"cellId":"3920875-3084625-125","municipality":"Sint-Genesius-Rode","population":37,"sideM":125,"areaKm2":0.015625,"densityPerHa":23.68,"renderClass":"15-30"},"geometry":{"type":"MultiPolygon","coordinates":[[[[4.326079463966504,50.733602239933596],[4.3259433048200515,50.73472205498896],[4.327709420511013,50.734809070804054],[4.327845537709642,50.73368925335416],[4.326079463966504,50.733602239933596]]]]}},{"type":"Feature","id":"3920875-3085500-125","properties":{"cellId":"3920875-3085500-125","municipality":"Beersel","population":28,"sideM":125,"areaKm2":0.015625,"densityPerHa":17.92,"renderClass":"15-30"},"geometry":{"type":"MultiPolygon","coordinates":[[[[4.325126179669352,50.74144093400704],[4.324989963759097,50.74256074529188],[4.326756373153864,50.74264777787285],[4.326892547099037,50.74152796419244],[4.325126179669352,50.74144093400704]]]]}},{"type":"Feature","id":"3920875-3085625-125","properties":{"cellId":"3920875-3085625-125","municipality":"Beersel","population":20,"sideM":125,"areaKm2":0.015625,"densityPerHa":12.8,"renderClass":"5-15"},"geometry":{"type":"MultiPolygon","coordinates":[[[[4.324989963759097,50.74256074529188],[4.324853739736952,50.74368055603844],[4.326620191099265,50.743767591015114],[4.326756373153864,50.74264777787285],[4.324989963759097,50.74256074529188]]]]}},{"type":"Feature","id":"3920875-3085750-125","properties":{"cellId":"3920875-3085750-125","municipality":"Beersel","population":23,"sideM":125,"areaKm2":0.015625,"densityPerHa":14.72,"renderClass":"5-15"},"geometry":{"type":"MultiPolygon","coordinates":[[[[4.324853739736952,50.74368055603844],[4.32471750760222,50.74480036624679],[4.326484000934546,50.74488740361932],[4.326620191099265,50.743767591015114],[4.324853739736952,50.74368055603844]]]]}},{"type":"Feature","id":"3920875-3085875-125","properties":{"cellId":"3920875-3085875-125","municipality":"Beersel","population":46,"sideM":125,"areaKm2":0.015625,"densityPerHa":29.44,"renderClass":"15-30"},"geometry":{"type":"MultiPolygon","coordinates":[[[[4.32471750760222,50.74480036624679],[4.324581267354209,50.745920175917036],[4.326347802659017,50.746007215685566],[4.326484000934546,50.74488740361932],[4.32471750760222,50.74480036624679]]]]}},{"type":"Feature","id":"3920875-3088500-125","properties":{"cellId":"3920875-3088500-125","municipality":"Linkebeek","population":14,"sideM":125,"areaKm2":0.015625,"densityPerHa":8.96,"renderClass":"5-15"},"geometry":{"type":"MultiPolygon","coordinates":[[[[4.321854757535124,50.76831625645665],[4.321718346747682,50.76943605484725],[4.3234857640446425,50.769523144965774],[4.323622132807762,50.7684033441761],[4.321854757535124,50.76831625645665]]]]}},{"type":"Feature","id":"3920875-3088625-125","properties":{"cellId":"3920875-3088625-125","municipality":"Beersel","population":17,"sideM":125,"areaKm2":0.015625,"densityPerHa":10.88,"renderClass":"5-15"},"geometry":{"type":"MultiPolygon","coordinates":[[[[4.321718346747682,50.76943605484725],[4.321581927831664,50.770555852701705],[4.323349387155415,50.770642945219464],[4.3234857640446425,50.769523144965774],[4.321718346747682,50.76943605484725]]]]}},{"type":"Feature","id":"3921000-3084125-125","properties":{"cellId":"3921000-3084125-125","municipality":"Sint-Genesius-Rode","population":22,"sideM":125,"areaKm2":0.015625,"densityPerHa":14.08,"renderClass":"5-15"},"geometry":{"type":"MultiPolygon","coordinates":[[[[4.330019794630572,50.730416776983525],[4.330155837479342,50.72929695498445],[4.328389925472342,50.729209978165144],[4.328253840685051,50.730329797771],[4.330019794630572,50.730416776983525]]]]}},{"type":"Feature","id":"3921000-3084750-125","properties":{"cellId":"3921000-3084750-125","municipality":"Sint-Genesius-Rode","population":65,"sideM":125,"areaKm2":0.015625,"densityPerHa":41.6,"renderClass":"30-60"},"geometry":{"type":"MultiPolygon","coordinates":[[[[4.329339458882886,50.736015878896],[4.329475542235244,50.73489605959091],[4.327709420511013,50.734809070804054],[4.327573295207819,50.73592888771518],[4.329339458882886,50.736015878896]]]]}},{"type":"Feature","id":"3921000-3084875-125","properties":{"cellId":"3921000-3084875-125","municipality":"Sint-Genesius-Rode","population":50,"sideM":125,"areaKm2":0.015625,"densityPerHa":32,"renderClass":"30-60"},"geometry":{"type":"MultiPolygon","coordinates":[[[[4.329339458882886,50.736015878896],[4.327573295207819,50.73592888771518],[4.327437161799359,50.73704870408764],[4.329203367427729,50.737135697662524],[4.329339458882886,50.736015878896]]]]}},{"type":"Feature","id":"3921000-3085500-125","properties":{"cellId":"3921000-3085500-125","municipality":"Beersel","population":38,"sideM":125,"areaKm2":0.015625,"densityPerHa":24.32,"renderClass":"15-30"},"geometry":{"type":"MultiPolygon","coordinates":[[[[4.3285227885857225,50.742734783420424],[4.328658920565266,50.7416149673452],[4.326892547099037,50.74152796419244],[4.326756373153864,50.74264777787285],[4.3285227885857225,50.742734783420424]]]]}},{"type":"Feature","id":"3921000-3085625-125","properties":{"cellId":"3921000-3085625-125","municipality":"Beersel","population":47,"sideM":125,"areaKm2":0.015625,"densityPerHa":30.08,"renderClass":"30-60"},"geometry":{"type":"MultiPolygon","coordinates":[[[[4.328386648499219,50.74385459895767],[4.3285227885857225,50.742734783420424],[4.326756373153864,50.74264777787285],[4.326620191099265,50.743767591015114],[4.328386648499219,50.74385459895767]]]]}},{"type":"Feature","id":"3921000-3085750-125","properties":{"cellId":"3921000-3085750-125","municipality":"Beersel","population":40,"sideM":125,"areaKm2":0.015625,"densityPerHa":25.6,"renderClass":"15-30"},"geometry":{"type":"MultiPolygon","coordinates":[[[[4.328250500305062,50.744974413957],[4.328386648499219,50.74385459895767],[4.326620191099265,50.743767591015114],[4.326484000934546,50.74488740361932],[4.328250500305062,50.744974413957]]]]}},{"type":"Feature","id":"3921000-3085875-125","properties":{"cellId":"3921000-3085875-125","municipality":"Beersel","population":38,"sideM":125,"areaKm2":0.015625,"densityPerHa":24.32,"renderClass":"15-30"},"geometry":{"type":"MultiPolygon","coordinates":[[[[4.328250500305062,50.744974413957],[4.326484000934546,50.74488740361932],[4.326347802659017,50.746007215685566],[4.328114344002561,50.746094228418514],[4.328250500305062,50.744974413957]]]]}},{"type":"Feature","id":"3921000-3086000-125","properties":{"cellId":"3921000-3086000-125","municipality":"Beersel","population":24,"sideM":125,"areaKm2":0.015625,"densityPerHa":15.36,"renderClass":"15-30"},"geometry":{"type":"MultiPolygon","coordinates":[[[[4.326347802659017,50.746007215685566],[4.3262115962719765,50.74712702721394],[4.327978179591017,50.747214042342314],[4.328114344002561,50.746094228418514],[4.326347802659017,50.746007215685566]]]]}},{"type":"Feature","id":"3921000-3086125-125","properties":{"cellId":"3921000-3086125-125","municipality":"Beersel","population":33,"sideM":125,"areaKm2":0.015625,"densityPerHa":21.12,"renderClass":"15-30"},"geometry":{"type":"MultiPolygon","coordinates":[[[[4.3278420070697345,50.74833385572846],[4.327978179591017,50.747214042342314],[4.3262115962719765,50.74712702721394],[4.326075381772737,50.74824683820454],[4.3278420070697345,50.74833385572846]]]]}},{"type":"Feature","id":"3921000-3089250-125","properties":{"cellId":"3921000-3089250-125","municipality":"Linkebeek","population":87,"sideM":125,"areaKm2":0.015625,"densityPerHa":55.68,"renderClass":"30-60"},"geometry":{"type":"MultiPolygon","coordinates":[[[[4.324435056341618,50.776329015911834],[4.324571431832125,50.775209215937544],[4.322803798323512,50.77512214087604],[4.322667380793305,50.776241938451086],[4.324435056341618,50.776329015911834]]]]}},{"type":"Feature","id":"3921000-3089375-125","properties":{"cellId":"3921000-3089375-125","municipality":"Linkebeek","population":68,"sideM":125,"areaKm2":0.015625,"densityPerHa":43.52,"renderClass":"30-60"},"geometry":{"type":"MultiPolygon","coordinates":[[[[4.324298672723295,50.77744881535079],[4.324435056341618,50.776329015911834],[4.322667380793305,50.776241938451086],[4.322530955132815,50.77736173549068],[4.324298672723295,50.77744881535079]]]]}},{"type":"Feature","id":"3921000-3089750-125","properties":{"cellId":"3921000-3089750-125","municipality":"Drogenbos","population":32,"sideM":125,"areaKm2":0.015625,"densityPerHa":20.48,"renderClass":"15-30"},"geometry":{"type":"MultiPolygon","coordinates":[[[[4.323889473094493,50.78080821045671],[4.324025881100431,50.779688412623145],[4.322258079418194,50.77960132796382],[4.322121629362673,50.780721123397555],[4.323889473094493,50.78080821045671]]]]}},{"type":"Feature","id":"3921000-3089875-125","properties":{"cellId":"3921000-3089875-125","municipality":"Drogenbos","population":118,"sideM":125,"areaKm2":0.015625,"densityPerHa":75.52,"renderClass":"60-100"},"geometry":{"type":"MultiPolygon","coordinates":[[[[4.323889473094493,50.78080821045671],[4.322121629362673,50.780721123397555],[4.32198517117408,50.78184091829618],[4.323753056957958,50.78192800775532],[4.323889473094493,50.78080821045671]]]]}},{"type":"Feature","id":"3921000-3090000-125","properties":{"cellId":"3921000-3090000-125","municipality":"Drogenbos","population":106,"sideM":125,"areaKm2":0.015625,"densityPerHa":67.84,"renderClass":"60-100"},"geometry":{"type":"MultiPolygon","coordinates":[[[[4.32198517117408,50.78184091829618],[4.321848704851716,50.782960712659815],[4.32361663269013,50.78304780451906],[4.323753056957958,50.78192800775532],[4.32198517117408,50.78184091829618]]]]}},{"type":"Feature","id":"3921125-3084750-125","properties":{"cellId":"3921125-3084750-125","municipality":"Sint-Genesius-Rode","population":74,"sideM":125,"areaKm2":0.015625,"densityPerHa":47.36,"renderClass":"30-60"},"geometry":{"type":"MultiPolygon","coordinates":[[[[4.329339458882886,50.736015878896],[4.3311056285899285,50.73610284304766],[4.331241669990905,50.73498302134937],[4.329475542235244,50.73489605959091],[4.329339458882886,50.736015878896]]]]}},{"type":"Feature","id":"3921125-3084875-125","properties":{"cellId":"3921125-3084875-125","municipality":"Sint-Genesius-Rode","population":31,"sideM":125,"areaKm2":0.015625,"densityPerHa":19.84,"renderClass":"15-30"},"geometry":{"type":"MultiPolygon","coordinates":[[[[4.3311056285899285,50.73610284304766],[4.329339458882886,50.736015878896],[4.329203367427729,50.737135697662524],[4.3309695790886265,50.73722266420757],[4.3311056285899285,50.73610284304766]]]]}},{"type":"Feature","id":"3921125-3085500-125","properties":{"cellId":"3921125-3085500-125","municipality":"Beersel","population":40,"sideM":125,"areaKm2":0.015625,"densityPerHa":25.6,"renderClass":"15-30"},"geometry":{"type":"MultiPolygon","coordinates":[[[[4.3285227885857225,50.742734783420424],[4.330289210052844,50.742821761934486],[4.330425300066211,50.74170194346514],[4.328658920565266,50.7416149673452],[4.3285227885857225,50.742734783420424]]]]}},{"type":"Feature","id":"3921125-3085625-125","properties":{"cellId":"3921125-3085625-125","municipality":"Beersel","population":68,"sideM":125,"areaKm2":0.015625,"densityPerHa":43.52,"renderClass":"30-60"},"geometry":{"type":"MultiPolygon","coordinates":[[[[4.328386648499219,50.74385459895767],[4.330153111934981,50.743941579865975],[4.330289210052844,50.742821761934486],[4.3285227885857225,50.742734783420424],[4.328386648499219,50.74385459895767]]]]}},{"type":"Feature","id":"3921125-3085750-125","properties":{"cellId":"3921125-3085750-125","municipality":"Beersel","population":53,"sideM":125,"areaKm2":0.015625,"densityPerHa":33.92,"renderClass":"30-60"},"geometry":{"type":"MultiPolygon","coordinates":[[[[4.328250500305062,50.744974413957],[4.330017005711933,50.745061397259676],[4.330153111934981,50.743941579865975],[4.328386648499219,50.74385459895767],[4.328250500305062,50.744974413957]]]]}},{"type":"Feature","id":"3921125-3085875-125","properties":{"cellId":"3921125-3085875-125","municipality":"Beersel","population":28,"sideM":125,"areaKm2":0.015625,"densityPerHa":17.92,"renderClass":"15-30"},"geometry":{"type":"MultiPolygon","coordinates":[[[[4.330017005711933,50.745061397259676],[4.328250500305062,50.744974413957],[4.328114344002561,50.746094228418514],[4.329880891383006,50.746181214115744],[4.330017005711933,50.745061397259676]]]]}},{"type":"Feature","id":"3921125-3086000-125","properties":{"cellId":"3921125-3086000-125","municipality":"Beersel","population":11,"sideM":125,"areaKm2":0.015625,"densityPerHa":7.04,"renderClass":"5-15"},"geometry":{"type":"MultiPolygon","coordinates":[[[[4.328114344002561,50.746094228418514],[4.327978179591017,50.747214042342314],[4.329744768947503,50.74730103043421],[4.329880891383006,50.746181214115744],[4.328114344002561,50.746094228418514]]]]}},{"type":"Feature","id":"3921125-3086125-125","properties":{"cellId":"3921125-3086125-125","municipality":"Beersel","population":42,"sideM":125,"areaKm2":0.015625,"densityPerHa":26.88,"renderClass":"15-30"},"geometry":{"type":"MultiPolygon","coordinates":[[[[4.3278420070697345,50.74833385572846],[4.329608638404731,50.7484208462152],[4.329744768947503,50.74730103043421],[4.327978179591017,50.747214042342314],[4.3278420070697345,50.74833385572846]]]]}},{"type":"Feature","id":"3921125-3089250-125","properties":{"cellId":"3921125-3089250-125","municipality":"Linkebeek","population":28,"sideM":125,"areaKm2":0.015625,"densityPerHa":17.92,"renderClass":"15-30"},"geometry":{"type":"MultiPolygon","coordinates":[[[[4.324435056341618,50.776329015911834],[4.32620273794163,50.77641606631703],[4.326339071391895,50.77529626394425],[4.324571431832125,50.775209215937544],[4.324435056341618,50.776329015911834]]]]}},{"type":"Feature","id":"3921125-3089375-125","properties":{"cellId":"3921125-3089375-125","municipality":"Linkebeek","population":89,"sideM":125,"areaKm2":0.015625,"densityPerHa":56.96,"renderClass":"30-60"},"geometry":{"type":"MultiPolygon","coordinates":[[[[4.324298672723295,50.77744881535079],[4.326066396366026,50.77753586815465],[4.32620273794163,50.77641606631703],[4.324435056341618,50.776329015911834],[4.324298672723295,50.77744881535079]]]]}},{"type":"Feature","id":"3921250-3084500-125","properties":{"cellId":"3921250-3084500-125","municipality":"Sint-Genesius-Rode","population":16,"sideM":125,"areaKm2":0.015625,"densityPerHa":10.24,"renderClass":"5-15"},"geometry":{"type":"MultiPolygon","coordinates":[[[[4.331377703292239,50.73386319911261],[4.333143795128037,50.733950131450186],[4.333279778383423,50.73283030628267],[4.3315137284946275,50.732743376337275],[4.331377703292239,50.73386319911261]]]]}},{"type":"Feature","id":"3921250-3084625-125","properties":{"cellId":"3921250-3084625-125","municipality":"Sint-Genesius-Rode","population":20,"sideM":125,"areaKm2":0.015625,"densityPerHa":12.8,"renderClass":"5-15"},"geometry":{"type":"MultiPolygon","coordinates":[[[[4.331241669990905,50.73498302134937],[4.3330078037761695,50.73506995607928],[4.333143795128037,50.733950131450186],[4.331377703292239,50.73386319911261],[4.331241669990905,50.73498302134937]]]]}},{"type":"Feature","id":"3921250-3084750-125","properties":{"cellId":"3921250-3084750-125","municipality":"Sint-Genesius-Rode","population":38,"sideM":125,"areaKm2":0.015625,"densityPerHa":24.32,"renderClass":"15-30"},"geometry":{"type":"MultiPolygon","coordinates":[[[[4.3311056285899285,50.73610284304766],[4.332871804327127,50.736189780170065],[4.3330078037761695,50.73506995607928],[4.331241669990905,50.73498302134937],[4.3311056285899285,50.73610284304766]]]]}},{"type":"Feature","id":"3921250-3084875-125","properties":{"cellId":"3921250-3084875-125","municipality":"Sint-Genesius-Rode","population":43,"sideM":125,"areaKm2":0.015625,"densityPerHa":27.52,"renderClass":"15-30"},"geometry":{"type":"MultiPolygon","coordinates":[[[[4.332871804327127,50.736189780170065],[4.3311056285899285,50.73610284304766],[4.3309695790886265,50.73722266420757],[4.3327357967802165,50.7373096037226],[4.332871804327127,50.736189780170065]]]]}},{"type":"Feature","id":"3921250-3085000-125","properties":{"cellId":"3921250-3085000-125","municipality":"Sint-Genesius-Rode","population":51,"sideM":125,"areaKm2":0.015625,"densityPerHa":32.64,"renderClass":"30-60"},"geometry":{"type":"MultiPolygon","coordinates":[[[[4.3309695790886265,50.73722266420757],[4.3308335214862925,50.73834248482919],[4.332599781134745,50.73842942673699],[4.3327357967802165,50.7373096037226],[4.3309695790886265,50.73722266420757]]]]}},{"type":"Feature","id":"3921250-3085125-125","properties":{"cellId":"3921250-3085125-125","municipality":"Sint-Genesius-Rode","population":14,"sideM":125,"areaKm2":0.015625,"densityPerHa":8.96,"renderClass":"5-15"},"geometry":{"type":"MultiPolygon","coordinates":[[[[4.330697455782242,50.73946230491259],[4.3324637573900215,50.73954924921332],[4.332599781134745,50.73842942673699],[4.3308335214862925,50.73834248482919],[4.330697455782242,50.73946230491259]]]]}},{"type":"Feature","id":"3921250-3085750-125","properties":{"cellId":"3921250-3085750-125","municipality":"Beersel","population":28,"sideM":125,"areaKm2":0.015625,"densityPerHa":17.92,"renderClass":"15-30"},"geometry":{"type":"MultiPolygon","coordinates":[[[[4.330017005711933,50.745061397259676],[4.33178351715333,50.745148353527235],[4.331919581404723,50.744028533739844],[4.330153111934981,50.743941579865975],[4.330017005711933,50.745061397259676]]]]}},{"type":"Feature","id":"3921250-3085875-125","properties":{"cellId":"3921250-3085875-125","municipality":"Beersel","population":31,"sideM":125,"areaKm2":0.015625,"densityPerHa":19.84,"renderClass":"15-30"},"geometry":{"type":"MultiPolygon","coordinates":[[[[4.33178351715333,50.745148353527235],[4.330017005711933,50.745061397259676],[4.329880891383006,50.746181214115744],[4.331647444798523,50.746268172777086],[4.33178351715333,50.745148353527235]]]]}},{"type":"Feature","id":"3921250-3086000-125","properties":{"cellId":"3921250-3086000-125","municipality":"Beersel","population":26,"sideM":125,"areaKm2":0.015625,"densityPerHa":16.64,"renderClass":"15-30"},"geometry":{"type":"MultiPolygon","coordinates":[[[[4.329880891383006,50.746181214115744],[4.329744768947503,50.74730103043421],[4.331511364339606,50.74738799148951],[4.331647444798523,50.746268172777086],[4.329880891383006,50.746181214115744]]]]}},{"type":"Feature","id":"3921250-3086125-125","properties":{"cellId":"3921250-3086125-125","municipality":"Beersel","population":15,"sideM":125,"areaKm2":0.015625,"densityPerHa":9.6,"renderClass":"5-15"},"geometry":{"type":"MultiPolygon","coordinates":[[[[4.329608638404731,50.7484208462152],[4.331375275775891,50.74850780966459],[4.331511364339606,50.74738799148951],[4.329744768947503,50.74730103043421],[4.329608638404731,50.7484208462152]]]]}},{"type":"Feature","id":"3921250-3086250-125","properties":{"cellId":"3921250-3086250-125","municipality":"Beersel","population":29,"sideM":125,"areaKm2":0.015625,"densityPerHa":18.56,"renderClass":"15-30"},"geometry":{"type":"MultiPolygon","coordinates":[[[[4.329472499753995,50.74954066145879],[4.331239179106678,50.74962762730241],[4.331375275775891,50.74850780966459],[4.329608638404731,50.7484208462152],[4.329472499753995,50.74954066145879]]]]}},{"type":"Feature","id":"3921250-3086375-125","properties":{"cellId":"3921250-3086375-125","municipality":"Beersel","population":21,"sideM":125,"areaKm2":0.015625,"densityPerHa":13.44,"renderClass":"5-15"},"geometry":{"type":"MultiPolygon","coordinates":[[[[4.329336352994605,50.750660476165066],[4.331103074331278,50.75074744440309],[4.331239179106678,50.74962762730241],[4.329472499753995,50.74954066145879],[4.329336352994605,50.750660476165066]]]]}},{"type":"Feature","id":"3921250-3088750-125","properties":{"cellId":"3921250-3088750-125","municipality":"Linkebeek","population":78,"sideM":125,"areaKm2":0.015625,"densityPerHa":49.92,"renderClass":"30-60"},"geometry":{"type":"MultiPolygon","coordinates":[[[[4.326748022997602,50.771936853614],[4.328515542499134,50.77202386737331],[4.328651801424088,50.770904060461795],[4.326884323953463,50.77081704909967],[4.326748022997602,50.771936853614]]]]}},{"type":"Feature","id":"3921250-3088875-125","properties":{"cellId":"3921250-3088875-125","municipality":"Linkebeek","population":164,"sideM":125,"areaKm2":0.015625,"densityPerHa":104.96,"renderClass":"100-200"},"geometry":{"type":"MultiPolygon","coordinates":[[[[4.328515542499134,50.77202386737331],[4.326748022997602,50.771936853614],[4.326611713919183,50.77305665759281],[4.328379275454094,50.773143673749466],[4.328515542499134,50.77202386737331]]]]}},{"type":"Feature","id":"3921250-3089250-125","properties":{"cellId":"3921250-3089250-125","municipality":"Linkebeek","population":22,"sideM":125,"areaKm2":0.015625,"densityPerHa":14.08,"renderClass":"5-15"},"geometry":{"type":"MultiPolygon","coordinates":[[[[4.32620273794163,50.77641606631703],[4.327970425591507,50.77650308966653],[4.328106717000977,50.77538328489597],[4.326339071391895,50.77529626394425],[4.32620273794163,50.77641606631703]]]]}},{"type":"Feature","id":"3921250-3089375-125","properties":{"cellId":"3921250-3089375-125","municipality":"Linkebeek","population":29,"sideM":125,"areaKm2":0.015625,"densityPerHa":18.56,"renderClass":"15-30"},"geometry":{"type":"MultiPolygon","coordinates":[[[[4.326066396366026,50.77753586815465],[4.32783412605917,50.77762289390206],[4.327970425591507,50.77650308966653],[4.32620273794163,50.77641606631703],[4.326066396366026,50.77753586815465]]]]}},{"type":"Feature","id":"3921375-3084625-125","properties":{"cellId":"3921375-3084625-125","municipality":"Sint-Genesius-Rode","population":30,"sideM":125,"areaKm2":0.015625,"densityPerHa":19.2,"renderClass":"15-30"},"geometry":{"type":"MultiPolygon","coordinates":[[[[4.3330078037761695,50.73506995607928],[4.334773943589204,50.7351568637805],[4.334909892991059,50.734037036759794],[4.333143795128037,50.733950131450186],[4.3330078037761695,50.73506995607928]]]]}},{"type":"Feature","id":"3921375-3084750-125","properties":{"cellId":"3921375-3084750-125","municipality":"Sint-Genesius-Rode","population":35,"sideM":125,"areaKm2":0.015625,"densityPerHa":22.4,"renderClass":"15-30"},"geometry":{"type":"MultiPolygon","coordinates":[[[[4.332871804327127,50.736189780170065],[4.334637986092639,50.73627669026304],[4.334773943589204,50.7351568637805],[4.3330078037761695,50.73506995607928],[4.332871804327127,50.736189780170065]]]]}},{"type":"Feature","id":"3921375-3084875-125","properties":{"cellId":"3921375-3084875-125","municipality":"Sint-Genesius-Rode","population":20,"sideM":125,"areaKm2":0.015625,"densityPerHa":12.8,"renderClass":"5-15"},"geometry":{"type":"MultiPolygon","coordinates":[[[[4.334637986092639,50.73627669026304],[4.332871804327127,50.736189780170065],[4.3327357967802165,50.7373096037226],[4.334502020500672,50.73739651620746],[4.334637986092639,50.73627669026304]]]]}},{"type":"Feature","id":"3921375-3085000-125","properties":{"cellId":"3921375-3085000-125","municipality":"Sint-Genesius-Rode","population":48,"sideM":125,"areaKm2":0.015625,"densityPerHa":30.72,"renderClass":"30-60"},"geometry":{"type":"MultiPolygon","coordinates":[[[[4.3327357967802165,50.7373096037226],[4.332599781134745,50.73842942673699],[4.334366046812608,50.738516341613895],[4.334502020500672,50.73739651620746],[4.3327357967802165,50.7373096037226]]]]}},{"type":"Feature","id":"3921375-3085125-125","properties":{"cellId":"3921375-3085125-125","municipality":"Sint-Genesius-Rode","population":30,"sideM":125,"areaKm2":0.015625,"densityPerHa":19.2,"renderClass":"15-30"},"geometry":{"type":"MultiPolygon","coordinates":[[[[4.3324637573900215,50.73954924921332],[4.334230065027758,50.73963616648242],[4.334366046812608,50.738516341613895],[4.332599781134745,50.73842942673699],[4.3324637573900215,50.73954924921332]]]]}},{"type":"Feature","id":"3921375-3085750-125","properties":{"cellId":"3921375-3085750-125","municipality":"Beersel","population":11,"sideM":125,"areaKm2":0.015625,"densityPerHa":7.04,"renderClass":"5-15"},"geometry":{"type":"MultiPolygon","coordinates":[[[[4.33178351715333,50.745148353527235],[4.333550034627413,50.745235282759474],[4.333686056906605,50.74411546057918],[4.331919581404723,50.744028533739844],[4.33178351715333,50.745148353527235]]]]}},{"type":"Feature","id":"3921375-3085875-125","properties":{"cellId":"3921375-3085875-125","municipality":"Beersel","population":40,"sideM":125,"areaKm2":0.015625,"densityPerHa":25.6,"renderClass":"15-30"},"geometry":{"type":"MultiPolygon","coordinates":[[[[4.333550034627413,50.745235282759474],[4.33178351715333,50.745148353527235],[4.331647444798523,50.746268172777086],[4.333414004247275,50.746355104402404],[4.333550034627413,50.745235282759474]]]]}},{"type":"Feature","id":"3921375-3086000-125","properties":{"cellId":"3921375-3086000-125","municipality":"Beersel","population":48,"sideM":125,"areaKm2":0.015625,"densityPerHa":30.72,"renderClass":"30-60"},"geometry":{"type":"MultiPolygon","coordinates":[[[[4.331647444798523,50.746268172777086],[4.331511364339606,50.74738799148951],[4.333277965765496,50.74747492550803],[4.333414004247275,50.746355104402404],[4.331647444798523,50.746268172777086]]]]}},{"type":"Feature","id":"3921375-3086125-125","properties":{"cellId":"3921375-3086125-125","municipality":"Beersel","population":33,"sideM":125,"areaKm2":0.015625,"densityPerHa":21.12,"renderClass":"15-30"},"geometry":{"type":"MultiPolygon","coordinates":[[[[4.331375275775891,50.74850780966459],[4.33314191918138,50.74859474607648],[4.333277965765496,50.74747492550803],[4.331511364339606,50.74738799148951],[4.331375275775891,50.74850780966459]]]]}},{"type":"Feature","id":"3921375-3086250-125","properties":{"cellId":"3921375-3086250-125","municipality":"Beersel","population":50,"sideM":125,"areaKm2":0.015625,"densityPerHa":32,"renderClass":"30-60"},"geometry":{"type":"MultiPolygon","coordinates":[[[[4.331239179106678,50.74962762730241],[4.333005864494239,50.74971456610782],[4.33314191918138,50.74859474607648],[4.331375275775891,50.74850780966459],[4.331239179106678,50.74962762730241]]]]}},{"type":"Feature","id":"3921375-3086375-125","properties":{"cellId":"3921375-3086375-125","municipality":"Beersel","population":39,"sideM":125,"areaKm2":0.015625,"densityPerHa":24.96,"renderClass":"15-30"},"geometry":{"type":"MultiPolygon","coordinates":[[[[4.331103074331278,50.75074744440309],[4.332869801703372,50.75083438560215],[4.333005864494239,50.74971456610782],[4.331239179106678,50.74962762730241],[4.331103074331278,50.75074744440309]]]]}},{"type":"Feature","id":"3921375-3088750-125","properties":{"cellId":"3921375-3088750-125","municipality":"Linkebeek","population":37,"sideM":125,"areaKm2":0.015625,"densityPerHa":23.68,"renderClass":"15-30"},"geometry":{"type":"MultiPolygon","coordinates":[[[[4.328515542499134,50.77202386737331],[4.3302830680465,50.77211085407972],[4.33041928494,50.77099104477175],[4.328651801424088,50.770904060461795],[4.328515542499134,50.77202386737331]]]]}},{"type":"Feature","id":"3921375-3088875-125","properties":{"cellId":"3921375-3088875-125","municipality":"Linkebeek","population":132,"sideM":125,"areaKm2":0.015625,"densityPerHa":84.48,"renderClass":"60-100"},"geometry":{"type":"MultiPolygon","coordinates":[[[[4.3302830680465,50.77211085407972],[4.328515542499134,50.77202386737331],[4.328379275454094,50.773143673749466],[4.330146843035384,50.77323066285244],[4.3302830680465,50.77211085407972]]]]}},{"type":"Feature","id":"3921375-3089250-125","properties":{"cellId":"3921375-3089250-125","municipality":"Linkebeek","population":32,"sideM":125,"areaKm2":0.015625,"densityPerHa":20.48,"renderClass":"15-30"},"geometry":{"type":"MultiPolygon","coordinates":[[[[4.327970425591507,50.77650308966653],[4.329738119289408,50.77659008596017],[4.329874368657537,50.7754702787926],[4.328106717000977,50.77538328489597],[4.327970425591507,50.77650308966653]]]]}},{"type":"Feature","id":"3921375-3089375-125","properties":{"cellId":"3921375-3089375-125","municipality":"Linkebeek","population":35,"sideM":125,"areaKm2":0.015625,"densityPerHa":22.4,"renderClass":"15-30"},"geometry":{"type":"MultiPolygon","coordinates":[[[[4.32783412605917,50.77762289390206],[4.32960186180089,50.77770989259288],[4.329738119289408,50.77659008596017],[4.327970425591507,50.77650308966653],[4.32783412605917,50.77762289390206]]]]}},{"type":"Feature","id":"3921500-3084625-125","properties":{"cellId":"3921500-3084625-125","municipality":"Sint-Genesius-Rode","population":21,"sideM":125,"areaKm2":0.015625,"densityPerHa":13.44,"renderClass":"5-15"},"geometry":{"type":"MultiPolygon","coordinates":[[[[4.334773943589204,50.7351568637805],[4.336540089428175,50.73524374445289],[4.336675996879469,50.734123915041295],[4.334909892991059,50.734037036759794],[4.334773943589204,50.7351568637805]]]]}},{"type":"Feature","id":"3921500-3084750-125","properties":{"cellId":"3921500-3084750-125","municipality":"Sint-Genesius-Rode","population":13,"sideM":125,"areaKm2":0.015625,"densityPerHa":8.32,"renderClass":"5-15"},"geometry":{"type":"MultiPolygon","coordinates":[[[[4.334637986092639,50.73627669026304],[4.336404173884633,50.73636357332642],[4.336540089428175,50.73524374445289],[4.334773943589204,50.7351568637805],[4.334637986092639,50.73627669026304]]]]}},{"type":"Feature","id":"3921500-3084875-125","properties":{"cellId":"3921500-3084875-125","municipality":"Sint-Genesius-Rode","population":32,"sideM":125,"areaKm2":0.015625,"densityPerHa":20.48,"renderClass":"15-30"},"geometry":{"type":"MultiPolygon","coordinates":[[[[4.336404173884633,50.73636357332642],[4.334637986092639,50.73627669026304],[4.334502020500672,50.73739651620746],[4.336268250248152,50.73748340166201],[4.336404173884633,50.73636357332642]]]]}},{"type":"Feature","id":"3921500-3085250-125","properties":{"cellId":"3921500-3085250-125","municipality":"Sint-Genesius-Rode","population":17,"sideM":125,"areaKm2":0.015625,"densityPerHa":10.88,"renderClass":"5-15"},"geometry":{"type":"MultiPolygon","coordinates":[[[[4.3340940751454236,50.74075599081312],[4.335860430774164,50.74084288344204],[4.335996378693613,50.73972305671975],[4.334230065027758,50.73963616648242],[4.3340940751454236,50.74075599081312]]]]}},{"type":"Feature","id":"3921500-3085375-125","properties":{"cellId":"3921500-3085375-125","municipality":"Beersel","population":25,"sideM":125,"areaKm2":0.015625,"densityPerHa":16,"renderClass":"15-30"},"geometry":{"type":"MultiPolygon","coordinates":[[[[4.333958077164914,50.74187581460609],[4.335724474759005,50.74196270962676],[4.335860430774164,50.74084288344204],[4.3340940751454236,50.74075599081312],[4.333958077164914,50.74187581460609]]]]}},{"type":"Feature","id":"3921500-3085750-125","properties":{"cellId":"3921500-3085750-125","municipality":"Beersel","population":50,"sideM":125,"areaKm2":0.015625,"densityPerHa":32,"renderClass":"30-60"},"geometry":{"type":"MultiPolygon","coordinates":[[[[4.333550034627413,50.745235282759474],[4.33531655813235,50.74532218495627],[4.335452538438792,50.74420236038378],[4.333686056906605,50.74411546057918],[4.333550034627413,50.745235282759474]]]]}},{"type":"Feature","id":"3921500-3085875-125","properties":{"cellId":"3921500-3085875-125","municipality":"Beersel","population":27,"sideM":125,"areaKm2":0.015625,"densityPerHa":17.28,"renderClass":"15-30"},"geometry":{"type":"MultiPolygon","coordinates":[[[[4.33531655813235,50.74532218495627],[4.333550034627413,50.745235282759474],[4.333414004247275,50.746355104402404],[4.335180569727427,50.746442008991544],[4.33531655813235,50.74532218495627]]]]}},{"type":"Feature","id":"3921500-3086500-125","properties":{"cellId":"3921500-3086500-125","municipality":"Beersel","population":21,"sideM":125,"areaKm2":0.015625,"densityPerHa":13.44,"renderClass":"5-15"},"geometry":{"type":"MultiPolygon","coordinates":[[[[4.332733730808093,50.751954204559524],[4.334500506201328,50.75204112111254],[4.334636535109055,50.75092129976208],[4.332869801703372,50.75083438560215],[4.332733730808093,50.751954204559524]]]]}},{"type":"Feature","id":"3921500-3086625-125","properties":{"cellId":"3921500-3086625-125","municipality":"Beersel","population":89,"sideM":125,"areaKm2":0.015625,"densityPerHa":56.96,"renderClass":"30-60"},"geometry":{"type":"MultiPolygon","coordinates":[[[[4.332597651807704,50.75307402298009],[4.334364469190956,50.75316094192631],[4.334500506201328,50.75204112111254],[4.332733730808093,50.751954204559524],[4.332597651807704,50.75307402298009]]]]}},{"type":"Feature","id":"3921500-3086750-125","properties":{"cellId":"3921500-3086750-125","municipality":"Beersel","population":58,"sideM":125,"areaKm2":0.015625,"densityPerHa":37.12,"renderClass":"30-60"},"geometry":{"type":"MultiPolygon","coordinates":[[[[4.332461564701506,50.754193840863884],[4.33422842407725,50.754280762203486],[4.334364469190956,50.75316094192631],[4.332597651807704,50.75307402298009],[4.332461564701506,50.754193840863884]]]]}},{"type":"Feature","id":"3921500-3086875-125","properties":{"cellId":"3921500-3086875-125","municipality":"Beersel","population":63,"sideM":125,"areaKm2":0.015625,"densityPerHa":40.32,"renderClass":"30-60"},"geometry":{"type":"MultiPolygon","coordinates":[[[[4.33422842407725,50.754280762203486],[4.332461564701506,50.754193840863884],[4.332325469488813,50.75531365821103],[4.334092370859513,50.75540058194414],[4.33422842407725,50.754280762203486]]]]}},{"type":"Feature","id":"3921500-3087500-125","properties":{"cellId":"3921500-3087500-125","municipality":"Beersel","population":23,"sideM":125,"areaKm2":0.015625,"densityPerHa":14.72,"renderClass":"5-15"},"geometry":{"type":"MultiPolygon","coordinates":[[[[4.331644871803589,50.76091273689996],[4.333411983186095,50.760999672602814],[4.333548076934388,50.75987985554338],[4.331781007559185,50.75979292223477],[4.331644871803589,50.76091273689996]]]]}},{"type":"Feature","id":"3921500-3087625-125","properties":{"cellId":"3921500-3087625-125","municipality":"Beersel","population":31,"sideM":125,"areaKm2":0.015625,"densityPerHa":19.84,"renderClass":"15-30"},"geometry":{"type":"MultiPolygon","coordinates":[[[[4.331508727937332,50.762032551029],[4.333275881329604,50.76211948912626],[4.333411983186095,50.760999672602814],[4.331644871803589,50.76091273689996],[4.331508727937332,50.762032551029]]]]}},{"type":"Feature","id":"3921500-3087750-125","properties":{"cellId":"3921500-3087750-125","municipality":"Beersel","population":53,"sideM":125,"areaKm2":0.015625,"densityPerHa":33.92,"renderClass":"30-60"},"geometry":{"type":"MultiPolygon","coordinates":[[[[4.331372575959715,50.76315236462204],[4.333139771364227,50.763239305113814],[4.333275881329604,50.76211948912626],[4.331508727937332,50.762032551029],[4.331372575959715,50.76315236462204]]]]}},{"type":"Feature","id":"3921500-3087875-125","properties":{"cellId":"3921500-3087875-125","municipality":"Beersel","population":33,"sideM":125,"areaKm2":0.015625,"densityPerHa":21.12,"renderClass":"15-30"},"geometry":{"type":"MultiPolygon","coordinates":[[[[4.333139771364227,50.763239305113814],[4.331372575959715,50.76315236462204],[4.3312364158700465,50.764272177679125],[4.333003653289266,50.76435912056557],[4.333139771364227,50.763239305113814]]]]}},{"type":"Feature","id":"3921500-3088500-125","properties":{"cellId":"3921500-3088500-125","municipality":"Linkebeek","population":14,"sideM":125,"areaKm2":0.015625,"densityPerHa":8.96,"renderClass":"5-15"},"geometry":{"type":"MultiPolygon","coordinates":[[[[4.330555493716578,50.769871234928466],[4.3323229412464,50.76995818979052],[4.332459099879697,50.76883837701642],[4.330691694376938,50.76875142454976],[4.330555493716578,50.769871234928466]]]]}},{"type":"Feature","id":"3921500-3088625-125","properties":{"cellId":"3921500-3088625-125","municipality":"Linkebeek","population":13,"sideM":125,"areaKm2":0.015625,"densityPerHa":8.32,"renderClass":"5-15"},"geometry":{"type":"MultiPolygon","coordinates":[[[[4.33041928494,50.77099104477175],[4.332186774499352,50.77107800202939],[4.3323229412464,50.76995818979052],[4.330555493716578,50.769871234928466],[4.33041928494,50.77099104477175]]]]}},{"type":"Feature","id":"3921500-3089000-125","properties":{"cellId":"3921500-3089000-125","municipality":"Linkebeek","population":28,"sideM":125,"areaKm2":0.015625,"densityPerHa":17.92,"renderClass":"15-30"},"geometry":{"type":"MultiPolygon","coordinates":[[[[4.330146843035384,50.77323066285244],[4.330010609905964,50.77435047109004],[4.331778225568741,50.77443743553525],[4.33191441666122,50.77331762490166],[4.330146843035384,50.77323066285244]]]]}},{"type":"Feature","id":"3921500-3089125-125","properties":{"cellId":"3921500-3089125-125","municipality":"Linkebeek","population":64,"sideM":125,"areaKm2":0.015625,"densityPerHa":40.96,"renderClass":"30-60"},"geometry":{"type":"MultiPolygon","coordinates":[[[[4.329874368657537,50.7754702787926],[4.331642026359735,50.77555724563394],[4.331778225568741,50.77443743553525],[4.330010609905964,50.77435047109004],[4.329874368657537,50.7754702787926]]]]}},{"type":"Feature","id":"3921500-3089250-125","properties":{"cellId":"3921500-3089250-125","municipality":"Linkebeek","population":58,"sideM":125,"areaKm2":0.015625,"densityPerHa":37.12,"renderClass":"30-60"},"geometry":{"type":"MultiPolygon","coordinates":[[[[4.329738119289408,50.77659008596017],[4.3315058190335005,50.77667705519783],[4.331642026359735,50.77555724563394],[4.329874368657537,50.7754702787926],[4.329738119289408,50.77659008596017]]]]}},{"type":"Feature","id":"3921625-3084625-125","properties":{"cellId":"3921625-3084625-125","municipality":"Sint-Genesius-Rode","population":18,"sideM":125,"areaKm2":0.015625,"densityPerHa":11.52,"renderClass":"5-15"},"geometry":{"type":"MultiPolygon","coordinates":[[[[4.336540089428175,50.73524374445289],[4.338306241291251,50.73533059809627],[4.338442106791442,50.73421076629455],[4.336675996879469,50.734123915041295],[4.336540089428175,50.73524374445289]]]]}},{"type":"Feature","id":"3921625-3084750-125","properties":{"cellId":"3921625-3084750-125","municipality":"Sint-Genesius-Rode","population":36,"sideM":125,"areaKm2":0.015625,"densityPerHa":23.04,"renderClass":"15-30"},"geometry":{"type":"MultiPolygon","coordinates":[[[[4.336404173884633,50.73636357332642],[4.338170367701277,50.7364504293601],[4.338306241291251,50.73533059809627],[4.336540089428175,50.73524374445289],[4.336404173884633,50.73636357332642]]]]}},{"type":"Feature","id":"3921625-3084875-125","properties":{"cellId":"3921625-3084875-125","municipality":"Sint-Genesius-Rode","population":23,"sideM":125,"areaKm2":0.015625,"densityPerHa":14.72,"renderClass":"5-15"},"geometry":{"type":"MultiPolygon","coordinates":[[[[4.338170367701277,50.7364504293601],[4.336404173884633,50.73636357332642],[4.336268250248152,50.73748340166201],[4.338034486020834,50.73757026008612],[4.338170367701277,50.7364504293601]]]]}},{"type":"Feature","id":"3921625-3085250-125","properties":{"cellId":"3921625-3085250-125","municipality":"Beersel","population":30,"sideM":125,"areaKm2":0.015625,"densityPerHa":19.2,"renderClass":"15-30"},"geometry":{"type":"MultiPolygon","coordinates":[[[[4.335860430774164,50.74084288344204],[4.337626792429739,50.74092974903833],[4.337762698385757,50.73980991992515],[4.335996378693613,50.73972305671975],[4.335860430774164,50.74084288344204]]]]}},{"type":"Feature","id":"3921625-3085375-125","properties":{"cellId":"3921625-3085375-125","municipality":"Beersel","population":90,"sideM":125,"areaKm2":0.015625,"densityPerHa":57.6,"renderClass":"30-60"},"geometry":{"type":"MultiPolygon","coordinates":[[[[4.335724474759005,50.74196270962676],[4.337490878380478,50.74204957761405],[4.337626792429739,50.74092974903833],[4.335860430774164,50.74084288344204],[4.335724474759005,50.74196270962676]]]]}},{"type":"Feature","id":"3921625-3085750-125","properties":{"cellId":"3921625-3085750-125","municipality":"Beersel","population":26,"sideM":125,"areaKm2":0.015625,"densityPerHa":16.64,"renderClass":"15-30"},"geometry":{"type":"MultiPolygon","coordinates":[[[[4.33531655813235,50.74532218495627],[4.33708308766631,50.74540906011749],[4.337219025999457,50.74428923315355],[4.335452538438792,50.74420236038378],[4.33531655813235,50.74532218495627]]]]}},{"type":"Feature","id":"3921625-3085875-125","properties":{"cellId":"3921625-3085875-125","municipality":"Beersel","population":34,"sideM":125,"areaKm2":0.015625,"densityPerHa":21.76,"renderClass":"15-30"},"geometry":{"type":"MultiPolygon","coordinates":[[[[4.33708308766631,50.74540906011749],[4.33531655813235,50.74532218495627],[4.335180569727427,50.746442008991544],[4.3369471412371485,50.746528886544354],[4.33708308766631,50.74540906011749]]]]}},{"type":"Feature","id":"3921625-3086500-125","properties":{"cellId":"3921625-3086500-125","municipality":"Beersel","population":19,"sideM":125,"areaKm2":0.015625,"densityPerHa":12.16,"renderClass":"5-15"},"geometry":{"type":"MultiPolygon","coordinates":[[[[4.334500506201328,50.75204112111254],[4.336267287626867,50.752128010625576],[4.3364032745464955,50.75100818688277],[4.334636535109055,50.75092129976208],[4.334500506201328,50.75204112111254]]]]}},{"type":"Feature","id":"3921625-3086625-125","properties":{"cellId":"3921625-3086625-125","municipality":"Beersel","population":47,"sideM":125,"areaKm2":0.015625,"densityPerHa":30.08,"renderClass":"30-60"},"geometry":{"type":"MultiPolygon","coordinates":[[[[4.334364469190956,50.75316094192631],[4.336131292607061,50.753247833831836],[4.336267287626867,50.752128010625576],[4.334500506201328,50.75204112111254],[4.334364469190956,50.75316094192631]]]]}},{"type":"Feature","id":"3921625-3086750-125","properties":{"cellId":"3921625-3086750-125","municipality":"Beersel","population":66,"sideM":125,"areaKm2":0.015625,"densityPerHa":42.24,"renderClass":"30-60"},"geometry":{"type":"MultiPolygon","coordinates":[[[[4.33422842407725,50.754280762203486],[4.3359952894863865,50.754367656501614],[4.336131292607061,50.753247833831836],[4.334364469190956,50.75316094192631],[4.33422842407725,50.754280762203486]]]]}},{"type":"Feature","id":"3921625-3086875-125","properties":{"cellId":"3921625-3086875-125","municipality":"Beersel","population":67,"sideM":125,"areaKm2":0.015625,"densityPerHa":42.88,"renderClass":"30-60"},"geometry":{"type":"MultiPolygon","coordinates":[[[[4.3359952894863865,50.754367656501614],[4.33422842407725,50.754280762203486],[4.334092370859513,50.75540058194414],[4.335859278264156,50.75548747863504],[4.3359952894863865,50.754367656501614]]]]}},{"type":"Feature","id":"3921625-3087500-125","properties":{"cellId":"3921625-3087500-125","municipality":"Beersel","population":41,"sideM":125,"areaKm2":0.015625,"densityPerHa":26.24,"renderClass":"15-30"},"geometry":{"type":"MultiPolygon","coordinates":[[[[4.333411983186095,50.760999672602814],[4.335179100605281,50.76108658125979],[4.335315152345729,50.75996676180686],[4.333548076934388,50.75987985554338],[4.333411983186095,50.760999672602814]]]]}},{"type":"Feature","id":"3921625-3087625-125","properties":{"cellId":"3921625-3087625-125","municipality":"Beersel","population":28,"sideM":125,"areaKm2":0.015625,"densityPerHa":17.92,"renderClass":"15-30"},"geometry":{"type":"MultiPolygon","coordinates":[[[[4.333275881329604,50.76211948912626],[4.335043040759106,50.76220640017689],[4.335179100605281,50.76108658125979],[4.333411983186095,50.760999672602814],[4.333275881329604,50.76211948912626]]]]}},{"type":"Feature","id":"3921625-3087750-125","properties":{"cellId":"3921625-3087750-125","municipality":"Beersel","population":39,"sideM":125,"areaKm2":0.015625,"densityPerHa":24.96,"renderClass":"15-30"},"geometry":{"type":"MultiPolygon","coordinates":[[[[4.333139771364227,50.763239305113814],[4.334906972806513,50.76332621855826],[4.335043040759106,50.76220640017689],[4.333275881329604,50.76211948912626],[4.333139771364227,50.763239305113814]]]]}},{"type":"Feature","id":"3921625-3087875-125","properties":{"cellId":"3921625-3087875-125","municipality":"Beersel","population":31,"sideM":125,"areaKm2":0.015625,"densityPerHa":19.84,"renderClass":"15-30"},"geometry":{"type":"MultiPolygon","coordinates":[[[[4.334906972806513,50.76332621855826],[4.333139771364227,50.763239305113814],[4.333003653289266,50.76435912056557],[4.334770896746812,50.76444603640396],[4.334906972806513,50.76332621855826]]]]}},{"type":"Feature","id":"3921625-3088500-125","properties":{"cellId":"3921625-3088500-125","municipality":"Linkebeek","population":22,"sideM":125,"areaKm2":0.015625,"densityPerHa":14.08,"renderClass":"5-15"},"geometry":{"type":"MultiPolygon","coordinates":[[[[4.3323229412464,50.76995818979052],[4.334090394817283,50.77004511760087],[4.334226511422972,50.76892530243207],[4.332459099879697,50.76883837701642],[4.3323229412464,50.76995818979052]]]]}},{"type":"Feature","id":"3921625-3088625-125","properties":{"cellId":"3921625-3088625-125","municipality":"Linkebeek","population":11,"sideM":125,"areaKm2":0.015625,"densityPerHa":7.04,"renderClass":"5-15"},"geometry":{"type":"MultiPolygon","coordinates":[[[[4.332186774499352,50.77107800202939],[4.333954270100313,50.77116493223454],[4.334090394817283,50.77004511760087],[4.3323229412464,50.76995818979052],[4.332186774499352,50.77107800202939]]]]}},{"type":"Feature","id":"3921625-3089000-125","properties":{"cellId":"3921625-3089000-125","municipality":"Linkebeek","population":66,"sideM":125,"areaKm2":0.015625,"densityPerHa":42.24,"renderClass":"30-60"},"geometry":{"type":"MultiPolygon","coordinates":[[[[4.33191441666122,50.77331762490166],[4.331778225568741,50.77443743553525],[4.3335458472747765,50.77452437292578],[4.333681996329756,50.77340455989691],[4.33191441666122,50.77331762490166]]]]}},{"type":"Feature","id":"3921625-3089125-125","properties":{"cellId":"3921625-3089125-125","municipality":"Linkebeek","population":93,"sideM":125,"areaKm2":0.015625,"densityPerHa":59.52,"renderClass":"30-60"},"geometry":{"type":"MultiPolygon","coordinates":[[[[4.331642026359735,50.77555724563394],[4.3334096901057375,50.7756441854199],[4.3335458472747765,50.77452437292578],[4.331778225568741,50.77443743553525],[4.331642026359735,50.77555724563394]]]]}},{"type":"Feature","id":"3921750-3085250-125","properties":{"cellId":"3921750-3085250-125","municipality":"Beersel","population":125,"sideM":125,"areaKm2":0.015625,"densityPerHa":80,"renderClass":"60-100"},"geometry":{"type":"MultiPolygon","coordinates":[[[[4.337626792429739,50.74092974903833],[4.339393160110319,50.74101658760178],[4.33952902410236,50.73989675609847],[4.337762698385757,50.73980991992515],[4.337626792429739,50.74092974903833]]]]}},{"type":"Feature","id":"3921750-3085375-125","properties":{"cellId":"3921750-3085375-125","municipality":"Beersel","population":67,"sideM":125,"areaKm2":0.015625,"densityPerHa":42.88,"renderClass":"30-60"},"geometry":{"type":"MultiPolygon","coordinates":[[[[4.337490878380478,50.74204957761405],[4.3392572880274995,50.7421364185678],[4.339393160110319,50.74101658760178],[4.337626792429739,50.74092974903833],[4.337490878380478,50.74204957761405]]]]}},{"type":"Feature","id":"3921750-3085500-125","properties":{"cellId":"3921750-3085500-125","municipality":"Beersel","population":45,"sideM":125,"areaKm2":0.015625,"densityPerHa":28.8,"renderClass":"15-30"},"geometry":{"type":"MultiPolygon","coordinates":[[[[4.337354956237281,50.743169405652424],[4.339121407853213,50.74325624899661],[4.3392572880274995,50.7421364185678],[4.337490878380478,50.74204957761405],[4.337354956237281,50.743169405652424]]]]}},{"type":"Feature","id":"3921750-3085625-125","properties":{"cellId":"3921750-3085625-125","municipality":"Beersel","population":59,"sideM":125,"areaKm2":0.015625,"densityPerHa":37.76,"renderClass":"30-60"},"geometry":{"type":"MultiPolygon","coordinates":[[[[4.337219025999457,50.74428923315355],[4.338985519586761,50.7443760788883],[4.339121407853213,50.74325624899661],[4.337354956237281,50.743169405652424],[4.337219025999457,50.74428923315355]]]]}},{"type":"Feature","id":"3921750-3088500-125","properties":{"cellId":"3921750-3088500-125","municipality":"Linkebeek","population":13,"sideM":125,"areaKm2":0.015625,"densityPerHa":8.32,"renderClass":"5-15"},"geometry":{"type":"MultiPolygon","coordinates":[[[[4.334090394817283,50.77004511760087],[4.335857854427387,50.77013201835931],[4.33599392900492,50.76901220079657],[4.334226511422972,50.76892530243207],[4.334090394817283,50.77004511760087]]]]}},{"type":"Feature","id":"3921750-3088625-125","properties":{"cellId":"3921750-3088625-125","municipality":"Linkebeek","population":19,"sideM":125,"areaKm2":0.015625,"densityPerHa":12.16,"renderClass":"5-15"},"geometry":{"type":"MultiPolygon","coordinates":[[[[4.333954270100313,50.77116493223454],[4.335721771741048,50.771251835387076],[4.335857854427387,50.77013201835931],[4.334090394817283,50.77004511760087],[4.333954270100313,50.77116493223454]]]]}},{"type":"Feature","id":"3921750-3088750-125","properties":{"cellId":"3921750-3088750-125","municipality":"Linkebeek","population":68,"sideM":125,"areaKm2":0.015625,"densityPerHa":43.52,"renderClass":"30-60"},"geometry":{"type":"MultiPolygon","coordinates":[[[[4.333818137271368,50.77228474633319],[4.335585680945204,50.77237165187998],[4.335721771741048,50.771251835387076],[4.333954270100313,50.77116493223454],[4.333818137271368,50.77228474633319]]]]}},{"type":"Feature","id":"3921750-3088875-125","properties":{"cellId":"3921750-3088875-125","municipality":"Linkebeek","population":38,"sideM":125,"areaKm2":0.015625,"densityPerHa":24.32,"renderClass":"15-30"},"geometry":{"type":"MultiPolygon","coordinates":[[[[4.335585680945204,50.77237165187998],[4.333818137271368,50.77228474633319],[4.333681996329756,50.77340455989691],[4.33544958203916,50.77349146783807],[4.335585680945204,50.77237165187998]]]]}},{"type":"Feature","id":"3921875-3085250-125","properties":{"cellId":"3921875-3085250-125","municipality":"Beersel","population":11,"sideM":125,"areaKm2":0.015625,"densityPerHa":7.04,"renderClass":"5-15"},"geometry":{"type":"MultiPolygon","coordinates":[[[[4.33952902410236,50.73989675609847],[4.339393160110319,50.74101658760178],[4.341159533814066,50.74110339913229],[4.341295355841584,50.73998356523958],[4.33952902410236,50.73989675609847]]]]}},{"type":"Feature","id":"3921875-3085375-125","properties":{"cellId":"3921875-3085375-125","municipality":"Sint-Genesius-Rode","population":71,"sideM":125,"areaKm2":0.015625,"densityPerHa":45.44,"renderClass":"30-60"},"geometry":{"type":"MultiPolygon","coordinates":[[[[4.339393160110319,50.74101658760178],[4.3392572880274995,50.7421364185678],[4.341023703698237,50.74222323248785],[4.341159533814066,50.74110339913229],[4.339393160110319,50.74101658760178]]]]}},{"type":"Feature","id":"3921875-3085500-125","properties":{"cellId":"3921875-3085500-125","municipality":"Beersel","population":86,"sideM":125,"areaKm2":0.015625,"densityPerHa":55.04,"renderClass":"30-60"},"geometry":{"type":"MultiPolygon","coordinates":[[[[4.3392572880274995,50.7421364185678],[4.339121407853213,50.74325624899661],[4.340887865493402,50.743343065306355],[4.341023703698237,50.74222323248785],[4.3392572880274995,50.7421364185678]]]]}},{"type":"Feature","id":"3921875-3085625-125","properties":{"cellId":"3921875-3085625-125","municipality":"Beersel","population":49,"sideM":125,"areaKm2":0.015625,"densityPerHa":31.36,"renderClass":"30-60"},"geometry":{"type":"MultiPolygon","coordinates":[[[[4.339121407853213,50.74325624899661],[4.338985519586761,50.7443760788883],[4.340752019198876,50.74446289758788],[4.340887865493402,50.743343065306355],[4.339121407853213,50.74325624899661]]]]}},{"type":"Feature","id":"3921875-3088500-125","properties":{"cellId":"3921875-3088500-125","municipality":"Linkebeek","population":16,"sideM":125,"areaKm2":0.015625,"densityPerHa":10.24,"renderClass":"5-15"},"geometry":{"type":"MultiPolygon","coordinates":[[[[4.33599392900492,50.76901220079657],[4.335857854427387,50.77013201835931],[4.337625320074878,50.77021889206572],[4.337761352623704,50.76909907210976],[4.33599392900492,50.76901220079657]]]]}},{"type":"Feature","id":"3921875-3088625-125","properties":{"cellId":"3921875-3088625-125","municipality":"Linkebeek","population":19,"sideM":125,"areaKm2":0.015625,"densityPerHa":12.16,"renderClass":"5-15"},"geometry":{"type":"MultiPolygon","coordinates":[[[[4.335857854427387,50.77013201835931],[4.335721771741048,50.771251835387076],[4.337489279419713,50.77133871148685],[4.337625320074878,50.77021889206572],[4.335857854427387,50.77013201835931]]]]}},{"type":"Feature","id":"3921875-3088750-125","properties":{"cellId":"3921875-3088750-125","municipality":"Linkebeek","population":62,"sideM":125,"areaKm2":0.015625,"densityPerHa":39.68,"renderClass":"30-60"},"geometry":{"type":"MultiPolygon","coordinates":[[[[4.335721771741048,50.771251835387076],[4.335585680945204,50.77237165187998],[4.3373532306575155,50.772458530373235],[4.337489279419713,50.77133871148685],[4.335721771741048,50.771251835387076]]]]}},{"type":"Feature","id":"3921875-3088875-125","properties":{"cellId":"3921875-3088875-125","municipality":"Linkebeek","population":73,"sideM":125,"areaKm2":0.015625,"densityPerHa":46.72,"renderClass":"30-60"},"geometry":{"type":"MultiPolygon","coordinates":[[[[4.335585680945204,50.77237165187998],[4.33544958203916,50.77349146783807],[4.337217173787593,50.77357834872501],[4.3373532306575155,50.772458530373235],[4.335585680945204,50.77237165187998]]]]}},{"type":"Feature","id":"3921875-3089000-125","properties":{"cellId":"3921875-3089000-125","municipality":"Linkebeek","population":50,"sideM":125,"areaKm2":0.015625,"densityPerHa":32,"renderClass":"30-60"},"geometry":{"type":"MultiPolygon","coordinates":[[[[4.33544958203916,50.77349146783807],[4.335313475022225,50.77461128326148],[4.337081108809249,50.77469816654221],[4.337217173787593,50.77357834872501],[4.33544958203916,50.77349146783807]]]]}},{"type":"Feature","id":"3922000-3085250-125","properties":{"cellId":"3922000-3085250-125","municipality":"Sint-Genesius-Rode","population":78,"sideM":125,"areaKm2":0.015625,"densityPerHa":49.92,"renderClass":"30-60"},"geometry":{"type":"MultiPolygon","coordinates":[[[[4.342925913539152,50.74119018362969],[4.343061693601601,50.7400703473483],[4.341295355841584,50.73998356523958],[4.341159533814066,50.74110339913229],[4.342925913539152,50.74119018362969]]]]}},{"type":"Feature","id":"3922000-3085375-125","properties":{"cellId":"3922000-3085375-125","municipality":"Sint-Genesius-Rode","population":50,"sideM":125,"areaKm2":0.015625,"densityPerHa":32,"renderClass":"30-60"},"geometry":{"type":"MultiPolygon","coordinates":[[[[4.342790125390856,50.74231001937408],[4.342925913539152,50.74119018362969],[4.341159533814066,50.74110339913229],[4.341023703698237,50.74222323248785],[4.342790125390856,50.74231001937408]]]]}},{"type":"Feature","id":"3922000-3085500-125","properties":{"cellId":"3922000-3085500-125","municipality":"Sint-Genesius-Rode","population":122,"sideM":125,"areaKm2":0.015625,"densityPerHa":78.08,"renderClass":"60-100"},"geometry":{"type":"MultiPolygon","coordinates":[[[[4.342654329156022,50.74342985458155],[4.342790125390856,50.74231001937408],[4.341023703698237,50.74222323248785],[4.340887865493402,50.743343065306355],[4.342654329156022,50.74342985458155]]]]}},{"type":"Feature","id":"3922000-3085625-125","properties":{"cellId":"3922000-3085625-125","municipality":"Sint-Genesius-Rode","population":80,"sideM":125,"areaKm2":0.015625,"densityPerHa":51.2,"renderClass":"30-60"},"geometry":{"type":"MultiPolygon","coordinates":[[[[4.342518524833962,50.74454968925219],[4.342654329156022,50.74342985458155],[4.340887865493402,50.743343065306355],[4.340752019198876,50.74446289758788],[4.342518524833962,50.74454968925219]]]]}},{"type":"Feature","id":"3922125-3085250-125","properties":{"cellId":"3922125-3085250-125","municipality":"Sint-Genesius-Rode","population":13,"sideM":125,"areaKm2":0.015625,"densityPerHa":8.32,"renderClass":"5-15"},"geometry":{"type":"MultiPolygon","coordinates":[[[[4.342925913539152,50.74119018362969],[4.3446922992837385,50.74127694109385],[4.344828037380573,50.74015710242451],[4.343061693601601,50.7400703473483],[4.342925913539152,50.74119018362969]]]]}},{"type":"Feature","id":"3922125-3085375-125","properties":{"cellId":"3922125-3085375-125","municipality":"Sint-Genesius-Rode","population":53,"sideM":125,"areaKm2":0.015625,"densityPerHa":33.92,"renderClass":"30-60"},"geometry":{"type":"MultiPolygon","coordinates":[[[[4.342790125390856,50.74231001937408],[4.344556553103523,50.742396779226304],[4.3446922992837385,50.74127694109385],[4.342925913539152,50.74119018362969],[4.342790125390856,50.74231001937408]]]]}},{"type":"Feature","id":"3922125-3085500-125","properties":{"cellId":"3922125-3085500-125","municipality":"Sint-Genesius-Rode","population":22,"sideM":125,"areaKm2":0.015625,"densityPerHa":14.08,"renderClass":"5-15"},"geometry":{"type":"MultiPolygon","coordinates":[[[[4.342654329156022,50.74342985458155],[4.3444207988392405,50.743516616822],[4.344556553103523,50.742396779226304],[4.342790125390856,50.74231001937408],[4.342654329156022,50.74342985458155]]]]}},{"type":"Feature","id":"3922125-3085625-125","properties":{"cellId":"3922125-3085625-125","municipality":"Sint-Genesius-Rode","population":144,"sideM":125,"areaKm2":0.015625,"densityPerHa":92.16,"renderClass":"60-100"},"geometry":{"type":"MultiPolygon","coordinates":[[[[4.342518524833962,50.74454968925219],[4.344285036490189,50.74463645388102],[4.3444207988392405,50.743516616822],[4.342654329156022,50.74342985458155],[4.342518524833962,50.74454968925219]]]]}},{"type":"Feature","id":"3922250-3086500-125","properties":{"cellId":"3922250-3086500-125","municipality":"Beersel","population":22,"sideM":125,"areaKm2":0.015625,"densityPerHa":14.08,"renderClass":"5-15"},"geometry":{"type":"MultiPolygon","coordinates":[[[[4.3433344736153385,50.752475298274774],[4.345101285174861,50.7525620525856],[4.345237062145804,50.75144221689214],[4.343470292577111,50.751355464969976],[4.3433344736153385,50.752475298274774]]]]}},{"type":"Feature","id":"3922250-3086625-125","properties":{"cellId":"3922250-3086625-125","municipality":"Beersel","population":50,"sideM":125,"areaKm2":0.015625,"densityPerHa":32,"renderClass":"30-60"},"geometry":{"type":"MultiPolygon","coordinates":[[[[4.343198646563265,50.75359513104362],[4.344965500116085,50.753681887743255],[4.345101285174861,50.7525620525856],[4.3433344736153385,50.752475298274774],[4.343198646563265,50.75359513104362]]]]}},{"type":"Feature","id":"3922250-3088000-125","properties":{"cellId":"3922250-3088000-125","municipality":"Linkebeek","population":22,"sideM":125,"areaKm2":0.015625,"densityPerHa":14.08,"renderClass":"5-15"},"geometry":{"type":"MultiPolygon","coordinates":[[[[4.341839930923474,50.764793429273865],[4.341704014832339,50.76591325615305],[4.343471330474401,50.76600003913929],[4.343607204545073,50.76488020986969],[4.341839930923474,50.764793429273865]]]]}},{"type":"Feature","id":"3922250-3088125-125","properties":{"cellId":"3922250-3088125-125","municipality":"Linkebeek","population":27,"sideM":125,"areaKm2":0.015625,"densityPerHa":17.28,"renderClass":"15-30"},"geometry":{"type":"MultiPolygon","coordinates":[[[[4.341568090642584,50.767033082497356],[4.343335448307582,50.767119867874165],[4.343471330474401,50.76600003913929],[4.341704014832339,50.76591325615305],[4.341568090642584,50.767033082497356]]]]}},{"type":"Feature","id":"3922250-3088500-125","properties":{"cellId":"3922250-3088500-125","municipality":"Linkebeek","population":20,"sideM":125,"areaKm2":0.015625,"densityPerHa":12.8,"renderClass":"5-15"},"geometry":{"type":"MultiPolygon","coordinates":[[[[4.341160269474667,50.770392558321824],[4.3429277532232895,50.77047935087122],[4.343063659682719,50.76935952374003],[4.341296217964444,50.76927273358165],[4.341160269474667,50.770392558321824]]]]}},{"type":"Feature","id":"3922250-3088625-125","properties":{"cellId":"3922250-3088625-125","municipality":"Linkebeek","population":22,"sideM":125,"areaKm2":0.015625,"densityPerHa":14.08,"renderClass":"5-15"},"geometry":{"type":"MultiPolygon","coordinates":[[[[4.341024312883496,50.771512382527455],[4.342791838664936,50.77159917746801],[4.3429277532232895,50.77047935087122],[4.341160269474667,50.770392558321824],[4.341024312883496,50.771512382527455]]]]}},{"type":"Feature","id":"3922375-3086500-125","properties":{"cellId":"3922375-3086500-125","municipality":"Beersel","population":44,"sideM":125,"areaKm2":0.015625,"densityPerHa":28.16,"renderClass":"15-30"},"geometry":{"type":"MultiPolygon","coordinates":[[[[4.345101285174861,50.7525620525856],[4.3468681027556775,50.75264877985555],[4.347003837735242,50.75152894177415],[4.345237062145804,50.75144221689214],[4.345101285174861,50.7525620525856]]]]}},{"type":"Feature","id":"3922375-3086625-125","properties":{"cellId":"3922375-3086625-125","municipality":"Beersel","population":15,"sideM":125,"areaKm2":0.015625,"densityPerHa":9.6,"renderClass":"5-15"},"geometry":{"type":"MultiPolygon","coordinates":[[[[4.344965500116085,50.753681887743255],[4.346732359690745,50.753768617401285],[4.3468681027556775,50.75264877985555],[4.345101285174861,50.7525620525856],[4.344965500116085,50.753681887743255]]]]}},{"type":"Feature","id":"3922375-3088000-125","properties":{"cellId":"3922375-3088000-125","municipality":"Linkebeek","population":57,"sideM":125,"areaKm2":0.015625,"densityPerHa":36.48,"renderClass":"30-60"},"geometry":{"type":"MultiPolygon","coordinates":[[[[4.343607204545073,50.76488020986969],[4.343471330474401,50.76600003913929],[4.345238652144313,50.76608679507584],[4.345374484193977,50.76496696341654],[4.343607204545073,50.76488020986969]]]]}},{"type":"Feature","id":"3922375-3088125-125","properties":{"cellId":"3922375-3088125-125","municipality":"Linkebeek","population":38,"sideM":125,"areaKm2":0.015625,"densityPerHa":24.32,"renderClass":"15-30"},"geometry":{"type":"MultiPolygon","coordinates":[[[[4.343335448307582,50.767119867874165],[4.345102812000973,50.76720662620054],[4.345238652144313,50.76608679507584],[4.343471330474401,50.76600003913929],[4.343335448307582,50.767119867874165]]]]}},{"type":"Feature","id":"3922375-3088500-125","properties":{"cellId":"3922375-3088500-125","municipality":"Linkebeek","population":16,"sideM":125,"areaKm2":0.015625,"densityPerHa":10.24,"renderClass":"5-15"},"geometry":{"type":"MultiPolygon","coordinates":[[[[4.3429277532232895,50.77047935087122],[4.344695243001946,50.770566116367995],[4.344831107430482,50.76944628684652],[4.343063659682719,50.76935952374003],[4.3429277532232895,50.77047935087122]]]]}},{"type":"Feature","id":"3922375-3088625-125","properties":{"cellId":"3922375-3088625-125","municipality":"Linkebeek","population":38,"sideM":125,"areaKm2":0.015625,"densityPerHa":24.32,"renderClass":"15-30"},"geometry":{"type":"MultiPolygon","coordinates":[[[[4.342791838664936,50.77159917746801],[4.344559370476957,50.77168594535521],[4.344695243001946,50.770566116367995],[4.3429277532232895,50.77047935087122],[4.342791838664936,50.77159917746801]]]]}},{"type":"Feature","id":"3922500-3085250-125","properties":{"cellId":"3922500-3085250-125","municipality":"Sint-Genesius-Rode","population":112,"sideM":125,"areaKm2":0.015625,"densityPerHa":71.68,"renderClass":"60-100"},"geometry":{"type":"MultiPolygon","coordinates":[[[[4.348225088824086,50.7414503749218],[4.34999149261618,50.7415370512853],[4.350127104812898,50.74041720545658],[4.348360742988057,50.74033053147882],[4.348225088824086,50.7414503749218]]]]}},{"type":"Feature","id":"3922500-3085375-125","properties":{"cellId":"3922500-3085375-125","municipality":"Sint-Genesius-Rode","population":106,"sideM":125,"areaKm2":0.015625,"densityPerHa":67.84,"renderClass":"60-100"},"geometry":{"type":"MultiPolygon","coordinates":[[[[4.3480894265816685,50.742570217828224],[4.349855872343479,50.74265689657762],[4.34999149261618,50.7415370512853],[4.348225088824086,50.7414503749218],[4.3480894265816685,50.742570217828224]]]]}},{"type":"Feature","id":"3922500-3085500-125","properties":{"cellId":"3922500-3085500-125","municipality":"Sint-Genesius-Rode","population":91,"sideM":125,"areaKm2":0.015625,"densityPerHa":58.24,"renderClass":"30-60"},"geometry":{"type":"MultiPolygon","coordinates":[[[[4.347953756260112,50.743690060198176],[4.349720243994106,50.74377674133361],[4.349855872343479,50.74265689657762],[4.3480894265816685,50.742570217828224],[4.347953756260112,50.743690060198176]]]]}},{"type":"Feature","id":"3922500-3085625-125","properties":{"cellId":"3922500-3085625-125","municipality":"Sint-Genesius-Rode","population":60,"sideM":125,"areaKm2":0.015625,"densityPerHa":38.4,"renderClass":"30-60"},"geometry":{"type":"MultiPolygon","coordinates":[[[[4.347818077858727,50.744809902031754],[4.349584607567368,50.74489658555335],[4.349720243994106,50.74377674133361],[4.347953756260112,50.743690060198176],[4.347818077858727,50.744809902031754]]]]}},{"type":"Feature","id":"3922500-3086250-125","properties":{"cellId":"3922500-3086250-125","municipality":"Beersel","population":38,"sideM":125,"areaKm2":0.015625,"densityPerHa":24.32,"renderClass":"15-30"},"geometry":{"type":"MultiPolygon","coordinates":[[[[4.347139564630137,50.750409103157004],[4.348906304249034,50.75049579861167],[4.349041981072959,50.74937595707176],[4.347275283441049,50.749289264004],[4.347139564630137,50.750409103157004]]]]}},{"type":"Feature","id":"3922500-3086375-125","properties":{"cellId":"3922500-3086375-125","municipality":"Beersel","population":43,"sideM":125,"areaKm2":0.015625,"densityPerHa":27.52,"renderClass":"15-30"},"geometry":{"type":"MultiPolygon","coordinates":[[[[4.347003837735242,50.75152894177415],[4.348770619343595,50.75161563961586],[4.348906304249034,50.75049579861167],[4.347139564630137,50.750409103157004],[4.347003837735242,50.75152894177415]]]]}},{"type":"Feature","id":"3922500-3086500-125","properties":{"cellId":"3922500-3086500-125","municipality":"Beersel","population":55,"sideM":125,"areaKm2":0.015625,"densityPerHa":35.2,"renderClass":"30-60"},"geometry":{"type":"MultiPolygon","coordinates":[[[[4.3468681027556775,50.75264877985555],[4.348634926355949,50.75273548008444],[4.348770619343595,50.75161563961586],[4.347003837735242,50.75152894177415],[4.3468681027556775,50.75264877985555]]]]}},{"type":"Feature","id":"3922500-3086625-125","properties":{"cellId":"3922500-3086625-125","municipality":"Beersel","population":42,"sideM":125,"areaKm2":0.015625,"densityPerHa":26.88,"renderClass":"15-30"},"geometry":{"type":"MultiPolygon","coordinates":[[[[4.346732359690745,50.753768617401285],[4.3484992252854076,50.75385532001753],[4.348634926355949,50.75273548008444],[4.3468681027556775,50.75264877985555],[4.346732359690745,50.753768617401285]]]]}},{"type":"Feature","id":"3922625-3085250-125","properties":{"cellId":"3922625-3085250-125","municipality":"Sint-Genesius-Rode","population":35,"sideM":125,"areaKm2":0.015625,"densityPerHa":22.4,"renderClass":"15-30"},"geometry":{"type":"MultiPolygon","coordinates":[[[[4.34999149261618,50.7415370512853],[4.351757902420443,50.741623700614966],[4.351893472649369,50.74050385240124],[4.350127104812898,50.74041720545658],[4.34999149261618,50.7415370512853]]]]}},{"type":"Feature","id":"3922625-3085375-125","properties":{"cellId":"3922625-3085375-125","municipality":"Sint-Genesius-Rode","population":33,"sideM":125,"areaKm2":0.015625,"densityPerHa":21.12,"renderClass":"15-30"},"geometry":{"type":"MultiPolygon","coordinates":[[[[4.349855872343479,50.74265689657762],[4.351622324118005,50.74274354829243],[4.351757902420443,50.741623700614966],[4.34999149261618,50.7415370512853],[4.349855872343479,50.74265689657762]]]]}},{"type":"Feature","id":"3922625-3085500-125","properties":{"cellId":"3922625-3085500-125","municipality":"Sint-Genesius-Rode","population":60,"sideM":125,"areaKm2":0.015625,"densityPerHa":38.4,"renderClass":"30-60"},"geometry":{"type":"MultiPolygon","coordinates":[[[[4.349720243994106,50.74377674133361],[4.35148673774136,50.74386339543371],[4.351622324118005,50.74274354829243],[4.349855872343479,50.74265689657762],[4.349720243994106,50.74377674133361]]]]}},{"type":"Feature","id":"3922625-3085625-125","properties":{"cellId":"3922625-3085625-125","municipality":"Sint-Genesius-Rode","population":91,"sideM":125,"areaKm2":0.015625,"densityPerHa":58.24,"renderClass":"30-60"},"geometry":{"type":"MultiPolygon","coordinates":[[[[4.349584607567368,50.74489658555335],[4.351351143289816,50.7449832420389],[4.35148673774136,50.74386339543371],[4.349720243994106,50.74377674133361],[4.349584607567368,50.74489658555335]]]]}},{"type":"Feature","id":"3922625-3086250-125","properties":{"cellId":"3922625-3086250-125","municipality":"Beersel","population":18,"sideM":125,"areaKm2":0.015625,"densityPerHa":11.52,"renderClass":"5-15"},"geometry":{"type":"MultiPolygon","coordinates":[[[[4.348906304249034,50.75049579861167],[4.350673049884461,50.7505824670266],[4.350808684720857,50.74946262310053],[4.349041981072959,50.74937595707176],[4.348906304249034,50.75049579861167]]]]}},{"type":"Feature","id":"3922625-3086375-125","properties":{"cellId":"3922625-3086375-125","municipality":"Beersel","population":31,"sideM":125,"areaKm2":0.015625,"densityPerHa":19.84,"renderClass":"15-30"},"geometry":{"type":"MultiPolygon","coordinates":[[[[4.348770619343595,50.75161563961586],[4.35053740696902,50.75170231041713],[4.350673049884461,50.7505824670266],[4.348906304249034,50.75049579861167],[4.348770619343595,50.75161563961586]]]]}},{"type":"Feature","id":"3922625-3086500-125","properties":{"cellId":"3922625-3086500-125","municipality":"Beersel","population":26,"sideM":125,"areaKm2":0.015625,"densityPerHa":16.64,"renderClass":"15-30"},"geometry":{"type":"MultiPolygon","coordinates":[[[[4.348634926355949,50.75273548008444],[4.350401755973845,50.752822153272184],[4.35053740696902,50.75170231041713],[4.348770619343595,50.75161563961586],[4.348634926355949,50.75273548008444]]]]}},{"type":"Feature","id":"3922625-3086625-125","properties":{"cellId":"3922625-3086625-125","municipality":"Beersel","population":42,"sideM":125,"areaKm2":0.015625,"densityPerHa":26.88,"renderClass":"15-30"},"geometry":{"type":"MultiPolygon","coordinates":[[[[4.3484992252854076,50.75385532001753],[4.3502660968982365,50.753941995591866],[4.350401755973845,50.752822153272184],[4.348634926355949,50.75273548008444],[4.3484992252854076,50.75385532001753]]]]}},{"type":"Feature","id":"3922750-3082500-125","properties":{"cellId":"3922750-3082500-125","municipality":"Sint-Genesius-Rode","population":15,"sideM":125,"areaKm2":0.015625,"densityPerHa":9.6,"renderClass":"5-15"},"geometry":{"type":"MultiPolygon","coordinates":[[[[4.354738583698095,50.716986915875864],[4.35650407677859,50.71707348575133],[4.356639427650752,50.71595362333592],[4.354873976484393,50.715867055841535],[4.354738583698095,50.716986915875864]]]]}},{"type":"Feature","id":"3922750-3082625-125","properties":{"cellId":"3922750-3082625-125","municipality":"Sint-Genesius-Rode","population":26,"sideM":125,"areaKm2":0.015625,"densityPerHa":16.64,"renderClass":"15-30"},"geometry":{"type":"MultiPolygon","coordinates":[[[[4.354603182853466,50.718106775371965],[4.356368717850553,50.718193347628635],[4.35650407677859,50.71707348575133],[4.354738583698095,50.716986915875864],[4.354603182853466,50.718106775371965]]]]}},{"type":"Feature","id":"3922750-3085750-125","properties":{"cellId":"3922750-3085750-125","municipality":"Sint-Genesius-Rode","population":105,"sideM":125,"areaKm2":0.015625,"densityPerHa":67.2,"renderClass":"60-100"},"geometry":{"type":"MultiPolygon","coordinates":[[[[4.351215540762685,50.74610308810809],[4.352982124475309,50.74618971994229],[4.353117685024234,50.74506987148825],[4.351351143289816,50.7449832420389],[4.351215540762685,50.74610308810809]]]]}},{"type":"Feature","id":"3922750-3085875-125","properties":{"cellId":"3922750-3085875-125","municipality":"Sint-Genesius-Rode","population":39,"sideM":125,"areaKm2":0.015625,"densityPerHa":24.96,"renderClass":"15-30"},"geometry":{"type":"MultiPolygon","coordinates":[[[[4.352982124475309,50.74618971994229],[4.351215540762685,50.74610308810809],[4.351079930159276,50.747222933641346],[4.352846555852576,50.74730956786056],[4.352982124475309,50.74618971994229]]]]}},{"type":"Feature","id":"3922750-3086000-125","properties":{"cellId":"3922750-3086000-125","municipality":"Sint-Genesius-Rode","population":41,"sideM":125,"areaKm2":0.015625,"densityPerHa":26.24,"renderClass":"15-30"},"geometry":{"type":"MultiPolygon","coordinates":[[[[4.351079930159276,50.747222933641346],[4.3509443114789,50.74834277863881],[4.352710979155338,50.74842941524317],[4.352846555852576,50.74730956786056],[4.351079930159276,50.747222933641346]]]]}},{"type":"Feature","id":"3922750-3086125-125","properties":{"cellId":"3922750-3086125-125","municipality":"Sint-Genesius-Rode","population":22,"sideM":125,"areaKm2":0.015625,"densityPerHa":14.08,"renderClass":"5-15"},"geometry":{"type":"MultiPolygon","coordinates":[[[[4.350808684720857,50.74946262310053],[4.352575394382905,50.74954926209017],[4.352710979155338,50.74842941524317],[4.3509443114789,50.74834277863881],[4.350808684720857,50.74946262310053]]]]}},{"type":"Feature","id":"3922750-3086250-125","properties":{"cellId":"3922750-3086250-125","municipality":"Beersel","population":12,"sideM":125,"areaKm2":0.015625,"densityPerHa":7.68,"renderClass":"5-15"},"geometry":{"type":"MultiPolygon","coordinates":[[[[4.350673049884461,50.7505824670266],[4.352439801534586,50.750669108401674],[4.352575394382905,50.74954926209017],[4.350808684720857,50.74946262310053],[4.350673049884461,50.7505824670266]]]]}},{"type":"Feature","id":"3922750-3086375-125","properties":{"cellId":"3922750-3086375-125","municipality":"Beersel","population":42,"sideM":125,"areaKm2":0.015625,"densityPerHa":26.88,"renderClass":"15-30"},"geometry":{"type":"MultiPolygon","coordinates":[[[[4.35053740696902,50.75170231041713],[4.35230420060969,50.75178895417779],[4.352439801534586,50.750669108401674],[4.350673049884461,50.7505824670266],[4.35053740696902,50.75170231041713]]]]}},{"type":"Feature","id":"3922750-3086500-125","properties":{"cellId":"3922750-3086500-125","municipality":"Beersel","population":31,"sideM":125,"areaKm2":0.015625,"densityPerHa":19.84,"renderClass":"15-30"},"geometry":{"type":"MultiPolygon","coordinates":[[[[4.350401755973845,50.752822153272184],[4.3521685916075254,50.75290879941858],[4.35230420060969,50.75178895417779],[4.35053740696902,50.75170231041713],[4.350401755973845,50.752822153272184]]]]}},{"type":"Feature","id":"3922750-3086625-125","properties":{"cellId":"3922750-3086625-125","municipality":"Beersel","population":42,"sideM":125,"areaKm2":0.015625,"densityPerHa":26.88,"renderClass":"15-30"},"geometry":{"type":"MultiPolygon","coordinates":[[[[4.3502660968982365,50.753941995591866],[4.352032974527401,50.75402864412414],[4.3521685916075254,50.75290879941858],[4.350401755973845,50.752822153272184],[4.3502660968982365,50.753941995591866]]]]}},{"type":"Feature","id":"3922875-3082500-125","properties":{"cellId":"3922875-3082500-125","municipality":"Sint-Genesius-Rode","population":27,"sideM":125,"areaKm2":0.015625,"densityPerHa":17.28,"renderClass":"15-30"},"geometry":{"type":"MultiPolygon","coordinates":[[[[4.356639427650752,50.71595362333592],[4.35650407677859,50.71707348575133],[4.358269575855614,50.717160028608774],[4.358404884813104,50.716040163813055],[4.356639427650752,50.71595362333592]]]]}},{"type":"Feature","id":"3922875-3082625-125","properties":{"cellId":"3922875-3082625-125","municipality":"Sint-Genesius-Rode","population":30,"sideM":125,"areaKm2":0.015625,"densityPerHa":19.2,"renderClass":"15-30"},"geometry":{"type":"MultiPolygon","coordinates":[[[[4.35650407677859,50.71707348575133],[4.356368717850553,50.718193347628635],[4.358134258844717,50.71827989286653],[4.358269575855614,50.717160028608774],[4.35650407677859,50.71707348575133]]]]}},{"type":"Feature","id":"3922875-3085125-125","properties":{"cellId":"3922875-3085125-125","municipality":"Sint-Genesius-Rode","population":87,"sideM":125,"areaKm2":0.015625,"densityPerHa":55.68,"renderClass":"30-60"},"geometry":{"type":"MultiPolygon","coordinates":[[[[4.353795366685859,50.73947062117843],[4.353659846495631,50.74059047231264],[4.355426226349844,50.740677065190624],[4.355561704573657,50.73955721167303],[4.353795366685859,50.73947062117843]]]]}},{"type":"Feature","id":"3922875-3085750-125","properties":{"cellId":"3922875-3085750-125","municipality":"Sint-Genesius-Rode","population":23,"sideM":125,"areaKm2":0.015625,"densityPerHa":14.72,"renderClass":"5-15"},"geometry":{"type":"MultiPolygon","coordinates":[[[[4.353117685024234,50.74506987148825],[4.352982124475309,50.74618971994229],[4.3547487141986165,50.74627632473941],[4.3548842327687876,50.745156473901254],[4.353117685024234,50.74506987148825]]]]}},{"type":"Feature","id":"3922875-3085875-125","properties":{"cellId":"3922875-3085875-125","municipality":"Sint-Genesius-Rode","population":72,"sideM":125,"areaKm2":0.015625,"densityPerHa":46.08,"renderClass":"30-60"},"geometry":{"type":"MultiPolygon","coordinates":[[[[4.352982124475309,50.74618971994229],[4.352846555852576,50.74730956786056],[4.354613187557098,50.74739617504196],[4.3547487141986165,50.74627632473941],[4.352982124475309,50.74618971994229]]]]}},{"type":"Feature","id":"3922875-3086000-125","properties":{"cellId":"3922875-3086000-125","municipality":"Sint-Genesius-Rode","population":56,"sideM":125,"areaKm2":0.015625,"densityPerHa":35.84,"renderClass":"30-60"},"geometry":{"type":"MultiPolygon","coordinates":[[[[4.352846555852576,50.74730956786056],[4.352710979155338,50.74842941524317],[4.3544776528435465,50.748516024808964],[4.354613187557098,50.74739617504196],[4.352846555852576,50.74730956786056]]]]}},{"type":"Feature","id":"3922875-3086125-125","properties":{"cellId":"3922875-3086125-125","municipality":"Sint-Genesius-Rode","population":76,"sideM":125,"areaKm2":0.015625,"densityPerHa":48.64,"renderClass":"30-60"},"geometry":{"type":"MultiPolygon","coordinates":[[[[4.352710979155338,50.74842941524317],[4.352575394382905,50.74954926209017],[4.354342110057268,50.74963587404054],[4.3544776528435465,50.748516024808964],[4.352710979155338,50.74842941524317]]]]}},{"type":"Feature","id":"3922875-3086250-125","properties":{"cellId":"3922875-3086250-125","municipality":"Beersel","population":52,"sideM":125,"areaKm2":0.015625,"densityPerHa":33.28,"renderClass":"30-60"},"geometry":{"type":"MultiPolygon","coordinates":[[[[4.352575394382905,50.74954926209017],[4.352439801534586,50.750669108401674],[4.354206559197571,50.75075572273676],[4.354342110057268,50.74963587404054],[4.352575394382905,50.74954926209017]]]]}},{"type":"Feature","id":"3922875-3086375-125","properties":{"cellId":"3922875-3086375-125","municipality":"Beersel","population":30,"sideM":125,"areaKm2":0.015625,"densityPerHa":19.2,"renderClass":"15-30"},"geometry":{"type":"MultiPolygon","coordinates":[[[[4.352439801534586,50.750669108401674],[4.35230420060969,50.75178895417779],[4.354071000263765,50.75187557089771],[4.354206559197571,50.75075572273676],[4.352439801534586,50.750669108401674]]]]}},{"type":"Feature","id":"3922875-3086500-125","properties":{"cellId":"3922875-3086500-125","municipality":"Beersel","population":59,"sideM":125,"areaKm2":0.015625,"densityPerHa":37.76,"renderClass":"30-60"},"geometry":{"type":"MultiPolygon","coordinates":[[[[4.35230420060969,50.75178895417779],[4.3521685916075254,50.75290879941858],[4.353935433255159,50.752995418523504],[4.354071000263765,50.75187557089771],[4.35230420060969,50.75178895417779]]]]}},{"type":"Feature","id":"3922875-3086625-125","properties":{"cellId":"3922875-3086625-125","municipality":"Beersel","population":35,"sideM":125,"areaKm2":0.015625,"densityPerHa":22.4,"renderClass":"15-30"},"geometry":{"type":"MultiPolygon","coordinates":[[[[4.3521685916075254,50.75290879941858],[4.352032974527401,50.75402864412414],[4.353799858171062,50.75411526561421],[4.353935433255159,50.752995418523504],[4.3521685916075254,50.75290879941858]]]]}},{"type":"Feature","id":"3923000-3082500-125","properties":{"cellId":"3923000-3082500-125","municipality":"Sint-Genesius-Rode","population":30,"sideM":125,"areaKm2":0.015625,"densityPerHa":19.2,"renderClass":"15-30"},"geometry":{"type":"MultiPolygon","coordinates":[[[[4.360035080927342,50.717246544448045],[4.360170347969615,50.71612667727271],[4.358404884813104,50.716040163813055],[4.358269575855614,50.717160028608774],[4.360035080927342,50.717246544448045]]]]}},{"type":"Feature","id":"3923000-3082625-125","properties":{"cellId":"3923000-3082625-125","municipality":"Sint-Genesius-Rode","population":25,"sideM":125,"areaKm2":0.015625,"densityPerHa":16,"renderClass":"15-30"},"geometry":{"type":"MultiPolygon","coordinates":[[[[4.359899805834126,50.71836641108556],[4.360035080927342,50.717246544448045],[4.358269575855614,50.717160028608774],[4.358134258844717,50.71827989286653],[4.359899805834126,50.71836641108556]]]]}},{"type":"Feature","id":"3923000-3085000-125","properties":{"cellId":"3923000-3085000-125","municipality":"Sint-Genesius-Rode","population":95,"sideM":125,"areaKm2":0.015625,"densityPerHa":60.8,"renderClass":"60-100"},"geometry":{"type":"MultiPolygon","coordinates":[[[[4.355697174730268,50.73843735761927],[4.355561704573657,50.73955721167303],[4.357328048467034,50.739643775134816],[4.357463476659149,50.738523918698526],[4.355697174730268,50.73843735761927]]]]}},{"type":"Feature","id":"3923000-3085125-125","properties":{"cellId":"3923000-3085125-125","municipality":"Sint-Genesius-Rode","population":42,"sideM":125,"areaKm2":0.015625,"densityPerHa":26.88,"renderClass":"15-30"},"geometry":{"type":"MultiPolygon","coordinates":[[[[4.357192612210185,50.74076363103505],[4.357328048467034,50.739643775134816],[4.355561704573657,50.73955721167303],[4.355426226349844,50.740677065190624],[4.357192612210185,50.74076363103505]]]]}},{"type":"Feature","id":"3923000-3085250-125","properties":{"cellId":"3923000-3085250-125","municipality":"Sint-Genesius-Rode","population":41,"sideM":125,"areaKm2":0.015625,"densityPerHa":26.24,"renderClass":"15-30"},"geometry":{"type":"MultiPolygon","coordinates":[[[[4.357057167887912,50.74188348639939],[4.357192612210185,50.74076363103505],[4.355426226349844,50.740677065190624],[4.355290740058145,50.741796918172156],[4.357057167887912,50.74188348639939]]]]}},{"type":"Feature","id":"3923000-3085375-125","properties":{"cellId":"3923000-3085375-125","municipality":"Sint-Genesius-Rode","population":88,"sideM":125,"areaKm2":0.015625,"densityPerHa":56.32,"renderClass":"30-60"},"geometry":{"type":"MultiPolygon","coordinates":[[[[4.356921715499526,50.743003341227904],[4.357057167887912,50.74188348639939],[4.355290740058145,50.741796918172156],[4.35515524569786,50.74291677061771],[4.356921715499526,50.743003341227904]]]]}},{"type":"Feature","id":"3923000-3085625-125","properties":{"cellId":"3923000-3085625-125","municipality":"Sint-Genesius-Rode","population":54,"sideM":125,"areaKm2":0.015625,"densityPerHa":34.56,"renderClass":"30-60"},"geometry":{"type":"MultiPolygon","coordinates":[[[[4.356650786521643,50.745243049277775],[4.356786255044331,50.74412319552066],[4.355019743268306,50.744036622527375],[4.3548842327687876,50.745156473901254],[4.356650786521643,50.745243049277775]]]]}},{"type":"Feature","id":"3923000-3085750-125","properties":{"cellId":"3923000-3085750-125","municipality":"Sint-Genesius-Rode","population":36,"sideM":125,"areaKm2":0.015625,"densityPerHa":23.04,"renderClass":"15-30"},"geometry":{"type":"MultiPolygon","coordinates":[[[[4.356515309930766,50.746362902499314],[4.356650786521643,50.745243049277775],[4.3548842327687876,50.745156473901254],[4.3547487141986165,50.74627632473941],[4.356515309930766,50.746362902499314]]]]}},{"type":"Feature","id":"3923000-3085875-125","properties":{"cellId":"3923000-3085875-125","municipality":"Sint-Genesius-Rode","population":34,"sideM":125,"areaKm2":0.015625,"densityPerHa":21.76,"renderClass":"15-30"},"geometry":{"type":"MultiPolygon","coordinates":[[[[4.356515309930766,50.746362902499314],[4.3547487141986165,50.74627632473941],[4.354613187557098,50.74739617504196],[4.356379825271012,50.747482755185395],[4.356515309930766,50.746362902499314]]]]}},{"type":"Feature","id":"3923000-3086250-125","properties":{"cellId":"3923000-3086250-125","municipality":"Sint-Genesius-Rode","population":16,"sideM":125,"areaKm2":0.015625,"densityPerHa":10.24,"renderClass":"5-15"},"geometry":{"type":"MultiPolygon","coordinates":[[[[4.355973322871581,50.75084231003166],[4.356108831742112,50.749722458951474],[4.354342110057268,50.74963587404054],[4.354206559197571,50.75075572273676],[4.355973322871581,50.75084231003166]]]]}},{"type":"Feature","id":"3923000-3086375-125","properties":{"cellId":"3923000-3086375-125","municipality":"Sint-Genesius-Rode","population":43,"sideM":125,"areaKm2":0.015625,"densityPerHa":27.52,"renderClass":"15-30"},"geometry":{"type":"MultiPolygon","coordinates":[[[[4.3558378059294105,50.75196216057674],[4.355973322871581,50.75084231003166],[4.354206559197571,50.75075572273676],[4.354071000263765,50.75187557089771],[4.3558378059294105,50.75196216057674]]]]}},{"type":"Feature","id":"3923000-3086500-125","properties":{"cellId":"3923000-3086500-125","municipality":"Sint-Genesius-Rode","population":56,"sideM":125,"areaKm2":0.015625,"densityPerHa":35.84,"renderClass":"30-60"},"geometry":{"type":"MultiPolygon","coordinates":[[[[4.355702280914907,50.753082010586795],[4.3558378059294105,50.75196216057674],[4.354071000263765,50.75187557089771],[4.353935433255159,50.752995418523504],[4.355702280914907,50.753082010586795]]]]}},{"type":"Feature","id":"3923000-3086625-125","properties":{"cellId":"3923000-3086625-125","municipality":"Sint-Genesius-Rode","population":59,"sideM":125,"areaKm2":0.015625,"densityPerHa":37.76,"renderClass":"30-60"},"geometry":{"type":"MultiPolygon","coordinates":[[[[4.35556674782738,50.7542018600619],[4.355702280914907,50.753082010586795],[4.353935433255159,50.752995418523504],[4.353799858171062,50.75411526561421],[4.35556674782738,50.7542018600619]]]]}},{"type":"Feature","id":"3923000-3086750-125","properties":{"cellId":"3923000-3086750-125","municipality":"Sint-Genesius-Rode","population":35,"sideM":125,"areaKm2":0.015625,"densityPerHa":22.4,"renderClass":"15-30"},"geometry":{"type":"MultiPolygon","coordinates":[[[[4.355431206666141,50.755321709002175],[4.35556674782738,50.7542018600619],[4.353799858171062,50.75411526561421],[4.353664275010778,50.75523511216991],[4.355431206666141,50.755321709002175]]]]}},{"type":"Feature","id":"3923000-3086875-125","properties":{"cellId":"3923000-3086875-125","municipality":"Beersel","population":42,"sideM":125,"areaKm2":0.015625,"densityPerHa":26.88,"renderClass":"15-30"},"geometry":{"type":"MultiPolygon","coordinates":[[[[4.355431206666141,50.755321709002175],[4.353664275010778,50.75523511216991],[4.3535286837736225,50.756354958190734],[4.355295657430494,50.75644155740768],[4.355431206666141,50.755321709002175]]]]}},{"type":"Feature","id":"3923125-3082500-125","properties":{"cellId":"3923125-3082500-125","municipality":"Sint-Genesius-Rode","population":22,"sideM":125,"areaKm2":0.015625,"densityPerHa":14.08,"renderClass":"5-15"},"geometry":{"type":"MultiPolygon","coordinates":[[[[4.360035080927342,50.717246544448045],[4.361800591991949,50.71733303326901],[4.361935817118458,50.71621316371483],[4.360170347969615,50.71612667727271],[4.360035080927342,50.717246544448045]]]]}},{"type":"Feature","id":"3923125-3082625-125","properties":{"cellId":"3923125-3082625-125","municipality":"Sint-Genesius-Rode","population":30,"sideM":125,"areaKm2":0.015625,"densityPerHa":19.2,"renderClass":"15-30"},"geometry":{"type":"MultiPolygon","coordinates":[[[[4.359899805834126,50.71836641108556],[4.361665358816954,50.71845290228554],[4.361800591991949,50.71733303326901],[4.360035080927342,50.717246544448045],[4.359899805834126,50.71836641108556]]]]}},{"type":"Feature","id":"3923125-3085125-125","properties":{"cellId":"3923125-3085125-125","municipality":"Sint-Genesius-Rode","population":35,"sideM":125,"areaKm2":0.015625,"densityPerHa":22.4,"renderClass":"15-30"},"geometry":{"type":"MultiPolygon","coordinates":[[[[4.357192612210185,50.74076363103505],[4.358959004074817,50.74085016984578],[4.3590943983641575,50.739730311563605],[4.357328048467034,50.739643775134816],[4.357192612210185,50.74076363103505]]]]}},{"type":"Feature","id":"3923125-3085250-125","properties":{"cellId":"3923125-3085250-125","municipality":"Sint-Genesius-Rode","population":81,"sideM":125,"areaKm2":0.015625,"densityPerHa":51.84,"renderClass":"30-60"},"geometry":{"type":"MultiPolygon","coordinates":[[[[4.357057167887912,50.74188348639939],[4.358823601722516,50.741970027592195],[4.358959004074817,50.74085016984578],[4.357192612210185,50.74076363103505],[4.357057167887912,50.74188348639939]]]]}},{"type":"Feature","id":"3923125-3085625-125","properties":{"cellId":"3923125-3085625-125","municipality":"Sint-Genesius-Rode","population":56,"sideM":125,"areaKm2":0.015625,"densityPerHa":35.84,"renderClass":"30-60"},"geometry":{"type":"MultiPolygon","coordinates":[[[[4.356650786521643,50.745243049277775],[4.358417346280965,50.745329597617655],[4.358552772826281,50.74420974147803],[4.356786255044331,50.74412319552066],[4.356650786521643,50.745243049277775]]]]}},{"type":"Feature","id":"3923125-3085750-125","properties":{"cellId":"3923125-3085750-125","municipality":"Sint-Genesius-Rode","population":69,"sideM":125,"areaKm2":0.015625,"densityPerHa":44.16,"renderClass":"30-60"},"geometry":{"type":"MultiPolygon","coordinates":[[[[4.356515309930766,50.746362902499314],[4.3582819116699305,50.746449453221864],[4.358417346280965,50.745329597617655],[4.356650786521643,50.745243049277775],[4.356515309930766,50.746362902499314]]]]}},{"type":"Feature","id":"3923125-3085875-125","properties":{"cellId":"3923125-3085875-125","municipality":"Sint-Genesius-Rode","population":60,"sideM":125,"areaKm2":0.015625,"densityPerHa":38.4,"renderClass":"30-60"},"geometry":{"type":"MultiPolygon","coordinates":[[[[4.3582819116699305,50.746449453221864],[4.356515309930766,50.746362902499314],[4.356379825271012,50.747482755185395],[4.358146468992487,50.74756930829072],[4.3582819116699305,50.746449453221864]]]]}},{"type":"Feature","id":"3923125-3086250-125","properties":{"cellId":"3923125-3086250-125","municipality":"Sint-Genesius-Rode","population":34,"sideM":125,"areaKm2":0.015625,"densityPerHa":21.76,"renderClass":"15-30"},"geometry":{"type":"MultiPolygon","coordinates":[[[[4.355973322871581,50.75084231003166],[4.357740092554785,50.750928870286266],[4.3578755594356045,50.749809016822844],[4.356108831742112,50.749722458951474],[4.355973322871581,50.75084231003166]]]]}},{"type":"Feature","id":"3923125-3086375-125","properties":{"cellId":"3923125-3086375-125","municipality":"Sint-Genesius-Rode","population":27,"sideM":125,"areaKm2":0.015625,"densityPerHa":17.28,"renderClass":"15-30"},"geometry":{"type":"MultiPolygon","coordinates":[[[[4.3558378059294105,50.75196216057674],[4.357604617604793,50.752048723214735],[4.357740092554785,50.750928870286266],[4.355973322871581,50.75084231003166],[4.3558378059294105,50.75196216057674]]]]}},{"type":"Feature","id":"3923125-3086500-125","properties":{"cellId":"3923125-3086500-125","municipality":"Sint-Genesius-Rode","population":26,"sideM":125,"areaKm2":0.015625,"densityPerHa":16.64,"renderClass":"15-30"},"geometry":{"type":"MultiPolygon","coordinates":[[[[4.355702280914907,50.753082010586795],[4.357469134584936,50.75316857560829],[4.357604617604793,50.752048723214735],[4.3558378059294105,50.75196216057674],[4.355702280914907,50.753082010586795]]]]}},{"type":"Feature","id":"3923125-3086625-125","properties":{"cellId":"3923125-3086625-125","municipality":"Sint-Genesius-Rode","population":22,"sideM":125,"areaKm2":0.015625,"densityPerHa":14.08,"renderClass":"5-15"},"geometry":{"type":"MultiPolygon","coordinates":[[[[4.35556674782738,50.7542018600619],[4.357333643494528,50.75428842746708],[4.357469134584936,50.75316857560829],[4.355702280914907,50.753082010586795],[4.35556674782738,50.7542018600619]]]]}},{"type":"Feature","id":"3923125-3086750-125","properties":{"cellId":"3923125-3086750-125","municipality":"Sint-Genesius-Rode","population":40,"sideM":125,"areaKm2":0.015625,"densityPerHa":25.6,"renderClass":"15-30"},"geometry":{"type":"MultiPolygon","coordinates":[[[[4.355431206666141,50.755321709002175],[4.357198144332874,50.755408278791165],[4.357333643494528,50.75428842746708],[4.35556674782738,50.7542018600619],[4.355431206666141,50.755321709002175]]]]}},{"type":"Feature","id":"3923125-3086875-125","properties":{"cellId":"3923125-3086875-125","municipality":"Sint-Genesius-Rode","population":29,"sideM":125,"areaKm2":0.015625,"densityPerHa":18.56,"renderClass":"15-30"},"geometry":{"type":"MultiPolygon","coordinates":[[[[4.357198144332874,50.755408278791165],[4.355431206666141,50.755321709002175],[4.355295657430494,50.75644155740768],[4.357062637099281,50.756528129580644],[4.357198144332874,50.755408278791165]]]]}},{"type":"Feature","id":"3923250-3082500-125","properties":{"cellId":"3923250-3082500-125","municipality":"Sint-Genesius-Rode","population":27,"sideM":125,"areaKm2":0.015625,"densityPerHa":17.28,"renderClass":"15-30"},"geometry":{"type":"MultiPolygon","coordinates":[[[[4.361800591991949,50.71733303326901],[4.363566109047598,50.7174194950715],[4.363701292257805,50.71629962313921],[4.361935817118458,50.71621316371483],[4.361800591991949,50.71733303326901]]]]}},{"type":"Feature","id":"3923250-3082625-125","properties":{"cellId":"3923250-3082625-125","municipality":"Sint-Genesius-Rode","population":31,"sideM":125,"areaKm2":0.015625,"densityPerHa":19.84,"renderClass":"15-30"},"geometry":{"type":"MultiPolygon","coordinates":[[[[4.361665358816954,50.71845290228554],[4.363430917791371,50.7185393664663],[4.363566109047598,50.7174194950715],[4.361800591991949,50.71733303326901],[4.361665358816954,50.71845290228554]]]]}},{"type":"Feature","id":"3923250-3085000-125","properties":{"cellId":"3923250-3085000-125","municipality":"Sint-Genesius-Rode","population":123,"sideM":125,"areaKm2":0.015625,"densityPerHa":78.72,"renderClass":"60-100"},"geometry":{"type":"MultiPolygon","coordinates":[[[[4.359229784591232,50.73861045274556],[4.3590943983641575,50.739730311563605],[4.360860754263196,50.73981682095929],[4.360996098524683,50.7386969597602],[4.359229784591232,50.73861045274556]]]]}},{"type":"Feature","id":"3923250-3085125-125","properties":{"cellId":"3923250-3085125-125","municipality":"Sint-Genesius-Rode","population":84,"sideM":125,"areaKm2":0.015625,"densityPerHa":53.76,"renderClass":"30-60"},"geometry":{"type":"MultiPolygon","coordinates":[[[[4.358959004074817,50.74085016984578],[4.360725401941903,50.74093668162266],[4.360860754263196,50.73981682095929],[4.3590943983641575,50.739730311563605],[4.358959004074817,50.74085016984578]]]]}},{"type":"Feature","id":"3923250-3085375-125","properties":{"cellId":"3923250-3085375-125","municipality":"Sint-Genesius-Rode","population":32,"sideM":125,"areaKm2":0.015625,"densityPerHa":20.48,"renderClass":"15-30"},"geometry":{"type":"MultiPolygon","coordinates":[[[[4.3586881913065705,50.7430898848029],[4.3604546731171565,50.743176401342595],[4.360590041560122,50.742056541750394],[4.358823601722516,50.741970027592195],[4.3586881913065705,50.7430898848029]]]]}},{"type":"Feature","id":"3923250-3085500-125","properties":{"cellId":"3923250-3085500-125","municipality":"Sint-Genesius-Rode","population":49,"sideM":125,"areaKm2":0.015625,"densityPerHa":31.36,"renderClass":"30-60"},"geometry":{"type":"MultiPolygon","coordinates":[[[[4.358552772826281,50.74420974147803],[4.360319296612321,50.74429626039936],[4.3604546731171565,50.743176401342595],[4.3586881913065705,50.7430898848029],[4.358552772826281,50.74420974147803]]]]}},{"type":"Feature","id":"3923250-3085625-125","properties":{"cellId":"3923250-3085625-125","municipality":"Sint-Genesius-Rode","population":38,"sideM":125,"areaKm2":0.015625,"densityPerHa":24.32,"renderClass":"15-30"},"geometry":{"type":"MultiPolygon","coordinates":[[[[4.358417346280965,50.745329597617655],[4.3601839120449215,50.745416118920744],[4.360319296612321,50.74429626039936],[4.358552772826281,50.74420974147803],[4.358417346280965,50.745329597617655]]]]}},{"type":"Feature","id":"3923250-3086000-125","properties":{"cellId":"3923250-3086000-125","municipality":"Sint-Genesius-Rode","population":64,"sideM":125,"areaKm2":0.015625,"densityPerHa":40.96,"renderClass":"30-60"},"geometry":{"type":"MultiPolygon","coordinates":[[[[4.358146468992487,50.74756930829072],[4.3580110182479395,50.74868916282436],[4.359777709960453,50.748775691273636],[4.359913118719678,50.74765583435779],[4.358146468992487,50.74756930829072]]]]}},{"type":"Feature","id":"3923250-3086125-125","properties":{"cellId":"3923250-3086125-125","municipality":"Sint-Genesius-Rode","population":104,"sideM":125,"areaKm2":0.015625,"densityPerHa":66.56,"renderClass":"60-100"},"geometry":{"type":"MultiPolygon","coordinates":[[[[4.3578755594356045,50.749809016822844],[4.359642293135905,50.74989554765449],[4.359777709960453,50.748775691273636],[4.3580110182479395,50.74868916282436],[4.3578755594356045,50.749809016822844]]]]}},{"type":"Feature","id":"3923250-3086250-125","properties":{"cellId":"3923250-3086250-125","municipality":"Sint-Genesius-Rode","population":48,"sideM":125,"areaKm2":0.015625,"densityPerHa":30.72,"renderClass":"30-60"},"geometry":{"type":"MultiPolygon","coordinates":[[[[4.357740092554785,50.750928870286266],[4.359506868245343,50.751015403500425],[4.359642293135905,50.74989554765449],[4.3578755594356045,50.749809016822844],[4.357740092554785,50.750928870286266]]]]}},{"type":"Feature","id":"3923250-3086375-125","properties":{"cellId":"3923250-3086375-125","municipality":"Sint-Genesius-Rode","population":45,"sideM":125,"areaKm2":0.015625,"densityPerHa":28.8,"renderClass":"15-30"},"geometry":{"type":"MultiPolygon","coordinates":[[[[4.357604617604793,50.752048723214735],[4.359371435288075,50.75213525881153],[4.359506868245343,50.751015403500425],[4.357740092554785,50.750928870286266],[4.357604617604793,50.752048723214735]]]]}},{"type":"Feature","id":"3923250-3086750-125","properties":{"cellId":"3923250-3086750-125","municipality":"Sint-Genesius-Rode","population":15,"sideM":125,"areaKm2":0.015625,"densityPerHa":9.6,"renderClass":"5-15"},"geometry":{"type":"MultiPolygon","coordinates":[[[[4.357198144332874,50.755408278791165],[4.358965088009142,50.75549482153679],[4.359100545170665,50.75437496782963],[4.357333643494528,50.75428842746708],[4.357198144332874,50.755408278791165]]]]}},{"type":"Feature","id":"3923250-3086875-125","properties":{"cellId":"3923250-3086875-125","municipality":"Sint-Genesius-Rode","population":40,"sideM":125,"areaKm2":0.015625,"densityPerHa":25.6,"renderClass":"15-30"},"geometry":{"type":"MultiPolygon","coordinates":[[[[4.358965088009142,50.75549482153679],[4.357198144332874,50.755408278791165],[4.357062637099281,50.756528129580644],[4.358829622778147,50.75661467470949],[4.358965088009142,50.75549482153679]]]]}},{"type":"Feature","id":"3923375-3082500-125","properties":{"cellId":"3923375-3082500-125","municipality":"Sint-Genesius-Rode","population":46,"sideM":125,"areaKm2":0.015625,"densityPerHa":29.44,"renderClass":"15-30"},"geometry":{"type":"MultiPolygon","coordinates":[[[[4.363566109047598,50.7174194950715],[4.365331632092461,50.7175059298554],[4.365466773385823,50.7163860555457],[4.363701292257805,50.71629962313921],[4.363566109047598,50.7174194950715]]]]}},{"type":"Feature","id":"3923375-3082625-125","properties":{"cellId":"3923375-3082625-125","municipality":"Sint-Genesius-Rode","population":47,"sideM":125,"areaKm2":0.015625,"densityPerHa":30.08,"renderClass":"30-60"},"geometry":{"type":"MultiPolygon","coordinates":[[[[4.363430917791371,50.7185393664663],[4.365196482755543,50.71862580362775],[4.365331632092461,50.7175059298554],[4.363566109047598,50.7174194950715],[4.363430917791371,50.7185393664663]]]]}},{"type":"Feature","id":"3923375-3085000-125","properties":{"cellId":"3923375-3085000-125","municipality":"Sint-Genesius-Rode","population":45,"sideM":125,"areaKm2":0.015625,"densityPerHa":28.8,"renderClass":"15-30"},"geometry":{"type":"MultiPolygon","coordinates":[[[[4.360996098524683,50.7386969597602],[4.360860754263196,50.73981682095929],[4.362627116162311,50.739903303321704],[4.36276241845767,50.73878343974229],[4.360996098524683,50.7386969597602]]]]}},{"type":"Feature","id":"3923375-3085125-125","properties":{"cellId":"3923375-3085125-125","municipality":"Sint-Genesius-Rode","population":90,"sideM":125,"areaKm2":0.015625,"densityPerHa":57.6,"renderClass":"30-60"},"geometry":{"type":"MultiPolygon","coordinates":[[[[4.360725401941903,50.74093668162266],[4.362491805809615,50.74102316636553],[4.362627116162311,50.739903303321704],[4.360860754263196,50.73981682095929],[4.360725401941903,50.74093668162266]]]]}},{"type":"Feature","id":"3923375-3085500-125","properties":{"cellId":"3923375-3085500-125","municipality":"Sint-Genesius-Rode","population":33,"sideM":125,"areaKm2":0.015625,"densityPerHa":21.12,"renderClass":"15-30"},"geometry":{"type":"MultiPolygon","coordinates":[[[[4.360319296612321,50.74429626039936],[4.362085826400614,50.744382752284466],[4.3622211609294546,50.74326289084683],[4.3604546731171565,50.743176401342595],[4.360319296612321,50.74429626039936]]]]}},{"type":"Feature","id":"3923375-3085625-125","properties":{"cellId":"3923375-3085625-125","municipality":"Sint-Genesius-Rode","population":42,"sideM":125,"areaKm2":0.015625,"densityPerHa":26.88,"renderClass":"15-30"},"geometry":{"type":"MultiPolygon","coordinates":[[[[4.3601839120449215,50.745416118920744],[4.361950483811678,50.74550261318689],[4.362085826400614,50.744382752284466],[4.360319296612321,50.74429626039936],[4.3601839120449215,50.745416118920744]]]]}},{"type":"Feature","id":"3923375-3086000-125","properties":{"cellId":"3923375-3086000-125","municipality":"Sint-Genesius-Rode","population":71,"sideM":125,"areaKm2":0.015625,"densityPerHa":45.44,"renderClass":"30-60"},"geometry":{"type":"MultiPolygon","coordinates":[[[[4.359913118719678,50.74765583435779],[4.359777709960453,50.748775691273636],[4.361544407677401,50.74886219268379],[4.36167977445076,50.74774233338646],[4.359913118719678,50.74765583435779]]]]}},{"type":"Feature","id":"3923375-3086125-125","properties":{"cellId":"3923375-3086125-125","municipality":"Sint-Genesius-Rode","population":25,"sideM":125,"areaKm2":0.015625,"densityPerHa":16,"renderClass":"15-30"},"geometry":{"type":"MultiPolygon","coordinates":[[[[4.359642293135905,50.74989554765449],[4.361409032841183,50.74998205144627],[4.361544407677401,50.74886219268379],[4.359777709960453,50.748775691273636],[4.359642293135905,50.74989554765449]]]]}},{"type":"Feature","id":"3923375-3086250-125","properties":{"cellId":"3923375-3086250-125","municipality":"Sint-Genesius-Rode","population":44,"sideM":125,"areaKm2":0.015625,"densityPerHa":28.16,"renderClass":"15-30"},"geometry":{"type":"MultiPolygon","coordinates":[[[[4.359506868245343,50.751015403500425],[4.361273649941423,50.75110190967395],[4.361409032841183,50.74998205144627],[4.359642293135905,50.74989554765449],[4.359506868245343,50.751015403500425]]]]}},{"type":"Feature","id":"3923375-3086375-125","properties":{"cellId":"3923375-3086375-125","municipality":"Sint-Genesius-Rode","population":34,"sideM":125,"areaKm2":0.015625,"densityPerHa":21.76,"renderClass":"15-30"},"geometry":{"type":"MultiPolygon","coordinates":[[[[4.359371435288075,50.75213525881153],[4.361138258977423,50.75222176736697],[4.361273649941423,50.75110190967395],[4.359506868245343,50.751015403500425],[4.359371435288075,50.75213525881153]]]]}},{"type":"Feature","id":"3923375-3086750-125","properties":{"cellId":"3923375-3086750-125","municipality":"Sint-Genesius-Rode","population":14,"sideM":125,"areaKm2":0.015625,"densityPerHa":8.96,"renderClass":"5-15"},"geometry":{"type":"MultiPolygon","coordinates":[[[[4.358965088009142,50.75549482153679],[4.360732037693107,50.75558133723886],[4.360867452853959,50.75446148114933],[4.359100545170665,50.75437496782963],[4.358965088009142,50.75549482153679]]]]}},{"type":"Feature","id":"3923375-3086875-125","properties":{"cellId":"3923375-3086875-125","municipality":"Sint-Genesius-Rode","population":16,"sideM":125,"areaKm2":0.015625,"densityPerHa":10.24,"renderClass":"5-15"},"geometry":{"type":"MultiPolygon","coordinates":[[[[4.360732037693107,50.75558133723886],[4.358965088009142,50.75549482153679],[4.358829622778147,50.75661467470949],[4.360596614465257,50.75670119279409],[4.360732037693107,50.75558133723886]]]]}},{"type":"Feature","id":"3923500-3085000-125","properties":{"cellId":"3923500-3085000-125","municipality":"Sint-Genesius-Rode","population":20,"sideM":125,"areaKm2":0.015625,"densityPerHa":12.8,"renderClass":"5-15"},"geometry":{"type":"MultiPolygon","coordinates":[[[[4.36276241845767,50.73878343974229],[4.362627116162311,50.739903303321704],[4.364393484059672,50.7399897586507],[4.36452874438836,50.73886989269172],[4.36276241845767,50.73878343974229]]]]}},{"type":"Feature","id":"3923500-3085125-125","properties":{"cellId":"3923500-3085125-125","municipality":"Sint-Genesius-Rode","population":55,"sideM":125,"areaKm2":0.015625,"densityPerHa":35.2,"renderClass":"30-60"},"geometry":{"type":"MultiPolygon","coordinates":[[[[4.362491805809615,50.74102316636553],[4.364258215676115,50.74110962407425],[4.364393484059672,50.7399897586507],[4.362627116162311,50.739903303321704],[4.362491805809615,50.74102316636553]]]]}},{"type":"Feature","id":"3923500-3085250-125","properties":{"cellId":"3923500-3085250-125","municipality":"Sint-Genesius-Rode","population":46,"sideM":125,"areaKm2":0.015625,"densityPerHa":29.44,"renderClass":"15-30"},"geometry":{"type":"MultiPolygon","coordinates":[[[[4.362356487398892,50.74214302887386],[4.364122939236998,50.742229488962465],[4.364258215676115,50.74110962407425],[4.362491805809615,50.74102316636553],[4.362356487398892,50.74214302887386]]]]}},{"type":"Feature","id":"3923500-3085375-125","properties":{"cellId":"3923500-3085375-125","municipality":"Sint-Genesius-Rode","population":38,"sideM":125,"areaKm2":0.015625,"densityPerHa":24.32,"renderClass":"15-30"},"geometry":{"type":"MultiPolygon","coordinates":[[[[4.3622211609294546,50.74326289084683],[4.363987654741631,50.74334935331543],[4.364122939236998,50.742229488962465],[4.362356487398892,50.74214302887386],[4.3622211609294546,50.74326289084683]]]]}},{"type":"Feature","id":"3923500-3086250-125","properties":{"cellId":"3923500-3086250-125","municipality":"Sint-Genesius-Rode","population":33,"sideM":125,"areaKm2":0.015625,"densityPerHa":21.12,"renderClass":"15-30"},"geometry":{"type":"MultiPolygon","coordinates":[[[[4.361273649941423,50.75110190967395],[4.363040437641189,50.751188388806746],[4.363175778549604,50.75006852819801],[4.361409032841183,50.74998205144627],[4.361273649941423,50.75110190967395]]]]}},{"type":"Feature","id":"3923500-3086375-125","properties":{"cellId":"3923500-3086375-125","municipality":"Sint-Genesius-Rode","population":13,"sideM":125,"areaKm2":0.015625,"densityPerHa":8.32,"renderClass":"5-15"},"geometry":{"type":"MultiPolygon","coordinates":[[[[4.361138258977423,50.75222176736697],[4.362905088671003,50.752308248880944],[4.363040437641189,50.751188388806746],[4.361273649941423,50.75110190967395],[4.361138258977423,50.75222176736697]]]]}},{"type":"Feature","id":"3923500-3086500-125","properties":{"cellId":"3923500-3086500-125","municipality":"Sint-Genesius-Rode","population":18,"sideM":125,"areaKm2":0.015625,"densityPerHa":11.52,"renderClass":"5-15"},"geometry":{"type":"MultiPolygon","coordinates":[[[[4.3610028599485,50.7533416245254],[4.36276973163836,50.753428108420714],[4.362905088671003,50.752308248880944],[4.361138258977423,50.75222176736697],[4.3610028599485,50.7533416245254]]]]}},{"type":"Feature","id":"3923500-3086625-125","properties":{"cellId":"3923500-3086625-125","municipality":"Sint-Genesius-Rode","population":35,"sideM":125,"areaKm2":0.015625,"densityPerHa":22.4,"renderClass":"15-30"},"geometry":{"type":"MultiPolygon","coordinates":[[[[4.360867452853959,50.75446148114933],[4.3626343665425695,50.75454796742613],[4.36276973163836,50.753428108420714],[4.3610028599485,50.7533416245254],[4.360867452853959,50.75446148114933]]]]}},{"type":"Feature","id":"3923625-3085000-125","properties":{"cellId":"3923625-3085000-125","municipality":"Sint-Genesius-Rode","population":19,"sideM":125,"areaKm2":0.015625,"densityPerHa":12.16,"renderClass":"5-15"},"geometry":{"type":"MultiPolygon","coordinates":[[[[4.36452874438836,50.73886989269172],[4.364393484059672,50.7399897586507],[4.366159857953444,50.740076186946126],[4.366295076314915,50.7389563186083],[4.36452874438836,50.73886989269172]]]]}},{"type":"Feature","id":"3923625-3085125-125","properties":{"cellId":"3923625-3085125-125","municipality":"Sint-Genesius-Rode","population":29,"sideM":125,"areaKm2":0.015625,"densityPerHa":18.56,"renderClass":"15-30"},"geometry":{"type":"MultiPolygon","coordinates":[[[[4.364258215676115,50.74110962407425],[4.3660246315395685,50.74119605474867],[4.366159857953444,50.740076186946126],[4.364393484059672,50.7399897586507],[4.364258215676115,50.74110962407425]]]]}},{"type":"Feature","id":"3923625-3085250-125","properties":{"cellId":"3923625-3085250-125","municipality":"Sint-Genesius-Rode","population":46,"sideM":125,"areaKm2":0.015625,"densityPerHa":29.44,"renderClass":"15-30"},"geometry":{"type":"MultiPolygon","coordinates":[[[[4.364122939236998,50.742229488962465],[4.3658893970726,50.74231592201602],[4.3660246315395685,50.74119605474867],[4.364258215676115,50.74110962407425],[4.364122939236998,50.742229488962465]]]]}},{"type":"Feature","id":"3923625-3085375-125","properties":{"cellId":"3923625-3085375-125","municipality":"Sint-Genesius-Rode","population":45,"sideM":125,"areaKm2":0.015625,"densityPerHa":28.8,"renderClass":"15-30"},"geometry":{"type":"MultiPolygon","coordinates":[[[[4.363987654741631,50.74334935331543],[4.365754154551851,50.74343578874827],[4.3658893970726,50.74231592201602],[4.364122939236998,50.742229488962465],[4.363987654741631,50.74334935331543]]]]}},{"type":"Feature","id":"3923625-3086250-125","properties":{"cellId":"3923625-3086250-125","municipality":"Sint-Genesius-Rode","population":52,"sideM":125,"areaKm2":0.015625,"densityPerHa":33.28,"renderClass":"30-60"},"geometry":{"type":"MultiPolygon","coordinates":[[[[4.363040437641189,50.751188388806746],[4.364807231342802,50.751274840898624],[4.364942530259331,50.75015497790959],[4.363175778549604,50.75006852819801],[4.363040437641189,50.751188388806746]]]]}},{"type":"Feature","id":"3923625-3086375-125","properties":{"cellId":"3923625-3086375-125","municipality":"Sint-Genesius-Rode","population":33,"sideM":125,"areaKm2":0.015625,"densityPerHa":21.12,"renderClass":"15-30"},"geometry":{"type":"MultiPolygon","coordinates":[[[[4.362905088671003,50.752308248880944],[4.364671924366974,50.752394703353275],[4.364807231342802,50.751274840898624],[4.363040437641189,50.751188388806746],[4.362905088671003,50.752308248880944]]]]}},{"type":"Feature","id":"3923625-3086500-125","properties":{"cellId":"3923625-3086500-125","municipality":"Sint-Genesius-Rode","population":19,"sideM":125,"areaKm2":0.015625,"densityPerHa":12.16,"renderClass":"5-15"},"geometry":{"type":"MultiPolygon","coordinates":[[[[4.36276973163836,50.753428108420714],[4.364536609331159,50.753514565273626],[4.364671924366974,50.752394703353275],[4.362905088671003,50.752308248880944],[4.36276973163836,50.753428108420714]]]]}},{"type":"Feature","id":"3923625-3086625-125","properties":{"cellId":"3923625-3086625-125","municipality":"Sint-Genesius-Rode","population":29,"sideM":125,"areaKm2":0.015625,"densityPerHa":18.56,"renderClass":"15-30"},"geometry":{"type":"MultiPolygon","coordinates":[[[[4.3626343665425695,50.75454796742613],[4.364401286234663,50.75463442665977],[4.364536609331159,50.753514565273626],[4.36276973163836,50.753428108420714],[4.3626343665425695,50.75454796742613]]]]}},{"type":"Feature","id":"3923750-3085250-125","properties":{"cellId":"3923750-3085250-125","municipality":"Sint-Genesius-Rode","population":15,"sideM":125,"areaKm2":0.015625,"densityPerHa":9.6,"renderClass":"5-15"},"geometry":{"type":"MultiPolygon","coordinates":[[[[4.3658893970726,50.74231592201602],[4.367655860903868,50.742402328034395],[4.367791053398143,50.741282458388646],[4.3660246315395685,50.74119605474867],[4.3658893970726,50.74231592201602]]]]}},{"type":"Feature","id":"3923750-3085375-125","properties":{"cellId":"3923750-3085375-125","municipality":"Sint-Genesius-Rode","population":29,"sideM":125,"areaKm2":0.015625,"densityPerHa":18.56,"renderClass":"15-30"},"geometry":{"type":"MultiPolygon","coordinates":[[[[4.365754154551851,50.74343578874827],[4.367520660358279,50.7435221971452],[4.367655860903868,50.742402328034395],[4.3658893970726,50.74231592201602],[4.365754154551851,50.74343578874827]]]]}},{"type":"Feature","id":"3923750-3086000-125","properties":{"cellId":"3923750-3086000-125","municipality":"Sint-Genesius-Rode","population":58,"sideM":125,"areaKm2":0.015625,"densityPerHa":37.12,"renderClass":"30-60"},"geometry":{"type":"MultiPolygon","coordinates":[[[[4.36521310391725,50.74791525032801],[4.365077821117249,50.749035114386075],[4.366844536836484,50.749121534677926],[4.3669797776489885,50.74800166824057],[4.36521310391725,50.74791525032801]]]]}},{"type":"Feature","id":"3923750-3086125-125","properties":{"cellId":"3923750-3086125-125","municipality":"Sint-Genesius-Rode","population":48,"sideM":125,"areaKm2":0.015625,"densityPerHa":30.72,"renderClass":"30-60"},"geometry":{"type":"MultiPolygon","coordinates":[[[[4.364942530259331,50.75015497790959],[4.366709287968527,50.75024140058087],[4.366844536836484,50.749121534677926],[4.365077821117249,50.749035114386075],[4.364942530259331,50.75015497790959]]]]}},{"type":"Feature","id":"3923750-3086250-125","properties":{"cellId":"3923750-3086250-125","municipality":"Sint-Genesius-Rode","population":28,"sideM":125,"areaKm2":0.015625,"densityPerHa":17.92,"renderClass":"15-30"},"geometry":{"type":"MultiPolygon","coordinates":[[[[4.364807231342802,50.751274840898624],[4.366574031044435,50.75136126594946],[4.366709287968527,50.75024140058087],[4.364942530259331,50.75015497790959],[4.364807231342802,50.751274840898624]]]]}},{"type":"Feature","id":"3923750-3086375-125","properties":{"cellId":"3923750-3086375-125","municipality":"Sint-Genesius-Rode","population":39,"sideM":125,"areaKm2":0.015625,"densityPerHa":24.96,"renderClass":"15-30"},"geometry":{"type":"MultiPolygon","coordinates":[[[[4.364671924366974,50.752394703353275],[4.366438766063508,50.75248113078382],[4.366574031044435,50.75136126594946],[4.364807231342802,50.751274840898624],[4.364671924366974,50.752394703353275]]]]}},{"type":"Feature","id":"3923750-3086750-125","properties":{"cellId":"3923750-3086750-125","municipality":"Sint-Genesius-Rode","population":23,"sideM":125,"areaKm2":0.015625,"densityPerHa":14.72,"renderClass":"5-15"},"geometry":{"type":"MultiPolygon","coordinates":[[[[4.364265955076796,50.75575428751181],[4.366032922772848,50.75584072208237],[4.366168211928404,50.754720858850185],[4.364401286234663,50.75463442665977],[4.364265955076796,50.75575428751181]]]]}},{"type":"Feature","id":"3923750-3086875-125","properties":{"cellId":"3923750-3086875-125","municipality":"Sint-Genesius-Rode","population":11,"sideM":125,"areaKm2":0.015625,"densityPerHa":7.04,"renderClass":"5-15"},"geometry":{"type":"MultiPolygon","coordinates":[[[[4.366032922772848,50.75584072208237],[4.364265955076796,50.75575428751181],[4.364130615856872,50.75687414782981],[4.365897625557698,50.756960584780686],[4.366032922772848,50.75584072208237]]]]}},{"type":"Feature","id":"3923875-3085250-125","properties":{"cellId":"3923875-3085250-125","municipality":"Sint-Genesius-Rode","population":83,"sideM":125,"areaKm2":0.015625,"densityPerHa":53.12,"renderClass":"30-60"},"geometry":{"type":"MultiPolygon","coordinates":[[[[4.367791053398143,50.741282458388646],[4.367655860903868,50.742402328034395],[4.36942233072897,50.74248870701745],[4.36955748125001,50.741368834994034],[4.367791053398143,50.741282458388646]]]]}},{"type":"Feature","id":"3923875-3085375-125","properties":{"cellId":"3923875-3085375-125","municipality":"Sint-Genesius-Rode","population":46,"sideM":125,"areaKm2":0.015625,"densityPerHa":29.44,"renderClass":"15-30"},"geometry":{"type":"MultiPolygon","coordinates":[[[[4.367655860903868,50.742402328034395],[4.367520660358279,50.7435221971452],[4.369287172159082,50.74360857850606],[4.36942233072897,50.74248870701745],[4.367655860903868,50.742402328034395]]]]}},{"type":"Feature","id":"3923875-3086000-125","properties":{"cellId":"3923875-3086000-125","municipality":"Sint-Genesius-Rode","population":22,"sideM":125,"areaKm2":0.015625,"densityPerHa":14.08,"renderClass":"5-15"},"geometry":{"type":"MultiPolygon","coordinates":[[[[4.3669797776489885,50.74800166824057],[4.366844536836484,50.749121534677926],[4.368611258552811,50.74920792793005],[4.368746457377272,50.74808805911417],[4.3669797776489885,50.74800166824057]]]]}},{"type":"Feature","id":"3923875-3086125-125","properties":{"cellId":"3923875-3086125-125","municipality":"Sint-Genesius-Rode","population":80,"sideM":125,"areaKm2":0.015625,"densityPerHa":51.2,"renderClass":"30-60"},"geometry":{"type":"MultiPolygon","coordinates":[[[[4.366844536836484,50.749121534677926],[4.366709287968527,50.75024140058087],[4.368476051675364,50.750327796211664],[4.368611258552811,50.74920792793005],[4.366844536836484,50.749121534677926]]]]}},{"type":"Feature","id":"3923875-3086250-125","properties":{"cellId":"3923875-3086250-125","municipality":"Sint-Genesius-Rode","population":29,"sideM":125,"areaKm2":0.015625,"densityPerHa":18.56,"renderClass":"15-30"},"geometry":{"type":"MultiPolygon","coordinates":[[[[4.366709287968527,50.75024140058087],[4.366574031044435,50.75136126594946],[4.368340836744245,50.75144766395911],[4.368476051675364,50.750327796211664],[4.366709287968527,50.75024140058087]]]]}},{"type":"Feature","id":"3923875-3086375-125","properties":{"cellId":"3923875-3086375-125","municipality":"Sint-Genesius-Rode","population":37,"sideM":125,"areaKm2":0.015625,"densityPerHa":23.68,"renderClass":"15-30"},"geometry":{"type":"MultiPolygon","coordinates":[[[[4.366574031044435,50.75136126594946],[4.366438766063508,50.75248113078382],[4.3682056137587635,50.75256753117245],[4.368340836744245,50.75144766395911],[4.366574031044435,50.75136126594946]]]]}},{"type":"Feature","id":"3923875-3086750-125","properties":{"cellId":"3923875-3086750-125","municipality":"Sint-Genesius-Rode","population":15,"sideM":125,"areaKm2":0.015625,"densityPerHa":9.6,"renderClass":"5-15"},"geometry":{"type":"MultiPolygon","coordinates":[[[[4.366168211928404,50.754720858850185],[4.366032922772848,50.75584072208237],[4.367799896469256,50.755927129608814],[4.367935143621959,50.75480726399721],[4.366168211928404,50.754720858850185]]]]}},{"type":"Feature","id":"3923875-3086875-125","properties":{"cellId":"3923875-3086875-125","municipality":"Sint-Genesius-Rode","population":34,"sideM":125,"areaKm2":0.015625,"densityPerHa":21.76,"renderClass":"15-30"},"geometry":{"type":"MultiPolygon","coordinates":[[[[4.366032922772848,50.75584072208237],[4.365897625557698,50.756960584780686],[4.367664641259427,50.757046994686675],[4.367799896469256,50.755927129608814],[4.366032922772848,50.75584072208237]]]]}},{"type":"Feature","id":"3924000-3085000-125","properties":{"cellId":"3924000-3085000-125","municipality":"Sint-Genesius-Rode","population":22,"sideM":125,"areaKm2":0.015625,"densityPerHa":14.08,"renderClass":"5-15"},"geometry":{"type":"MultiPolygon","coordinates":[[[[4.369827758148303,50.73912908934241],[4.369692623722889,50.74024896243572],[4.371459015594897,50.74033530962957],[4.371594108051465,50.739215434159604],[4.369827758148303,50.73912908934241]]]]}},{"type":"Feature","id":"3924000-3085125-125","properties":{"cellId":"3924000-3085125-125","municipality":"Sint-Genesius-Rode","population":45,"sideM":125,"areaKm2":0.015625,"densityPerHa":28.8,"renderClass":"15-30"},"geometry":{"type":"MultiPolygon","coordinates":[[[[4.371323915093329,50.74145518456468],[4.371459015594897,50.74033530962957],[4.369692623722889,50.74024896243572],[4.36955748125001,50.741368834994034],[4.371323915093329,50.74145518456468]]]]}},{"type":"Feature","id":"3924000-3086250-125","properties":{"cellId":"3924000-3086250-125","municipality":"Sint-Genesius-Rode","population":47,"sideM":125,"areaKm2":0.015625,"densityPerHa":30.08,"renderClass":"30-60"},"geometry":{"type":"MultiPolygon","coordinates":[[[[4.370107648440401,50.7515340349274],[4.370242821377997,50.75041416480187],[4.368476051675364,50.750327796211664],[4.368340836744245,50.75144766395911],[4.370107648440401,50.7515340349274]]]]}},{"type":"Feature","id":"3924000-3086375-125","properties":{"cellId":"3924000-3086375-125","municipality":"Sint-Genesius-Rode","population":35,"sideM":125,"areaKm2":0.015625,"densityPerHa":22.4,"renderClass":"15-30"},"geometry":{"type":"MultiPolygon","coordinates":[[[[4.369972467450908,50.75265390451897],[4.370107648440401,50.7515340349274],[4.368340836744245,50.75144766395911],[4.3682056137587635,50.75256753117245],[4.369972467450908,50.75265390451897]]]]}},{"type":"Feature","id":"3924000-3086500-125","properties":{"cellId":"3924000-3086500-125","municipality":"Sint-Genesius-Rode","population":23,"sideM":125,"areaKm2":0.015625,"densityPerHa":14.72,"renderClass":"5-15"},"geometry":{"type":"MultiPolygon","coordinates":[[[[4.369837278408835,50.75377377357671],[4.369972467450908,50.75265390451897],[4.3682056137587635,50.75256753117245],[4.368070382718232,50.753687397851785],[4.369837278408835,50.75377377357671]]]]}},{"type":"Feature","id":"3924000-3086625-125","properties":{"cellId":"3924000-3086625-125","municipality":"Sint-Genesius-Rode","population":37,"sideM":125,"areaKm2":0.015625,"densityPerHa":23.68,"renderClass":"15-30"},"geometry":{"type":"MultiPolygon","coordinates":[[[[4.3697020813134895,50.754893642100676],[4.369837278408835,50.75377377357671],[4.368070382718232,50.753687397851785],[4.367935143621959,50.75480726399721],[4.3697020813134895,50.754893642100676]]]]}},{"type":"Feature","id":"3924000-3086750-125","properties":{"cellId":"3924000-3086750-125","municipality":"Sint-Genesius-Rode","population":26,"sideM":125,"areaKm2":0.015625,"densityPerHa":16.64,"renderClass":"15-30"},"geometry":{"type":"MultiPolygon","coordinates":[[[[4.36956687616418,50.75601351009095],[4.3697020813134895,50.754893642100676],[4.367935143621959,50.75480726399721],[4.367799896469256,50.755927129608814],[4.36956687616418,50.75601351009095]]]]}},{"type":"Feature","id":"3924000-3086875-125","properties":{"cellId":"3924000-3086875-125","municipality":"Sint-Genesius-Rode","population":30,"sideM":125,"areaKm2":0.015625,"densityPerHa":19.2,"renderClass":"15-30"},"geometry":{"type":"MultiPolygon","coordinates":[[[[4.36956687616418,50.75601351009095],[4.367799896469256,50.755927129608814],[4.367664641259427,50.757046994686675],[4.369431662960218,50.757133377547646],[4.36956687616418,50.75601351009095]]]]}},{"type":"Feature","id":"3924125-3085000-125","properties":{"cellId":"3924125-3085000-125","municipality":"Sint-Genesius-Rode","population":35,"sideM":125,"areaKm2":0.015625,"densityPerHa":22.4,"renderClass":"15-30"},"geometry":{"type":"MultiPolygon","coordinates":[[[[4.371594108051465,50.739215434159604],[4.371459015594897,50.74033530962957],[4.373225413455983,50.740421629789275],[4.373360463943159,50.7393017519434],[4.371594108051465,50.739215434159604]]]]}},{"type":"Feature","id":"3924125-3085125-125","properties":{"cellId":"3924125-3085125-125","municipality":"Sint-Genesius-Rode","population":59,"sideM":125,"areaKm2":0.015625,"densityPerHa":37.76,"renderClass":"30-60"},"geometry":{"type":"MultiPolygon","coordinates":[[[[4.371323915093329,50.74145518456468],[4.373090354926267,50.74154150710042],[4.373225413455983,50.740421629789275],[4.371459015594897,50.74033530962957],[4.371323915093329,50.74145518456468]]]]}},{"type":"Feature","id":"3924125-3086250-125","properties":{"cellId":"3924125-3086250-125","municipality":"Sint-Genesius-Rode","population":25,"sideM":125,"areaKm2":0.015625,"densityPerHa":16,"renderClass":"15-30"},"geometry":{"type":"MultiPolygon","coordinates":[[[[4.370107648440401,50.7515340349274],[4.371874466131065,50.751620378854206],[4.372009597074598,50.7505005063513],[4.370242821377997,50.75041416480187],[4.370107648440401,50.7515340349274]]]]}},{"type":"Feature","id":"3924125-3086375-125","properties":{"cellId":"3924125-3086375-125","municipality":"Sint-Genesius-Rode","population":49,"sideM":125,"areaKm2":0.015625,"densityPerHa":31.36,"renderClass":"30-60"},"geometry":{"type":"MultiPolygon","coordinates":[[[[4.369972467450908,50.75265390451897],[4.3717393271381075,50.752740250823315],[4.371874466131065,50.751620378854206],[4.370107648440401,50.7515340349274],[4.369972467450908,50.75265390451897]]]]}},{"type":"Feature","id":"3924125-3086500-125","properties":{"cellId":"3924125-3086500-125","municipality":"Sint-Genesius-Rode","population":16,"sideM":125,"areaKm2":0.015625,"densityPerHa":10.24,"renderClass":"5-15"},"geometry":{"type":"MultiPolygon","coordinates":[[[[4.369837278408835,50.75377377357671],[4.371604180095035,50.753860122258686],[4.3717393271381075,50.752740250823315],[4.369972467450908,50.75265390451897],[4.369837278408835,50.75377377357671]]]]}},{"type":"Feature","id":"3924125-3086625-125","properties":{"cellId":"3924125-3086625-125","municipality":"Sint-Genesius-Rode","population":15,"sideM":125,"areaKm2":0.015625,"densityPerHa":9.6,"renderClass":"5-15"},"geometry":{"type":"MultiPolygon","coordinates":[[[[4.3697020813134895,50.754893642100676],[4.371469025001157,50.754979993160454],[4.371604180095035,50.753860122258686],[4.369837278408835,50.75377377357671],[4.3697020813134895,50.754893642100676]]]]}},{"type":"Feature","id":"3924125-3086750-125","properties":{"cellId":"3924125-3086750-125","municipality":"Sint-Genesius-Rode","population":22,"sideM":125,"areaKm2":0.015625,"densityPerHa":14.08,"renderClass":"5-15"},"geometry":{"type":"MultiPolygon","coordinates":[[[[4.36956687616418,50.75601351009095],[4.3713338618557875,50.75609986352867],[4.371469025001157,50.754979993160454],[4.3697020813134895,50.754893642100676],[4.36956687616418,50.75601351009095]]]]}},{"type":"Feature","id":"3924125-3086875-125","properties":{"cellId":"3924125-3086875-125","municipality":"Sint-Genesius-Rode","population":10,"sideM":125,"areaKm2":0.015625,"densityPerHa":6.4,"renderClass":"5-15"},"geometry":{"type":"MultiPolygon","coordinates":[[[[4.3713338618557875,50.75609986352867],[4.36956687616418,50.75601351009095],[4.369431662960218,50.757133377547646],[4.371198690658239,50.757219733363456],[4.3713338618557875,50.75609986352867]]]]}},{"type":"Feature","id":"3924250-3087000-125","properties":{"cellId":"3924250-3087000-125","municipality":"Sint-Genesius-Rode","population":26,"sideM":125,"areaKm2":0.015625,"densityPerHa":16.64,"renderClass":"15-30"},"geometry":{"type":"MultiPolygon","coordinates":[[[[4.371198690658239,50.757219733363456],[4.371063511407819,50.75833960266488],[4.372830587110651,50.7584259338129],[4.37296572435165,50.75730606213398],[4.371198690658239,50.757219733363456]]]]}},{"type":"Feature","id":"3924250-3087125-125","properties":{"cellId":"3924250-3087125-125","municipality":"Sint-Genesius-Rode","population":26,"sideM":125,"areaKm2":0.015625,"densityPerHa":16.64,"renderClass":"15-30"},"geometry":{"type":"MultiPolygon","coordinates":[[[[4.370928324103833,50.75945947143306],[4.372695441818561,50.75954580495873],[4.372830587110651,50.7584259338129],[4.371063511407819,50.75833960266488],[4.370928324103833,50.75945947143306]]]]}},{"type":"Feature","id":"3924250-3087250-125","properties":{"cellId":"3924250-3087250-125","municipality":"Sint-Genesius-Rode","population":32,"sideM":125,"areaKm2":0.015625,"densityPerHa":20.48,"renderClass":"15-30"},"geometry":{"type":"MultiPolygon","coordinates":[[[[4.370793128745599,50.76057933966804],[4.372560288474689,50.7606656755715],[4.372695441818561,50.75954580495873],[4.370928324103833,50.75945947143306],[4.370793128745599,50.76057933966804]]]]}},{"type":"Feature","id":"3924250-3087375-125","properties":{"cellId":"3924250-3087375-125","municipality":"Sint-Genesius-Rode","population":40,"sideM":125,"areaKm2":0.015625,"densityPerHa":25.6,"renderClass":"15-30"},"geometry":{"type":"MultiPolygon","coordinates":[[[[4.370657925332422,50.76169920736995],[4.372425127078346,50.76178554565135],[4.372560288474689,50.7606656755715],[4.370793128745599,50.76057933966804],[4.370657925332422,50.76169920736995]]]]}},{"type":"Feature","id":"3924375-3087000-125","properties":{"cellId":"3924375-3087000-125","municipality":"Sint-Genesius-Rode","population":15,"sideM":125,"areaKm2":0.015625,"densityPerHa":9.6,"renderClass":"5-15"},"geometry":{"type":"MultiPolygon","coordinates":[[[[4.37296572435165,50.75730606213398],[4.372830587110651,50.7584259338129],[4.374597668807585,50.758512237914715],[4.374732764038617,50.75739236385901],[4.37296572435165,50.75730606213398]]]]}},{"type":"Feature","id":"3924375-3087125-125","properties":{"cellId":"3924375-3087125-125","municipality":"Sint-Genesius-Rode","population":21,"sideM":125,"areaKm2":0.015625,"densityPerHa":13.44,"renderClass":"5-15"},"geometry":{"type":"MultiPolygon","coordinates":[[[[4.372695441818561,50.75954580495873],[4.3744625655279314,50.759632111437455],[4.374597668807585,50.758512237914715],[4.372830587110651,50.7584259338129],[4.372695441818561,50.75954580495873]]]]}},{"type":"Feature","id":"3924375-3087250-125","properties":{"cellId":"3924375-3087250-125","municipality":"Sint-Genesius-Rode","population":17,"sideM":125,"areaKm2":0.015625,"densityPerHa":10.88,"renderClass":"5-15"},"geometry":{"type":"MultiPolygon","coordinates":[[[[4.372560288474689,50.7606656755715],[4.374327454198967,50.7607519844273],[4.3744625655279314,50.759632111437455],[4.372695441818561,50.75954580495873],[4.372560288474689,50.7606656755715]]]]}},{"type":"Feature","id":"3924375-3087375-125","properties":{"cellId":"3924375-3087375-125","municipality":"Sint-Genesius-Rode","population":34,"sideM":125,"areaKm2":0.015625,"densityPerHa":21.76,"renderClass":"15-30"},"geometry":{"type":"MultiPolygon","coordinates":[[[[4.372425127078346,50.76178554565135],[4.374192334820003,50.76187185688436],[4.374327454198967,50.7607519844273],[4.372560288474689,50.7606656755715],[4.372425127078346,50.76178554565135]]]]}},{"type":"Feature","id":"3924500-3086500-125","properties":{"cellId":"3924500-3086500-125","municipality":"Sint-Genesius-Rode","population":28,"sideM":125,"areaKm2":0.015625,"densityPerHa":17.92,"renderClass":"15-30"},"geometry":{"type":"MultiPolygon","coordinates":[[[[4.375138001446881,50.75403273849315],[4.376904921108854,50.75411900604534],[4.37703994215166,50.75299912748139],[4.375273064490319,50.752912862304655],[4.375138001446881,50.75403273849315]]]]}},{"type":"Feature","id":"3924500-3086625-125","properties":{"cellId":"3924500-3086625-125","municipality":"Sint-Genesius-Rode","population":38,"sideM":125,"areaKm2":0.015625,"densityPerHa":24.32,"renderClass":"15-30"},"geometry":{"type":"MultiPolygon","coordinates":[[[[4.375002930357575,50.75515261414831],[4.376769892022649,50.75523888407612],[4.376904921108854,50.75411900604534],[4.375138001446881,50.75403273849315],[4.375002930357575,50.75515261414831]]]]}},{"type":"Feature","id":"3924500-3087250-125","properties":{"cellId":"3924500-3087250-125","municipality":"Sint-Genesius-Rode","population":24,"sideM":125,"areaKm2":0.015625,"densityPerHa":15.36,"renderClass":"15-30"},"geometry":{"type":"MultiPolygon","coordinates":[[[[4.374327454198967,50.7607519844273],[4.376094625916592,50.76083826623528],[4.376229695230107,50.7597183908691],[4.3744625655279314,50.759632111437455],[4.374327454198967,50.7607519844273]]]]}},{"type":"Feature","id":"3924500-3087375-125","properties":{"cellId":"3924500-3087375-125","municipality":"Sint-Genesius-Rode","population":20,"sideM":125,"areaKm2":0.015625,"densityPerHa":12.8,"renderClass":"5-15"},"geometry":{"type":"MultiPolygon","coordinates":[[[[4.374192334820003,50.76187185688436],[4.3759595485555485,50.76195814106881],[4.376094625916592,50.76083826623528],[4.374327454198967,50.7607519844273],[4.374192334820003,50.76187185688436]]]]}},{"type":"Feature","id":"3924625-3086500-125","properties":{"cellId":"3924625-3086500-125","municipality":"Sint-Genesius-Rode","population":23,"sideM":125,"areaKm2":0.015625,"densityPerHa":14.72,"renderClass":"5-15"},"geometry":{"type":"MultiPolygon","coordinates":[[[[4.376904921108854,50.75411900604534],[4.378671846759079,50.75420524655399],[4.378806825800713,50.75308536561531],[4.37703994215166,50.75299912748139],[4.376904921108854,50.75411900604534]]]]}},{"type":"Feature","id":"3924625-3086625-125","properties":{"cellId":"3924625-3086625-125","municipality":"Sint-Genesius-Rode","population":38,"sideM":125,"areaKm2":0.015625,"densityPerHa":24.32,"renderClass":"15-30"},"geometry":{"type":"MultiPolygon","coordinates":[[[[4.376769892022649,50.75523888407612],[4.378536859676522,50.755325126959626],[4.378671846759079,50.75420524655399],[4.376904921108854,50.75411900604534],[4.376769892022649,50.75523888407612]]]]}},{"type":"Feature","id":"3924625-3087250-125","properties":{"cellId":"3924625-3087250-125","municipality":"Sint-Genesius-Rode","population":18,"sideM":125,"areaKm2":0.015625,"densityPerHa":11.52,"renderClass":"5-15"},"geometry":{"type":"MultiPolygon","coordinates":[[[[4.376094625916592,50.76083826623528],[4.377861803625729,50.76092452099532],[4.37799683092325,50.759804643253524],[4.376229695230107,50.7597183908691],[4.376094625916592,50.76083826623528]]]]}},{"type":"Feature","id":"3924625-3087375-125","properties":{"cellId":"3924625-3087375-125","municipality":"Sint-Genesius-Rode","population":19,"sideM":125,"areaKm2":0.015625,"densityPerHa":12.16,"renderClass":"5-15"},"geometry":{"type":"MultiPolygon","coordinates":[[[[4.3759595485555485,50.76195814106881],[4.377726768283152,50.76204439820458],[4.377861803625729,50.76092452099532],[4.376094625916592,50.76083826623528],[4.3759595485555485,50.76195814106881]]]]}},{"type":"Feature","id":"3924750-3086250-125","properties":{"cellId":"3924750-3086250-125","municipality":"Sint-Genesius-Rode","population":28,"sideM":125,"areaKm2":0.015625,"densityPerHa":17.92,"renderClass":"15-30"},"geometry":{"type":"MultiPolygon","coordinates":[[[[4.378941796802112,50.75196548414351],[4.380708644437788,50.752051692860626],[4.380843565402857,50.750931808481916],[4.379076759763955,50.7508456021385],[4.378941796802112,50.75196548414351]]]]}},{"type":"Feature","id":"3924750-3086375-125","properties":{"cellId":"3924750-3086375-125","municipality":"Sint-Genesius-Rode","population":24,"sideM":125,"areaKm2":0.015625,"densityPerHa":15.36,"renderClass":"15-30"},"geometry":{"type":"MultiPolygon","coordinates":[[[[4.378806825800713,50.75308536561531],[4.380573715435642,50.75317157670627],[4.380708644437788,50.752051692860626],[4.378941796802112,50.75196548414351],[4.378806825800713,50.75308536561531]]]]}},{"type":"Feature","id":"3924750-3086500-125","properties":{"cellId":"3924750-3086500-125","municipality":"Sint-Genesius-Rode","population":34,"sideM":125,"areaKm2":0.015625,"densityPerHa":21.76,"renderClass":"15-30"},"geometry":{"type":"MultiPolygon","coordinates":[[[[4.378671846759079,50.75420524655399],[4.380438778395725,50.75429146001894],[4.380573715435642,50.75317157670627],[4.378806825800713,50.75308536561531],[4.378671846759079,50.75420524655399]]]]}},{"type":"Feature","id":"3924750-3086625-125","properties":{"cellId":"3924750-3086625-125","municipality":"Sint-Genesius-Rode","population":30,"sideM":125,"areaKm2":0.015625,"densityPerHa":19.2,"renderClass":"15-30"},"geometry":{"type":"MultiPolygon","coordinates":[[[[4.378536859676522,50.755325126959626],[4.380303833317352,50.75541134279869],[4.380438778395725,50.75429146001894],[4.378671846759079,50.75420524655399],[4.378536859676522,50.755325126959626]]]]}},{"type":"Feature","id":"3924750-3086750-125","properties":{"cellId":"3924750-3086750-125","municipality":"Sint-Genesius-Rode","population":37,"sideM":125,"areaKm2":0.015625,"densityPerHa":23.68,"renderClass":"15-30"},"geometry":{"type":"MultiPolygon","coordinates":[[[[4.378401864552347,50.756445006832294],[4.380168880199834,50.75653122504565],[4.380303833317352,50.75541134279869],[4.378536859676522,50.755325126959626],[4.378401864552347,50.756445006832294]]]]}},{"type":"Feature","id":"3924750-3086875-125","properties":{"cellId":"3924750-3086875-125","municipality":"Sint-Genesius-Rode","population":45,"sideM":125,"areaKm2":0.015625,"densityPerHa":28.8,"renderClass":"15-30"},"geometry":{"type":"MultiPolygon","coordinates":[[[[4.380168880199834,50.75653122504565],[4.378401864552347,50.756445006832294],[4.3782668613858675,50.75756488617212],[4.380033919042483,50.7576511067599],[4.380168880199834,50.75653122504565]]]]}},{"type":"Feature","id":"3924750-3088250-125","properties":{"cellId":"3924750-3088250-125","municipality":"Sint-Genesius-Rode","population":28,"sideM":125,"areaKm2":0.015625,"densityPerHa":17.92,"renderClass":"15-30"},"geometry":{"type":"MultiPolygon","coordinates":[[[[4.376781295565566,50.769883523766936],[4.3785488154856385,50.76996977048297],[4.378683865126618,50.76884989462268],[4.376916387242855,50.76876365028268],[4.376781295565566,50.769883523766936]]]]}},{"type":"Feature","id":"3924875-3086250-125","properties":{"cellId":"3924875-3086250-125","municipality":"Sint-Genesius-Rode","population":30,"sideM":125,"areaKm2":0.015625,"densityPerHa":19.2,"renderClass":"15-30"},"geometry":{"type":"MultiPolygon","coordinates":[[[[4.380843565402857,50.750931808481916],[4.380708644437788,50.752051692860626],[4.382475498056964,50.75213787453536],[4.382610377024709,50.75101798778369],[4.380843565402857,50.750931808481916]]]]}},{"type":"Feature","id":"3924875-3086375-125","properties":{"cellId":"3924875-3086375-125","municipality":"Sint-Genesius-Rode","population":12,"sideM":125,"areaKm2":0.015625,"densityPerHa":7.68,"renderClass":"5-15"},"geometry":{"type":"MultiPolygon","coordinates":[[[[4.380708644437788,50.752051692860626],[4.380573715435642,50.75317157670627],[4.382340611054604,50.75325776075412],[4.382475498056964,50.75213787453536],[4.380708644437788,50.752051692860626]]]]}},{"type":"Feature","id":"3924875-3086500-125","properties":{"cellId":"3924875-3086500-125","municipality":"Sint-Genesius-Rode","population":37,"sideM":125,"areaKm2":0.015625,"densityPerHa":23.68,"renderClass":"15-30"},"geometry":{"type":"MultiPolygon","coordinates":[[[[4.380573715435642,50.75317157670627],[4.380438778395725,50.75429146001894],[4.38220571601695,50.75437764644004],[4.382340611054604,50.75325776075412],[4.380573715435642,50.75317157670627]]]]}},{"type":"Feature","id":"3924875-3086625-125","properties":{"cellId":"3924875-3086625-125","municipality":"Sint-Genesius-Rode","population":31,"sideM":125,"areaKm2":0.015625,"densityPerHa":19.84,"renderClass":"15-30"},"geometry":{"type":"MultiPolygon","coordinates":[[[[4.380438778395725,50.75429146001894],[4.380303833317352,50.75541134279869],[4.382070812943304,50.75549753159319],[4.38220571601695,50.75437764644004],[4.380438778395725,50.75429146001894]]]]}},{"type":"Feature","id":"3924875-3086750-125","properties":{"cellId":"3924875-3086750-125","municipality":"Sint-Genesius-Rode","population":61,"sideM":125,"areaKm2":0.015625,"densityPerHa":39.04,"renderClass":"30-60"},"geometry":{"type":"MultiPolygon","coordinates":[[[[4.380303833317352,50.75541134279869],[4.380168880199834,50.75653122504565],[4.381935901832986,50.75661741621369],[4.382070812943304,50.75549753159319],[4.380303833317352,50.75541134279869]]]]}},{"type":"Feature","id":"3924875-3086875-125","properties":{"cellId":"3924875-3086875-125","municipality":"Sint-Genesius-Rode","population":80,"sideM":125,"areaKm2":0.015625,"densityPerHa":51.2,"renderClass":"30-60"},"geometry":{"type":"MultiPolygon","coordinates":[[[[4.380168880199834,50.75653122504565],[4.380033919042483,50.7576511067599],[4.381800982685306,50.75773730030163],[4.381935901832986,50.75661741621369],[4.380168880199834,50.75653122504565]]]]}},{"type":"Feature","id":"3924875-3088250-125","properties":{"cellId":"3924875-3088250-125","municipality":"Sint-Genesius-Rode","population":30,"sideM":125,"areaKm2":0.015625,"densityPerHa":19.2,"renderClass":"15-30"},"geometry":{"type":"MultiPolygon","coordinates":[[[[4.378683865126618,50.76884989462268],[4.3785488154856385,50.76996977048297],[4.380316341397896,50.77005599014489],[4.380451349002024,50.768936111909305],[4.378683865126618,50.76884989462268]]]]}},{"type":"Feature","id":"3925000-3084500-125","properties":{"cellId":"3925000-3084500-125","municipality":"Sint-Genesius-Rode","population":19,"sideM":125,"areaKm2":0.015625,"densityPerHa":12.16,"renderClass":"5-15"},"geometry":{"type":"MultiPolygon","coordinates":[[[[4.386129344624045,50.73654553290862],[4.386264069216118,50.7354256363163],[4.3844978393240925,50.73533951725226],[4.384363072768707,50.736459411474385],[4.386129344624045,50.73654553290862]]]]}},{"type":"Feature","id":"3925000-3084625-125","properties":{"cellId":"3925000-3084625-125","municipality":"Sint-Genesius-Rode","population":32,"sideM":125,"areaKm2":0.015625,"densityPerHa":20.48,"renderClass":"15-30"},"geometry":{"type":"MultiPolygon","coordinates":[[[[4.385994612009453,50.73766542896689],[4.386129344624045,50.73654553290862],[4.384363072768707,50.736459411474385],[4.384228298188331,50.73757930516232],[4.385994612009453,50.73766542896689]]]]}},{"type":"Feature","id":"3925125-3084500-125","properties":{"cellId":"3925125-3084500-125","municipality":"Sint-Genesius-Rode","population":24,"sideM":125,"areaKm2":0.015625,"densityPerHa":15.36,"renderClass":"15-30"},"geometry":{"type":"MultiPolygon","coordinates":[[[[4.386129344624045,50.73654553290862],[4.387895622451628,50.736631627310466],[4.388030305079838,50.73551172834868],[4.386264069216118,50.7354256363163],[4.386129344624045,50.73654553290862]]]]}},{"type":"Feature","id":"3925125-3084625-125","properties":{"cellId":"3925125-3084625-125","municipality":"Sint-Genesius-Rode","population":45,"sideM":125,"areaKm2":0.015625,"densityPerHa":28.8,"renderClass":"15-30"},"geometry":{"type":"MultiPolygon","coordinates":[[[[4.385994612009453,50.73766542896689],[4.387760931803362,50.73775152573833],[4.387895622451628,50.736631627310466],[4.386129344624045,50.73654553290862],[4.385994612009453,50.73766542896689]]]]}},{"type":"Feature","id":"3925250-3084750-125","properties":{"cellId":"3925250-3084750-125","municipality":"Sint-Genesius-Rode","population":27,"sideM":125,"areaKm2":0.015625,"densityPerHa":17.28,"renderClass":"15-30"},"geometry":{"type":"MultiPolygon","coordinates":[[[[4.387626233134353,50.73887142363243],[4.389392600868541,50.7389574957396],[4.389527257568214,50.73783759547651],[4.387760931803362,50.73775152573833],[4.387626233134353,50.73887142363243]]]]}},{"type":"Feature","id":"3925250-3084875-125","properties":{"cellId":"3925250-3084875-125","municipality":"Sint-Genesius-Rode","population":22,"sideM":125,"areaKm2":0.015625,"densityPerHa":14.08,"renderClass":"5-15"},"geometry":{"type":"MultiPolygon","coordinates":[[[[4.389392600868541,50.7389574957396],[4.387626233134353,50.73887142363243],[4.3874915264439185,50.739991320992786],[4.389257936149904,50.74007739546913],[4.389392600868541,50.7389574957396]]]]}},{"type":"Feature","id":"3925375-3084750-125","properties":{"cellId":"3925375-3084750-125","municipality":"Sint-Genesius-Rode","population":21,"sideM":125,"areaKm2":0.015625,"densityPerHa":13.44,"renderClass":"5-15"},"geometry":{"type":"MultiPolygon","coordinates":[[[[4.389392600868541,50.7389574957396],[4.39115897457238,50.73904354081261],[4.39129358930218,50.73792363818124],[4.389527257568214,50.73783759547651],[4.389392600868541,50.7389574957396]]]]}},{"type":"Feature","id":"3925375-3084875-125","properties":{"cellId":"3925375-3084875-125","municipality":"Sint-Genesius-Rode","population":36,"sideM":125,"areaKm2":0.015625,"densityPerHa":23.04,"renderClass":"15-30"},"geometry":{"type":"MultiPolygon","coordinates":[[[[4.39115897457238,50.73904354081261],[4.389392600868541,50.7389574957396],[4.389257936149904,50.74007739546913],[4.391024351826082,50.740163442910564],[4.39115897457238,50.73904354081261]]]]}},{"type":"Feature","id":"3925500-3084250-125","properties":{"cellId":"3925500-3084250-125","municipality":"Sint-Genesius-Rode","population":22,"sideM":125,"areaKm2":0.015625,"densityPerHa":14.08,"renderClass":"5-15"},"geometry":{"type":"MultiPolygon","coordinates":[[[[4.391697385399481,50.73456392708567],[4.393463597204281,50.73464993565504],[4.3935981379144184,50.73353002852208],[4.391831968070165,50.733444022319695],[4.391697385399481,50.73456392708567]]]]}},{"type":"Feature","id":"3925500-3084375-125","properties":{"cellId":"3925500-3084375-125","municipality":"Sint-Genesius-Rode","population":27,"sideM":125,"areaKm2":0.015625,"densityPerHa":17.28,"renderClass":"15-30"},"geometry":{"type":"MultiPolygon","coordinates":[[[[4.391562794715046,50.73568383131785],[4.393329048482863,50.73576984225434],[4.393463597204281,50.73464993565504],[4.391697385399481,50.73456392708567],[4.391562794715046,50.73568383131785]]]]}},{"type":"Feature","id":"3925500-3085500-125","properties":{"cellId":"3925500-3085500-125","municipality":"Sint-Genesius-Rode","population":33,"sideM":125,"areaKm2":0.015625,"densityPerHa":21.12,"renderClass":"15-30"},"geometry":{"type":"MultiPolygon","coordinates":[[[[4.3903511178231724,50.74576294540207],[4.3921177493691355,50.74584897764912],[4.392252370222976,50.744729075848525],[4.3904857806622335,50.744643045969895],[4.3903511178231724,50.74576294540207]]]]}},{"type":"Feature","id":"3925500-3085625-125","properties":{"cellId":"3925500-3085625-125","municipality":"Sint-Genesius-Rode","population":48,"sideM":125,"areaKm2":0.015625,"densityPerHa":30.72,"renderClass":"30-60"},"geometry":{"type":"MultiPolygon","coordinates":[[[[4.3902164469635006,50.74688284430133],[4.391983120497147,50.74696887891695],[4.3921177493691355,50.74584897764912],[4.3903511178231724,50.74576294540207],[4.3902164469635006,50.74688284430133]]]]}},{"type":"Feature","id":"3925500-3085750-125","properties":{"cellId":"3925500-3085750-125","municipality":"Sint-Genesius-Rode","population":42,"sideM":125,"areaKm2":0.015625,"densityPerHa":26.88,"renderClass":"15-30"},"geometry":{"type":"MultiPolygon","coordinates":[[[[4.390081768082527,50.74800274266782],[4.391848483606332,50.74808877965216],[4.391983120497147,50.74696887891695],[4.3902164469635006,50.74688284430133],[4.390081768082527,50.74800274266782]]]]}},{"type":"Feature","id":"3925500-3085875-125","properties":{"cellId":"3925500-3085875-125","municipality":"Sint-Genesius-Rode","population":13,"sideM":125,"areaKm2":0.015625,"densityPerHa":8.32,"renderClass":"5-15"},"geometry":{"type":"MultiPolygon","coordinates":[[[[4.391848483606332,50.74808877965216],[4.390081768082527,50.74800274266782],[4.389947081179568,50.74912264050158],[4.391713838695997,50.749208679854775],[4.391848483606332,50.74808877965216]]]]}},{"type":"Feature","id":"3925625-3084375-125","properties":{"cellId":"3925625-3084375-125","municipality":"Sint-Genesius-Rode","population":11,"sideM":125,"areaKm2":0.015625,"densityPerHa":7.04,"renderClass":"5-15"},"geometry":{"type":"MultiPolygon","coordinates":[[[[4.393329048482863,50.73576984225434],[4.395095308215041,50.73585582615858],[4.3952298149729065,50.73473591719289],[4.393463597204281,50.73464993565504],[4.393329048482863,50.73576984225434]]]]}},{"type":"Feature","id":"3925625-3085500-125","properties":{"cellId":"3925625-3085500-125","municipality":"Sint-Genesius-Rode","population":37,"sideM":125,"areaKm2":0.015625,"densityPerHa":23.68,"renderClass":"15-30"},"geometry":{"type":"MultiPolygon","coordinates":[[[[4.3921177493691355,50.74584897764912],[4.39388438688433,50.745934982857285],[4.394018965752409,50.74481507868903],[4.392252370222976,50.744729075848525],[4.3921177493691355,50.74584897764912]]]]}},{"type":"Feature","id":"3925625-3085625-125","properties":{"cellId":"3925625-3085625-125","municipality":"Sint-Genesius-Rode","population":33,"sideM":125,"areaKm2":0.015625,"densityPerHa":21.12,"renderClass":"15-30"},"geometry":{"type":"MultiPolygon","coordinates":[[[[4.391983120497147,50.74696887891695],[4.393749800000572,50.747054886492975],[4.39388438688433,50.745934982857285],[4.3921177493691355,50.74584897764912],[4.391983120497147,50.74696887891695]]]]}},{"type":"Feature","id":"3925625-3085750-125","properties":{"cellId":"3925625-3085750-125","municipality":"Sint-Genesius-Rode","population":18,"sideM":125,"areaKm2":0.015625,"densityPerHa":11.52,"renderClass":"5-15"},"geometry":{"type":"MultiPolygon","coordinates":[[[[4.391848483606332,50.74808877965216],[4.393615205100452,50.748174789596135],[4.393749800000572,50.747054886492975],[4.391983120497147,50.74696887891695],[4.391848483606332,50.74808877965216]]]]}},{"type":"Feature","id":"3925625-3085875-125","properties":{"cellId":"3925625-3085875-125","municipality":"Sint-Genesius-Rode","population":59,"sideM":125,"areaKm2":0.015625,"densityPerHa":37.76,"renderClass":"30-60"},"geometry":{"type":"MultiPolygon","coordinates":[[[[4.393615205100452,50.748174789596135],[4.391848483606332,50.74808877965216],[4.391713838695997,50.749208679854775],[4.393480602183282,50.7492946921669],[4.393615205100452,50.748174789596135]]]]}},{"type":"Feature","id":"3913250-3083125-125","properties":{"cellId":"3913250-3083125-125","municipality":"Halle","population":123,"sideM":125,"areaKm2":0.015625,"densityPerHa":78.72,"renderClass":"60-100"},"geometry":{"type":"MultiPolygon","coordinates":[[[[4.219885787606267,50.715926938365534],[4.221651028997816,50.7160155733596],[4.2217896050048385,50.71489589673689],[4.220024405497946,50.71480726418024],[4.219885787606267,50.715926938365534]]]]}},{"type":"Feature","id":"3913250-3083375-125","properties":{"cellId":"3913250-3083375-125","municipality":"Halle","population":141,"sideM":125,"areaKm2":0.015625,"densityPerHa":90.24,"renderClass":"60-100"},"geometry":{"type":"MultiPolygon","coordinates":[[[[4.219608527075892,50.718166285089175],[4.2213738522441275,50.718254924958586],[4.221512444744479,50.71713524943348],[4.2197471614658175,50.71704661200181],[4.219608527075892,50.718166285089175]]]]}},{"type":"Feature","id":"3913375-3083000-125","properties":{"cellId":"3913375-3083000-125","municipality":"Halle","population":175,"sideM":125,"areaKm2":0.015625,"densityPerHa":112,"renderClass":"100-200"},"geometry":{"type":"MultiPolygon","coordinates":[[[[4.221928172766254,50.71377621956521],[4.2217896050048385,50.71489589673689],[4.223554810649428,50.71498450228397],[4.223693336528089,50.71386482267573],[4.221928172766254,50.71377621956521]]]]}},{"type":"Feature","id":"3913375-3083375-125","properties":{"cellId":"3913375-3083375-125","municipality":"Halle","population":86,"sideM":125,"areaKm2":0.015625,"densityPerHa":55.04,"renderClass":"30-60"},"geometry":{"type":"MultiPolygon","coordinates":[[[[4.2213738522441275,50.718254924958586],[4.223139183551729,50.71834353781621],[4.223277734161952,50.71722385985412],[4.221512444744479,50.71713524943348],[4.2213738522441275,50.718254924958586]]]]}},{"type":"Feature","id":"3913750-3086500-125","properties":{"cellId":"3913750-3086500-125","municipality":"Halle","population":134,"sideM":125,"areaKm2":0.015625,"densityPerHa":85.76,"renderClass":"60-100"},"geometry":{"type":"MultiPolygon","coordinates":[[[[4.22320551392386,50.74651257539819],[4.224971911733105,50.746601168138184],[4.22511054282837,50.74548149654496],[4.223344186972447,50.74539290624348],[4.22320551392386,50.74651257539819]]]]}},{"type":"Feature","id":"3913750-3086625-125","properties":{"cellId":"3913750-3086625-125","municipality":"Halle","population":142,"sideM":125,"areaKm2":0.015625,"densityPerHa":90.88,"renderClass":"60-100"},"geometry":{"type":"MultiPolygon","coordinates":[[[[4.223066832617279,50.74763224400686],[4.224833272382315,50.74772083918556],[4.224971911733105,50.746601168138184],[4.22320551392386,50.74651257539819],[4.223066832617279,50.74763224400686]]]]}},{"type":"Feature","id":"3914000-3085750-125","properties":{"cellId":"3914000-3085750-125","municipality":"Halle","population":136,"sideM":125,"areaKm2":0.015625,"densityPerHa":87.04,"renderClass":"60-100"},"geometry":{"type":"MultiPolygon","coordinates":[[[[4.229335885175045,50.74006020553083],[4.229474382873222,50.738940525787456],[4.227708266403223,50.73885200416531],[4.227569726765387,50.7399716814725],[4.229335885175045,50.74006020553083]]]]}},{"type":"Feature","id":"3914125-3085375-125","properties":{"cellId":"3914125-3085375-125","municipality":"Halle","population":164,"sideM":125,"areaKm2":0.015625,"densityPerHa":104.96,"renderClass":"100-200"},"geometry":{"type":"MultiPolygon","coordinates":[[[[4.229751353533306,50.73670116466207],[4.231517392268661,50.73678965438796],[4.231655823299152,50.735669970570775],[4.229889826496623,50.73558148327987],[4.229751353533306,50.73670116466207]]]]}},{"type":"Feature","id":"3914250-3085000-125","properties":{"cellId":"3914250-3085000-125","municipality":"Halle","population":219,"sideM":125,"areaKm2":0.015625,"densityPerHa":140.16,"renderClass":"100-200"},"geometry":{"type":"MultiPolygon","coordinates":[[[[4.232071066946968,50.732310915841],[4.2319326606376,50.73343060129737],[4.2336985797156474,50.73351905669638],[4.233836944099015,50.73239936880619],[4.232071066946968,50.732310915841]]]]}},{"type":"Feature","id":"3914250-3085125-125","properties":{"cellId":"3914250-3085125-125","municipality":"Halle","population":189,"sideM":125,"areaKm2":0.015625,"densityPerHa":120.96,"renderClass":"100-200"},"geometry":{"type":"MultiPolygon","coordinates":[[[[4.231794246088564,50.73455028620727],[4.233560207095071,50.73463874404025],[4.2336985797156474,50.73351905669638],[4.2319326606376,50.73343060129737],[4.231794246088564,50.73455028620727]]]]}},{"type":"Feature","id":"3914250-3085250-125","properties":{"cellId":"3914250-3085250-125","municipality":"Halle","population":139,"sideM":125,"areaKm2":0.015625,"densityPerHa":88.96,"renderClass":"60-100"},"geometry":{"type":"MultiPolygon","coordinates":[[[[4.231655823299152,50.735669970570775],[4.233421826236584,50.73575843083785],[4.233560207095071,50.73463874404025],[4.231794246088564,50.73455028620727],[4.231655823299152,50.735669970570775]]]]}},{"type":"Feature","id":"3914375-3085125-125","properties":{"cellId":"3914375-3085125-125","municipality":"Halle","population":231,"sideM":125,"areaKm2":0.015625,"densityPerHa":147.84,"renderClass":"100-200"},"geometry":{"type":"MultiPolygon","coordinates":[[[[4.233560207095071,50.73463874404025],[4.2353261742341,50.734727174849986],[4.23546450492566,50.73360748507291],[4.2336985797156474,50.73351905669638],[4.233560207095071,50.73463874404025]]]]}},{"type":"Feature","id":"3914375-3085250-125","properties":{"cellId":"3914375-3085250-125","municipality":"Halle","population":168,"sideM":125,"areaKm2":0.015625,"densityPerHa":107.52,"renderClass":"100-200"},"geometry":{"type":"MultiPolygon","coordinates":[[[[4.233421826236584,50.73575843083785],[4.235187835307089,50.73584686408096],[4.2353261742341,50.734727174849986],[4.233560207095071,50.73463874404025],[4.233421826236584,50.73575843083785]]]]}},{"type":"Feature","id":"3914375-3085375-125","properties":{"cellId":"3914375-3085375-125","municipality":"Halle","population":155,"sideM":125,"areaKm2":0.015625,"densityPerHa":99.2,"renderClass":"60-100"},"geometry":{"type":"MultiPolygon","coordinates":[[[[4.233283437139478,50.736878117089304],[4.2350494881439245,50.73696655276596],[4.235187835307089,50.73584686408096],[4.233421826236584,50.73575843083785],[4.233283437139478,50.736878117089304]]]]}},{"type":"Feature","id":"3914375-3085625-125","properties":{"cellId":"3914375-3085625-125","municipality":"Halle","population":120,"sideM":125,"areaKm2":0.015625,"densityPerHa":76.8,"renderClass":"60-100"},"geometry":{"type":"MultiPolygon","coordinates":[[[[4.2330066342265935,50.7391174879541],[4.234772769106309,50.73920592849825],[4.234911132743899,50.738086240905005],[4.233145039803049,50.73799780279468],[4.2330066342265935,50.7391174879541]]]]}},{"type":"Feature","id":"3914375-3086000-125","properties":{"cellId":"3914375-3086000-125","municipality":"Halle","population":105,"sideM":125,"areaKm2":0.015625,"densityPerHa":67.2,"renderClass":"60-100"},"geometry":{"type":"MultiPolygon","coordinates":[[[[4.23272979835078,50.74135685663531],[4.232591368050012,50.74247654015731],[4.234357628761099,50.74256498800384],[4.234496017115612,50.74144530204756],[4.23272979835078,50.74135685663531]]]]}},{"type":"Feature","id":"3914500-3084250-125","properties":{"cellId":"3914500-3084250-125","municipality":"Halle","population":105,"sideM":125,"areaKm2":0.015625,"densityPerHa":67.2,"renderClass":"60-100"},"geometry":{"type":"MultiPolygon","coordinates":[[[[4.236294316170007,50.726889334937404],[4.238059995984409,50.72697772169942],[4.238198227135194,50.72585802566574],[4.2364325892331385,50.72576964133516],[4.236294316170007,50.726889334937404]]]]}},{"type":"Feature","id":"3914500-3084375-125","properties":{"cellId":"3914500-3084375-125","municipality":"Halle","population":84,"sideM":125,"areaKm2":0.015625,"densityPerHa":53.76,"renderClass":"30-60"},"geometry":{"type":"MultiPolygon","coordinates":[[[[4.236156034876357,50.72800902799293],[4.237921756605563,50.72809741718656],[4.238059995984409,50.72697772169942],[4.236294316170007,50.726889334937404],[4.236156034876357,50.72800902799293]]]]}},{"type":"Feature","id":"3914500-3084500-125","properties":{"cellId":"3914500-3084500-125","municipality":"Halle","population":135,"sideM":125,"areaKm2":0.015625,"densityPerHa":86.4,"renderClass":"60-100"},"geometry":{"type":"MultiPolygon","coordinates":[[[[4.236017745351484,50.72912872050184],[4.237783508997953,50.729217112127195],[4.237921756605563,50.72809741718656],[4.236156034876357,50.72800902799293],[4.236017745351484,50.72912872050184]]]]}},{"type":"Feature","id":"3914500-3085250-125","properties":{"cellId":"3914500-3085250-125","municipality":"Halle","population":118,"sideM":125,"areaKm2":0.015625,"densityPerHa":75.52,"renderClass":"60-100"},"geometry":{"type":"MultiPolygon","coordinates":[[[[4.235187835307089,50.73584686408096],[4.236953850508838,50.7359352703],[4.237092147503813,50.734815578636365],[4.2353261742341,50.734727174849986],[4.235187835307089,50.73584686408096]]]]}},{"type":"Feature","id":"3914500-3085375-125","properties":{"cellId":"3914500-3085375-125","municipality":"Halle","population":191,"sideM":125,"areaKm2":0.015625,"densityPerHa":122.24,"renderClass":"100-200"},"geometry":{"type":"MultiPolygon","coordinates":[[[[4.2350494881439245,50.73696655276596],[4.236815545280168,50.73705496141777],[4.236953850508838,50.7359352703],[4.235187835307089,50.73584686408096],[4.2350494881439245,50.73696655276596]]]]}},{"type":"Feature","id":"3914500-3085625-125","properties":{"cellId":"3914500-3085625-125","municipality":"Halle","population":187,"sideM":125,"areaKm2":0.015625,"densityPerHa":119.68,"renderClass":"100-200"},"geometry":{"type":"MultiPolygon","coordinates":[[[[4.234772769106309,50.73920592849825],[4.236538910118934,50.73929434201611],[4.236677231817103,50.73817465198977],[4.234911132743899,50.738086240905005],[4.234772769106309,50.73920592849825]]]]}},{"type":"Feature","id":"3914625-3084500-125","properties":{"cellId":"3914625-3084500-125","municipality":"Halle","population":134,"sideM":125,"areaKm2":0.015625,"densityPerHa":85.76,"renderClass":"60-100"},"geometry":{"type":"MultiPolygon","coordinates":[[[[4.237783508997953,50.729217112127195],[4.239549278770509,50.72930547673272],[4.239687484460298,50.72818577936104],[4.237921756605563,50.72809741718656],[4.237783508997953,50.729217112127195]]]]}},{"type":"Feature","id":"3914625-3084625-125","properties":{"cellId":"3914625-3084625-125","municipality":"Halle","population":116,"sideM":125,"areaKm2":0.015625,"densityPerHa":74.24,"renderClass":"60-100"},"geometry":{"type":"MultiPolygon","coordinates":[[[[4.237645253160877,50.73033680652146],[4.239411064853714,50.730425173558146],[4.239549278770509,50.72930547673272],[4.237783508997953,50.729217112127195],[4.237645253160877,50.73033680652146]]]]}},{"type":"Feature","id":"3914625-3085250-125","properties":{"cellId":"3914625-3085250-125","municipality":"Halle","population":134,"sideM":125,"areaKm2":0.015625,"densityPerHa":85.76,"renderClass":"60-100"},"geometry":{"type":"MultiPolygon","coordinates":[[[[4.236953850508838,50.7359352703],[4.238719871840003,50.736023649494754],[4.2388581269023895,50.7349039553992],[4.237092147503813,50.734815578636365],[4.236953850508838,50.7359352703]]]]}},{"type":"Feature","id":"3914625-3085500-125","properties":{"cellId":"3914625-3085500-125","municipality":"Halle","population":146,"sideM":125,"areaKm2":0.015625,"densityPerHa":93.44,"renderClass":"60-100"},"geometry":{"type":"MultiPolygon","coordinates":[[[[4.236677231817103,50.73817465198977],[4.238443337020832,50.738263036048814],[4.238581608546385,50.73714334304459],[4.236815545280168,50.73705496141777],[4.236677231817103,50.73817465198977]]]]}},{"type":"Feature","id":"3914625-3085625-125","properties":{"cellId":"3914625-3085625-125","municipality":"Halle","population":139,"sideM":125,"areaKm2":0.015625,"densityPerHa":88.96,"renderClass":"60-100"},"geometry":{"type":"MultiPolygon","coordinates":[[[[4.236538910118934,50.73929434201611],[4.2383050572626395,50.73938272850748],[4.238443337020832,50.738263036048814],[4.236677231817103,50.73817465198977],[4.236538910118934,50.73929434201611]]]]}},{"type":"Feature","id":"3914625-3085750-125","properties":{"cellId":"3914625-3085750-125","municipality":"Halle","population":118,"sideM":125,"areaKm2":0.015625,"densityPerHa":75.52,"renderClass":"60-100"},"geometry":{"type":"MultiPolygon","coordinates":[[[[4.236400580184956,50.74041403149683],[4.2381667692711025,50.74050242042074],[4.2383050572626395,50.73938272850748],[4.236538910118934,50.73929434201611],[4.236400580184956,50.74041403149683]]]]}},{"type":"Feature","id":"3914625-3085875-125","properties":{"cellId":"3914625-3085875-125","municipality":"Halle","population":177,"sideM":125,"areaKm2":0.015625,"densityPerHa":113.28,"renderClass":"100-200"},"geometry":{"type":"MultiPolygon","coordinates":[[[[4.2381667692711025,50.74050242042074],[4.236400580184956,50.74041403149683],[4.236262242014469,50.74153372043205],[4.238028473045519,50.74162211178861],[4.2381667692711025,50.74050242042074]]]]}},{"type":"Feature","id":"3914750-3084125-125","properties":{"cellId":"3914750-3084125-125","municipality":"Halle","population":144,"sideM":125,"areaKm2":0.015625,"densityPerHa":92.16,"renderClass":"60-100"},"geometry":{"type":"MultiPolygon","coordinates":[[[[4.23996387116167,50.72594638297862],[4.241729521310734,50.726034713273705],[4.241867660412733,50.72491501183293],[4.240102052174664,50.72482668396769],[4.23996387116167,50.72594638297862]]]]}},{"type":"Feature","id":"3914750-3084250-125","properties":{"cellId":"3914750-3084250-125","municipality":"Halle","population":194,"sideM":125,"areaKm2":0.015625,"densityPerHa":124.16,"renderClass":"100-200"},"geometry":{"type":"MultiPolygon","coordinates":[[[[4.239825681923785,50.72706608144305],[4.2415913739863,50.72715441416811],[4.241729521310734,50.726034713273705],[4.23996387116167,50.72594638297862],[4.239825681923785,50.72706608144305]]]]}},{"type":"Feature","id":"3914750-3084375-125","properties":{"cellId":"3914750-3084375-125","municipality":"Halle","population":143,"sideM":125,"areaKm2":0.015625,"densityPerHa":91.52,"renderClass":"60-100"},"geometry":{"type":"MultiPolygon","coordinates":[[[[4.239687484460298,50.72818577936104],[4.24145321843873,50.72827411451626],[4.2415913739863,50.72715441416811],[4.239825681923785,50.72706608144305],[4.239687484460298,50.72818577936104]]]]}},{"type":"Feature","id":"3914750-3084500-125","properties":{"cellId":"3914750-3084500-125","municipality":"Halle","population":236,"sideM":125,"areaKm2":0.015625,"densityPerHa":151.04,"renderClass":"100-200"},"geometry":{"type":"MultiPolygon","coordinates":[[[[4.239549278770509,50.72930547673272],[4.241315054667316,50.729393814318215],[4.24145321843873,50.72827411451626],[4.239687484460298,50.72818577936104],[4.239549278770509,50.72930547673272]]]]}},{"type":"Feature","id":"3914750-3084750-125","properties":{"cellId":"3914750-3084750-125","municipality":"Halle","population":126,"sideM":125,"areaKm2":0.015625,"densityPerHa":80.64,"renderClass":"60-100"},"geometry":{"type":"MultiPolygon","coordinates":[[[[4.239272842709209,50.731544869837414],[4.241038702450149,50.73163321228394],[4.241176882671357,50.73051351357408],[4.239411064853714,50.730425173558146],[4.239272842709209,50.731544869837414]]]]}},{"type":"Feature","id":"3914750-3084875-125","properties":{"cellId":"3914750-3084875-125","municipality":"Halle","population":173,"sideM":125,"areaKm2":0.015625,"densityPerHa":110.72,"renderClass":"100-200"},"geometry":{"type":"MultiPolygon","coordinates":[[[[4.241038702450149,50.73163321228394],[4.239272842709209,50.731544869837414],[4.239134612336289,50.73266456557063],[4.240900514002987,50.732752910447886],[4.241038702450149,50.73163321228394]]]]}},{"type":"Feature","id":"3914875-3083750-125","properties":{"cellId":"3914875-3083750-125","municipality":"Halle","population":161,"sideM":125,"areaKm2":0.015625,"densityPerHa":103.04,"renderClass":"100-200"},"geometry":{"type":"MultiPolygon","coordinates":[[[[4.242282028391153,50.72155590423158],[4.24214391395224,50.72267560731196],[4.2439094444948,50.722763903302194],[4.244047517029546,50.72164419779313],[4.242282028391153,50.72155590423158]]]]}},{"type":"Feature","id":"3914875-3084000-125","properties":{"cellId":"3914875-3084000-125","municipality":"Halle","population":106,"sideM":125,"areaKm2":0.015625,"densityPerHa":67.84,"renderClass":"60-100"},"geometry":{"type":"MultiPolygon","coordinates":[[[[4.242005791293004,50.72379530984571],[4.241867660412733,50.72491501183293],[4.243633274771008,50.72500331268093],[4.243771363742189,50.72388360826476],[4.242005791293004,50.72379530984571]]]]}},{"type":"Feature","id":"3914875-3084125-125","properties":{"cellId":"3914875-3084125-125","municipality":"Halle","population":121,"sideM":125,"areaKm2":0.015625,"densityPerHa":77.44,"renderClass":"60-100"},"geometry":{"type":"MultiPolygon","coordinates":[[[[4.241867660412733,50.72491501183293],[4.241729521310734,50.726034713273705],[4.243495177580557,50.726123016550815],[4.243633274771008,50.72500331268093],[4.241867660412733,50.72491501183293]]]]}},{"type":"Feature","id":"3914875-3084375-125","properties":{"cellId":"3914875-3084375-125","municipality":"Halle","population":116,"sideM":125,"areaKm2":0.015625,"densityPerHa":74.24,"renderClass":"60-100"},"geometry":{"type":"MultiPolygon","coordinates":[[[[4.2415913739863,50.72715441416811],[4.24145321843873,50.72827411451626],[4.243218958539028,50.72836242265203],[4.2433570721701335,50.727242719874496],[4.2415913739863,50.72715441416811]]]]}},{"type":"Feature","id":"3914875-3084500-125","properties":{"cellId":"3914875-3084500-125","municipality":"Halle","population":136,"sideM":125,"areaKm2":0.015625,"densityPerHa":87.04,"renderClass":"60-100"},"geometry":{"type":"MultiPolygon","coordinates":[[[[4.24145321843873,50.72827411451626],[4.241315054667316,50.729393814318215],[4.243080836686546,50.729482124883546],[4.243218958539028,50.72836242265203],[4.24145321843873,50.72827411451626]]]]}},{"type":"Feature","id":"3914875-3084625-125","properties":{"cellId":"3914875-3084625-125","municipality":"Halle","population":217,"sideM":125,"areaKm2":0.015625,"densityPerHa":138.88,"renderClass":"100-200"},"geometry":{"type":"MultiPolygon","coordinates":[[[[4.241315054667316,50.729393814318215],[4.241176882671357,50.73051351357408],[4.242942706611975,50.73060182656913],[4.243080836686546,50.729482124883546],[4.241315054667316,50.729393814318215]]]]}},{"type":"Feature","id":"3914875-3084750-125","properties":{"cellId":"3914875-3084750-125","municipality":"Halle","population":174,"sideM":125,"areaKm2":0.015625,"densityPerHa":111.36,"renderClass":"100-200"},"geometry":{"type":"MultiPolygon","coordinates":[[[[4.241176882671357,50.73051351357408],[4.241038702450149,50.73163321228394],[4.242804568314621,50.73172152770883],[4.242942706611975,50.73060182656913],[4.241176882671357,50.73051351357408]]]]}},{"type":"Feature","id":"3914875-3084875-125","properties":{"cellId":"3914875-3084875-125","municipality":"Halle","population":389,"sideM":125,"areaKm2":0.015625,"densityPerHa":248.96,"renderClass":"200-plus"},"geometry":{"type":"MultiPolygon","coordinates":[[[[4.241038702450149,50.73163321228394],[4.240900514002987,50.732752910447886],[4.242666421793774,50.73284122830277],[4.242804568314621,50.73172152770883],[4.241038702450149,50.73163321228394]]]]}},{"type":"Feature","id":"3914875-3085000-125","properties":{"cellId":"3914875-3085000-125","municipality":"Halle","population":104,"sideM":125,"areaKm2":0.015625,"densityPerHa":66.56,"renderClass":"60-100"},"geometry":{"type":"MultiPolygon","coordinates":[[[[4.240900514002987,50.732752910447886],[4.24076231732917,50.733872608066],[4.242528267048729,50.73396092835104],[4.242666421793774,50.73284122830277],[4.240900514002987,50.732752910447886]]]]}},{"type":"Feature","id":"3914875-3093125-125","properties":{"cellId":"3914875-3093125-125","municipality":"Sint-Pieters-Leeuw","population":87,"sideM":125,"areaKm2":0.015625,"densityPerHa":55.68,"renderClass":"30-60"},"geometry":{"type":"MultiPolygon","coordinates":[[[[4.231900586491028,50.8055321243651],[4.231761853570983,50.80665178669475],[4.233530533951329,50.80674026525939],[4.233669224782139,50.80562060048989],[4.231900586491028,50.8055321243651]]]]}},{"type":"Feature","id":"3915000-3084375-125","properties":{"cellId":"3915000-3084375-125","municipality":"Halle","population":166,"sideM":125,"areaKm2":0.015625,"densityPerHa":106.24,"renderClass":"100-200"},"geometry":{"type":"MultiPolygon","coordinates":[[[[4.244984704759369,50.728450703768225],[4.24512277647345,50.72733099856201],[4.2433570721701335,50.727242719874496],[4.243218958539028,50.72836242265203],[4.244984704759369,50.728450703768225]]]]}},{"type":"Feature","id":"3915000-3084875-125","properties":{"cellId":"3915000-3084875-125","municipality":"Halle","population":168,"sideM":125,"areaKm2":0.015625,"densityPerHa":107.52,"renderClass":"100-200"},"geometry":{"type":"MultiPolygon","coordinates":[[[[4.244570440300796,50.731809816111934],[4.242804568314621,50.73172152770883],[4.242666421793774,50.73284122830277],[4.244432335706817,50.73292951913515],[4.244570440300796,50.731809816111934]]]]}},{"type":"Feature","id":"3915125-3084125-125","properties":{"cellId":"3915125-3084125-125","municipality":"Halle","population":89,"sideM":125,"areaKm2":0.015625,"densityPerHa":56.96,"renderClass":"30-60"},"geometry":{"type":"MultiPolygon","coordinates":[[[[4.245260839969313,50.726211292809815],[4.247026508475168,50.72629954205053],[4.247164521840862,50.725179833324624],[4.245398895247661,50.72509158651155],[4.245260839969313,50.726211292809815]]]]}},{"type":"Feature","id":"3915125-3084250-125","properties":{"cellId":"3915125-3084250-125","municipality":"Halle","population":123,"sideM":125,"areaKm2":0.015625,"densityPerHa":78.72,"renderClass":"60-100"},"geometry":{"type":"MultiPolygon","coordinates":[[[[4.24512277647345,50.72733099856201],[4.24688848689442,50.72741925023052],[4.247026508475168,50.72629954205053],[4.245260839969313,50.726211292809815],[4.24512277647345,50.72733099856201]]]]}},{"type":"Feature","id":"3915125-3084750-125","properties":{"cellId":"3915125-3084750-125","municipality":"Halle","population":197,"sideM":125,"areaKm2":0.015625,"densityPerHa":126.08,"renderClass":"100-200"},"geometry":{"type":"MultiPolygon","coordinates":[[[[4.244570440300796,50.731809816111934],[4.246336318406845,50.73189807749311],[4.246474372854835,50.73077837149589],[4.2447085366737465,50.7306901125431],[4.244570440300796,50.731809816111934]]]]}},{"type":"Feature","id":"3915250-3084375-125","properties":{"cellId":"3915250-3084375-125","municipality":"Halle","population":117,"sideM":125,"areaKm2":0.015625,"densityPerHa":74.88,"renderClass":"60-100"},"geometry":{"type":"MultiPolygon","coordinates":[[[[4.246750457097918,50.728538957864686],[4.248516215552848,50.72862718494126],[4.248654203431219,50.72750747487988],[4.24688848689442,50.72741925023052],[4.246750457097918,50.728538957864686]]]]}},{"type":"Feature","id":"3915250-3085250-125","properties":{"cellId":"3915250-3085250-125","municipality":"Halle","population":124,"sideM":125,"areaKm2":0.015625,"densityPerHa":79.36,"renderClass":"60-100"},"geometry":{"type":"MultiPolygon","coordinates":[[[[4.24578401842218,50.7363768960282],[4.247550070372955,50.7364651400994],[4.24768811576407,50.735345433855265],[4.245922105748661,50.735257192212316],[4.24578401842218,50.7363768960282]]]]}},{"type":"Feature","id":"3915375-3084250-125","properties":{"cellId":"3915375-3084250-125","municipality":"Halle","population":126,"sideM":125,"areaKm2":0.015625,"densityPerHa":80.64,"renderClass":"60-100"},"geometry":{"type":"MultiPolygon","coordinates":[[[[4.248654203431219,50.72750747487988],[4.250419926082011,50.72759567250992],[4.250557863830864,50.72647595947655],[4.248792183096295,50.72638776427283],[4.248654203431219,50.72750747487988]]]]}},{"type":"Feature","id":"3915375-3084375-125","properties":{"cellId":"3915375-3084375-125","municipality":"Halle","population":100,"sideM":125,"areaKm2":0.015625,"densityPerHa":64,"renderClass":"60-100"},"geometry":{"type":"MultiPolygon","coordinates":[[[[4.248516215552848,50.72862718494126],[4.250281980122327,50.72871538499779],[4.250419926082011,50.72759567250992],[4.248654203431219,50.72750747487988],[4.248516215552848,50.72862718494126]]]]}},{"type":"Feature","id":"3915375-3085125-125","properties":{"cellId":"3915375-3085125-125","municipality":"Halle","population":134,"sideM":125,"areaKm2":0.015625,"densityPerHa":85.76,"renderClass":"60-100"},"geometry":{"type":"MultiPolygon","coordinates":[[[[4.24768811576407,50.735345433855265],[4.249454131897354,50.73543364847379],[4.249592127136799,50.734313939257234],[4.24782615293697,50.73422572706609],[4.24768811576407,50.735345433855265]]]]}},{"type":"Feature","id":"3915625-3085125-125","properties":{"cellId":"3915625-3085125-125","municipality":"Halle","population":62,"sideM":125,"areaKm2":0.015625,"densityPerHa":39.68,"renderClass":"30-60"},"geometry":{"type":"MultiPolygon","coordinates":[[[[4.251220154146686,50.73552183606772],[4.252986182510233,50.735609996636924],[4.2531240938811035,50.73449028256784],[4.25135810745212,50.73440212442453],[4.251220154146686,50.73552183606772]]]]}},{"type":"Feature","id":"3916125-3086125-125","properties":{"cellId":"3916125-3086125-125","municipality":"Halle","population":92,"sideM":125,"areaKm2":0.015625,"densityPerHa":58.88,"renderClass":"30-60"},"geometry":{"type":"MultiPolygon","coordinates":[[[[4.257181724374201,50.74483206735149],[4.258948112759205,50.74492013920938],[4.259085922013752,50.74380041979363],[4.257319575585232,50.74371235035989],[4.257181724374201,50.74483206735149]]]]}},{"type":"Feature","id":"3916500-3086125-125","properties":{"cellId":"3916500-3086125-125","municipality":"Halle","population":122,"sideM":125,"areaKm2":0.015625,"densityPerHa":78.08,"renderClass":"60-100"},"geometry":{"type":"MultiPolygon","coordinates":[[[[4.262480907855853,50.74509620183096],[4.264247314563832,50.74518419259436],[4.264384997945594,50.74406446591051],[4.262618633195764,50.74397647756908],[4.262480907855853,50.74509620183096]]]]}},{"type":"Feature","id":"3916625-3086250-125","properties":{"cellId":"3916625-3086250-125","municipality":"Halle","population":137,"sideM":125,"areaKm2":0.015625,"densityPerHa":87.68,"renderClass":"60-100"},"geometry":{"type":"MultiPolygon","coordinates":[[[[4.264109622982863,50.74630391873532],[4.265876077756,50.74639188488829],[4.266013727375798,50.74527215632593],[4.264247314563832,50.74518419259436],[4.264109622982863,50.74630391873532]]]]}},{"type":"Feature","id":"3916750-3086125-125","properties":{"cellId":"3916750-3086125-125","municipality":"Halle","population":79,"sideM":125,"areaKm2":0.015625,"densityPerHa":50.56,"renderClass":"30-60"},"geometry":{"type":"MultiPolygon","coordinates":[[[[4.266013727375798,50.74527215632593],[4.267780146289929,50.74536009302556],[4.267917745753741,50.74424036149999],[4.266151368798864,50.74415242722087],[4.266013727375798,50.74527215632593]]]]}},{"type":"Feature","id":"3917125-3090875-125","properties":{"cellId":"3917125-3090875-125","municipality":"Sint-Pieters-Leeuw","population":120,"sideM":125,"areaKm2":0.015625,"densityPerHa":76.8,"renderClass":"60-100"},"geometry":{"type":"MultiPolygon","coordinates":[[[[4.267987155774791,50.787053695531284],[4.266219164276811,50.786965750347186],[4.266081337044764,50.78808546616798],[4.267849370597471,50.78817341377601],[4.267987155774791,50.787053695531284]]]]}},{"type":"Feature","id":"3917250-3086000-125","properties":{"cellId":"3917250-3086000-125","municipality":"Beersel","population":91,"sideM":125,"areaKm2":0.015625,"densityPerHa":58.24,"renderClass":"30-60"},"geometry":{"type":"MultiPolygon","coordinates":[[[[4.273354378606251,50.743384262823724],[4.2732169132096915,50.744504002148574],[4.274983314552675,50.74459182830133],[4.275120737990235,50.74347208655905],[4.273354378606251,50.743384262823724]]]]}},{"type":"Feature","id":"3917250-3086125-125","properties":{"cellId":"3917250-3086125-125","municipality":"Beersel","population":142,"sideM":125,"areaKm2":0.015625,"densityPerHa":90.88,"renderClass":"60-100"},"geometry":{"type":"MultiPolygon","coordinates":[[[[4.273079439626958,50.74562374093124],[4.274845882931407,50.74571156950155],[4.274983314552675,50.74459182830133],[4.2732169132096915,50.744504002148574],[4.273079439626958,50.74562374093124]]]]}},{"type":"Feature","id":"3917250-3090750-125","properties":{"cellId":"3917250-3090750-125","municipality":"Sint-Pieters-Leeuw","population":110,"sideM":125,"areaKm2":0.015625,"densityPerHa":70.4,"renderClass":"60-100"},"geometry":{"type":"MultiPolygon","coordinates":[[[[4.267987155774791,50.787053695531284],[4.269755153388086,50.78714161365568],[4.269892888299739,50.78602189244908],[4.268124932739253,50.785933976747735],[4.267987155774791,50.787053695531284]]]]}},{"type":"Feature","id":"3917375-3090750-125","properties":{"cellId":"3917375-3090750-125","municipality":"Sint-Pieters-Leeuw","population":192,"sideM":125,"areaKm2":0.015625,"densityPerHa":122.88,"renderClass":"100-200"},"geometry":{"type":"MultiPolygon","coordinates":[[[[4.269755153388086,50.78714161365568],[4.2715231571148555,50.787229504720194],[4.271660849973147,50.78610978109128],[4.269892888299739,50.78602189244908],[4.269755153388086,50.78714161365568]]]]}},{"type":"Feature","id":"3917375-3090875-125","properties":{"cellId":"3917375-3090875-125","municipality":"Sint-Pieters-Leeuw","population":130,"sideM":125,"areaKm2":0.015625,"densityPerHa":83.2,"renderClass":"60-100"},"geometry":{"type":"MultiPolygon","coordinates":[[[[4.2715231571148555,50.787229504720194],[4.269755153388086,50.78714161365568],[4.269617410266049,50.78826133432359],[4.271385456048654,50.78834922781058],[4.2715231571148555,50.787229504720194]]]]}},{"type":"Feature","id":"3917500-3087750-125","properties":{"cellId":"3917500-3087750-125","municipality":"Beersel","population":123,"sideM":125,"areaKm2":0.015625,"densityPerHa":78.72,"renderClass":"60-100"},"geometry":{"type":"MultiPolygon","coordinates":[[[[4.274825521946537,50.760355988787424],[4.276592523172946,50.760443794714924],[4.276729977257505,50.75932405571658],[4.274963018025727,50.75923625220712],[4.274825521946537,50.760355988787424]]]]}},{"type":"Feature","id":"3917500-3088250-125","properties":{"cellId":"3917500-3088250-125","municipality":"Beersel","population":107,"sideM":125,"areaKm2":0.015625,"densityPerHa":68.48,"renderClass":"60-100"},"geometry":{"type":"MultiPolygon","coordinates":[[[[4.274275455712195,50.76483492970292],[4.2760426249418115,50.764922745303984],[4.276180111784933,50.76380300846718],[4.27441298455982,50.763715195284725],[4.274275455712195,50.76483492970292]]]]}},{"type":"Feature","id":"3917500-3088375-125","properties":{"cellId":"3917500-3088375-125","municipality":"Beersel","population":109,"sideM":125,"areaKm2":0.015625,"densityPerHa":69.76,"renderClass":"60-100"},"geometry":{"type":"MultiPolygon","coordinates":[[[[4.274137918670708,50.76595466358081],[4.275905129907298,50.76604248160063],[4.2760426249418115,50.764922745303984],[4.274275455712195,50.76483492970292],[4.274137918670708,50.76595466358081]]]]}},{"type":"Feature","id":"3917625-3087875-125","properties":{"cellId":"3917625-3087875-125","municipality":"Beersel","population":160,"sideM":125,"areaKm2":0.015625,"densityPerHa":102.4,"renderClass":"100-200"},"geometry":{"type":"MultiPolygon","coordinates":[[[[4.278359530495869,50.76053157359986],[4.276592523172946,50.760443794714924],[4.276455060899797,50.76156353317274],[4.278222110220372,50.761651314475124],[4.278359530495869,50.76053157359986]]]]}},{"type":"Feature","id":"3917625-3088000-125","properties":{"cellId":"3917625-3088000-125","municipality":"Beersel","population":185,"sideM":125,"areaKm2":0.015625,"densityPerHa":118.4,"renderClass":"100-200"},"geometry":{"type":"MultiPolygon","coordinates":[[[[4.276455060899797,50.76156353317274],[4.276317590437361,50.762683271090125],[4.278084681758055,50.762771054810095],[4.278222110220372,50.761651314475124],[4.276455060899797,50.76156353317274]]]]}},{"type":"Feature","id":"3917625-3088125-125","properties":{"cellId":"3917625-3088125-125","municipality":"Beersel","population":135,"sideM":125,"areaKm2":0.015625,"densityPerHa":86.4,"renderClass":"60-100"},"geometry":{"type":"MultiPolygon","coordinates":[[[[4.276180111784933,50.76380300846718],[4.277947245108217,50.76389079460489],[4.278084681758055,50.762771054810095],[4.276317590437361,50.762683271090125],[4.276180111784933,50.76380300846718]]]]}},{"type":"Feature","id":"3917625-3088250-125","properties":{"cellId":"3917625-3088250-125","municipality":"Beersel","population":95,"sideM":125,"areaKm2":0.015625,"densityPerHa":60.8,"renderClass":"60-100"},"geometry":{"type":"MultiPolygon","coordinates":[[[[4.2760426249418115,50.764922745303984],[4.277809800270154,50.76501053385956],[4.277947245108217,50.76389079460489],[4.276180111784933,50.76380300846718],[4.2760426249418115,50.764922745303984]]]]}},{"type":"Feature","id":"3917625-3088375-125","properties":{"cellId":"3917625-3088375-125","municipality":"Beersel","population":110,"sideM":125,"areaKm2":0.015625,"densityPerHa":70.4,"renderClass":"60-100"},"geometry":{"type":"MultiPolygon","coordinates":[[[[4.275905129907298,50.76604248160063],[4.277672347243167,50.76613027257424],[4.277809800270154,50.76501053385956],[4.2760426249418115,50.764922745303984],[4.275905129907298,50.76604248160063]]]]}},{"type":"Feature","id":"3917750-3091250-125","properties":{"cellId":"3917750-3091250-125","municipality":"Sint-Pieters-Leeuw","population":104,"sideM":125,"areaKm2":0.015625,"densityPerHa":66.56,"renderClass":"60-100"},"geometry":{"type":"MultiPolygon","coordinates":[[[[4.274508665865179,50.791884114172994],[4.276276856166183,50.79197193373897],[4.276414455667246,50.790852204999304],[4.274646307431162,50.79076438785406],[4.274508665865179,50.791884114172994]]]]}},{"type":"Feature","id":"3917750-3092250-125","properties":{"cellId":"3917750-3092250-125","municipality":"Sint-Pieters-Leeuw","population":126,"sideM":125,"areaKm2":0.015625,"densityPerHa":80.64,"renderClass":"60-100"},"geometry":{"type":"MultiPolygon","coordinates":[[[[4.273407237870186,50.80084190536849],[4.27517576477962,50.800929744305456],[4.275313429926813,50.799810019865134],[4.273544945102096,50.799722183350084],[4.273407237870186,50.80084190536849]]]]}},{"type":"Feature","id":"3917750-3092375-125","properties":{"cellId":"3917750-3092375-125","municipality":"Sint-Pieters-Leeuw","population":139,"sideM":125,"areaKm2":0.015625,"densityPerHa":88.96,"renderClass":"60-100"},"geometry":{"type":"MultiPolygon","coordinates":[[[[4.2732695224268715,50.80196162684977],[4.275038091423492,50.80204946820875],[4.27517576477962,50.800929744305456],[4.273407237870186,50.80084190536849],[4.2732695224268715,50.80196162684977]]]]}},{"type":"Feature","id":"3917875-3092250-125","properties":{"cellId":"3917875-3092250-125","municipality":"Sint-Pieters-Leeuw","population":129,"sideM":125,"areaKm2":0.015625,"densityPerHa":82.56,"renderClass":"60-100"},"geometry":{"type":"MultiPolygon","coordinates":[[[[4.275313429926813,50.799810019865134],[4.27517576477962,50.800929744305456],[4.276944297801825,50.801017556173115],[4.277081920863748,50.79989782931164],[4.275313429926813,50.799810019865134]]]]}},{"type":"Feature","id":"3917875-3092375-125","properties":{"cellId":"3917875-3092375-125","municipality":"Sint-Pieters-Leeuw","population":119,"sideM":125,"areaKm2":0.015625,"densityPerHa":76.16,"renderClass":"60-100"},"geometry":{"type":"MultiPolygon","coordinates":[[[[4.27517576477962,50.800929744305456],[4.275038091423492,50.80204946820875],[4.276806666533443,50.80213728249774],[4.276944297801825,50.801017556173115],[4.27517576477962,50.800929744305456]]]]}},{"type":"Feature","id":"3918000-3091375-125","properties":{"cellId":"3918000-3091375-125","municipality":"Sint-Pieters-Leeuw","population":138,"sideM":125,"areaKm2":0.015625,"densityPerHa":88.32,"renderClass":"60-100"},"geometry":{"type":"MultiPolygon","coordinates":[[[[4.279675731523442,50.79326722472195],[4.279813255091362,50.79214749168051],[4.278045052575521,50.792059726241504],[4.2779074869391,50.79317945686357],[4.279675731523442,50.79326722472195]]]]}},{"type":"Feature","id":"3918000-3092250-125","properties":{"cellId":"3918000-3092250-125","municipality":"Sint-Pieters-Leeuw","population":127,"sideM":125,"areaKm2":0.015625,"densityPerHa":81.28,"renderClass":"60-100"},"geometry":{"type":"MultiPolygon","coordinates":[[[[4.278712836934962,50.80110534097136],[4.278850417911061,50.79998561168945],[4.277081920863748,50.79989782931164],[4.276944297801825,50.801017556173115],[4.278712836934962,50.80110534097136]]]]}},{"type":"Feature","id":"3918000-3092375-125","properties":{"cellId":"3918000-3092375-125","municipality":"Sint-Pieters-Leeuw","population":178,"sideM":125,"areaKm2":0.015625,"densityPerHa":113.92,"renderClass":"100-200"},"geometry":{"type":"MultiPolygon","coordinates":[[[[4.278575247754881,50.80222506971654],[4.278712836934962,50.80110534097136],[4.276944297801825,50.801017556173115],[4.276806666533443,50.80213728249774],[4.278575247754881,50.80222506971654]]]]}},{"type":"Feature","id":"3918125-3091250-125","properties":{"cellId":"3918125-3091250-125","municipality":"Sint-Pieters-Leeuw","population":128,"sideM":125,"areaKm2":0.015625,"densityPerHa":81.92,"renderClass":"60-100"},"geometry":{"type":"MultiPolygon","coordinates":[[[[4.279813255091362,50.79214749168051],[4.281581463711859,50.79223523005581],[4.281718937014837,50.791115494058445],[4.279950770460925,50.79102775810165],[4.279813255091362,50.79214749168051]]]]}},{"type":"Feature","id":"3918125-3091375-125","properties":{"cellId":"3918125-3091375-125","municipality":"Sint-Pieters-Leeuw","population":139,"sideM":125,"areaKm2":0.015625,"densityPerHa":88.96,"renderClass":"60-100"},"geometry":{"type":"MultiPolygon","coordinates":[[[[4.279675731523442,50.79326722472195],[4.281443982212993,50.79335496551588],[4.281581463711859,50.79223523005581],[4.279813255091362,50.79214749168051],[4.279675731523442,50.79326722472195]]]]}},{"type":"Feature","id":"3918125-3092250-125","properties":{"cellId":"3918125-3092250-125","municipality":"Sint-Pieters-Leeuw","population":118,"sideM":125,"areaKm2":0.015625,"densityPerHa":75.52,"renderClass":"60-100"},"geometry":{"type":"MultiPolygon","coordinates":[[[[4.278712836934962,50.80110534097136],[4.280481382177192,50.80119309869998],[4.280618921066912,50.800073366998404],[4.278850417911061,50.79998561168945],[4.278712836934962,50.80110534097136]]]]}},{"type":"Feature","id":"3918125-3092375-125","properties":{"cellId":"3918125-3092375-125","municipality":"Sint-Pieters-Leeuw","population":198,"sideM":125,"areaKm2":0.015625,"densityPerHa":126.72,"renderClass":"100-200"},"geometry":{"type":"MultiPolygon","coordinates":[[[[4.278575247754881,50.80222506971654],[4.280343835085965,50.80231282986501],[4.280481382177192,50.80119309869998],[4.278712836934962,50.80110534097136],[4.278575247754881,50.80222506971654]]]]}},{"type":"Feature","id":"3918125-3092500-125","properties":{"cellId":"3918125-3092500-125","municipality":"Sint-Pieters-Leeuw","population":146,"sideM":125,"areaKm2":0.015625,"densityPerHa":93.44,"renderClass":"60-100"},"geometry":{"type":"MultiPolygon","coordinates":[[[[4.278437650370116,50.80334479792508],[4.280206279792533,50.80343256049355],[4.280343835085965,50.80231282986501],[4.278575247754881,50.80222506971654],[4.278437650370116,50.80334479792508]]]]}},{"type":"Feature","id":"3918125-3092625-125","properties":{"cellId":"3918125-3092625-125","municipality":"Sint-Pieters-Leeuw","population":146,"sideM":125,"areaKm2":0.015625,"densityPerHa":93.44,"renderClass":"60-100"},"geometry":{"type":"MultiPolygon","coordinates":[[[[4.278300044779965,50.80446452559709],[4.280068716296187,50.804552290585676],[4.280206279792533,50.80343256049355],[4.278437650370116,50.80334479792508],[4.278300044779965,50.80446452559709]]]]}},{"type":"Feature","id":"3918125-3092750-125","properties":{"cellId":"3918125-3092750-125","municipality":"Sint-Pieters-Leeuw","population":213,"sideM":125,"areaKm2":0.015625,"densityPerHa":136.32,"renderClass":"100-200"},"geometry":{"type":"MultiPolygon","coordinates":[[[[4.278162430983724,50.805584252732636],[4.279931144596229,50.805672020141515],[4.280068716296187,50.804552290585676],[4.278300044779965,50.80446452559709],[4.278162430983724,50.805584252732636]]]]}},{"type":"Feature","id":"3918125-3092875-125","properties":{"cellId":"3918125-3092875-125","municipality":"Sint-Pieters-Leeuw","population":139,"sideM":125,"areaKm2":0.015625,"densityPerHa":88.96,"renderClass":"60-100"},"geometry":{"type":"MultiPolygon","coordinates":[[[[4.279931144596229,50.805672020141515],[4.278162430983724,50.805584252732636],[4.278024808980689,50.806703979331836],[4.279793564691951,50.80679174916115],[4.279931144596229,50.805672020141515]]]]}},{"type":"Feature","id":"3918250-3091250-125","properties":{"cellId":"3918250-3091250-125","municipality":"Sint-Pieters-Leeuw","population":107,"sideM":125,"areaKm2":0.015625,"densityPerHa":68.48,"renderClass":"60-100"},"geometry":{"type":"MultiPolygon","coordinates":[[[[4.281581463711859,50.79223523005581],[4.283349678435174,50.79232294136723],[4.283487109671021,50.791203202952104],[4.281718937014837,50.791115494058445],[4.281581463711859,50.79223523005581]]]]}},{"type":"Feature","id":"3918250-3091375-125","properties":{"cellId":"3918250-3091375-125","municipality":"Sint-Pieters-Leeuw","population":125,"sideM":125,"areaKm2":0.015625,"densityPerHa":80,"renderClass":"60-100"},"geometry":{"type":"MultiPolygon","coordinates":[[[[4.281443982212993,50.79335496551588],[4.283212239005916,50.79344267924524],[4.283349678435174,50.79232294136723],[4.281581463711859,50.79223523005581],[4.281443982212993,50.79335496551588]]]]}},{"type":"Feature","id":"3918250-3092500-125","properties":{"cellId":"3918250-3092500-125","municipality":"Sint-Pieters-Leeuw","population":108,"sideM":125,"areaKm2":0.015625,"densityPerHa":69.12,"renderClass":"60-100"},"geometry":{"type":"MultiPolygon","coordinates":[[[[4.280206279792533,50.80343256049355],[4.281974915323304,50.8035202959908],[4.282112428524854,50.80240056294301],[4.280343835085965,50.80231282986501],[4.280206279792533,50.80343256049355]]]]}},{"type":"Feature","id":"3918250-3092625-125","properties":{"cellId":"3918250-3092625-125","municipality":"Sint-Pieters-Leeuw","population":153,"sideM":125,"areaKm2":0.015625,"densityPerHa":97.92,"renderClass":"60-100"},"geometry":{"type":"MultiPolygon","coordinates":[[[[4.280068716296187,50.804552290585676],[4.281837393921322,50.80464002850233],[4.281974915323304,50.8035202959908],[4.280206279792533,50.80343256049355],[4.280068716296187,50.804552290585676]]]]}},{"type":"Feature","id":"3918250-3092750-125","properties":{"cellId":"3918250-3092750-125","municipality":"Sint-Pieters-Leeuw","population":156,"sideM":125,"areaKm2":0.015625,"densityPerHa":99.84,"renderClass":"60-100"},"geometry":{"type":"MultiPolygon","coordinates":[[[[4.279931144596229,50.805672020141515],[4.281699864318201,50.805759760477706],[4.281837393921322,50.80464002850233],[4.280068716296187,50.804552290585676],[4.279931144596229,50.805672020141515]]]]}},{"type":"Feature","id":"3918375-3091125-125","properties":{"cellId":"3918375-3091125-125","municipality":"Sint-Pieters-Leeuw","population":114,"sideM":125,"areaKm2":0.015625,"densityPerHa":72.96,"renderClass":"60-100"},"geometry":{"type":"MultiPolygon","coordinates":[[[[4.283487109671021,50.791203202952104],[4.285255288427629,50.79129088478251],[4.285392669405553,50.790171143413275],[4.283624532714161,50.79008346399976],[4.283487109671021,50.791203202952104]]]]}},{"type":"Feature","id":"3918375-3092625-125","properties":{"cellId":"3918375-3092625-125","municipality":"Sint-Pieters-Leeuw","population":175,"sideM":125,"areaKm2":0.015625,"densityPerHa":112,"renderClass":"100-200"},"geometry":{"type":"MultiPolygon","coordinates":[[[[4.281837393921322,50.80464002850233],[4.2836060776535305,50.80472773934687],[4.283743556960599,50.80360800441669],[4.281974915323304,50.8035202959908],[4.281837393921322,50.80464002850233]]]]}},{"type":"Feature","id":"3918375-3092875-125","properties":{"cellId":"3918375-3092875-125","municipality":"Sint-Pieters-Leeuw","population":129,"sideM":125,"areaKm2":0.015625,"densityPerHa":82.56,"renderClass":"60-100"},"geometry":{"type":"MultiPolygon","coordinates":[[[[4.2834685901478,50.80584747374106],[4.281699864318201,50.805759760477706],[4.281562326513238,50.80687949191703],[4.283331094442707,50.80696720759934],[4.2834685901478,50.80584747374106]]]]}},{"type":"Feature","id":"3918500-3092625-125","properties":{"cellId":"3918500-3092625-125","municipality":"Sint-Pieters-Leeuw","population":124,"sideM":125,"areaKm2":0.015625,"densityPerHa":79.36,"renderClass":"60-100"},"geometry":{"type":"MultiPolygon","coordinates":[[[[4.2836060776535305,50.80472773934687],[4.285374767490971,50.80481542311918],[4.2855122047025676,50.80369568577106],[4.283743556960599,50.80360800441669],[4.2836060776535305,50.80472773934687]]]]}},{"type":"Feature","id":"3918500-3092750-125","properties":{"cellId":"3918500-3092750-125","municipality":"Sint-Pieters-Leeuw","population":222,"sideM":125,"areaKm2":0.015625,"densityPerHa":142.08,"renderClass":"100-200"},"geometry":{"type":"MultiPolygon","coordinates":[[[[4.2834685901478,50.80584747374106],[4.285237322083185,50.805935159931444],[4.285374767490971,50.80481542311918],[4.2836060776535305,50.80472773934687],[4.2834685901478,50.80584747374106]]]]}},{"type":"Feature","id":"3918625-3090000-125","properties":{"cellId":"3918625-3090000-125","municipality":"Sint-Pieters-Leeuw","population":110,"sideM":125,"areaKm2":0.015625,"densityPerHa":70.4,"renderClass":"60-100"},"geometry":{"type":"MultiPolygon","coordinates":[[[[4.288396494070979,50.780181077519195],[4.288259228817089,50.78130082614094],[4.290027041261179,50.78138843211096],[4.290164264471003,50.78026868107513],[4.288396494070979,50.780181077519195]]]]}},{"type":"Feature","id":"3918625-3090125-125","properties":{"cellId":"3918625-3090125-125","municipality":"Sint-Pieters-Leeuw","population":200,"sideM":125,"areaKm2":0.015625,"densityPerHa":128,"renderClass":"100-200"},"geometry":{"type":"MultiPolygon","coordinates":[[[[4.288121955381754,50.78242057422496],[4.2898898098723794,50.782508182609185],[4.290027041261179,50.78138843211096],[4.288259228817089,50.78130082614094],[4.288121955381754,50.78242057422496]]]]}},{"type":"Feature","id":"3918625-3091250-125","properties":{"cellId":"3918625-3091250-125","municipality":"Sint-Pieters-Leeuw","population":110,"sideM":125,"areaKm2":0.015625,"densityPerHa":70.4,"renderClass":"60-100"},"geometry":{"type":"MultiPolygon","coordinates":[[[[4.286886126182901,50.79249828279793],[4.288654359203639,50.7925859129169],[4.288791664234761,50.79146616725288],[4.28702347328282,50.79137853954948],[4.286886126182901,50.79249828279793]]]]}},{"type":"Feature","id":"3918625-3092375-125","properties":{"cellId":"3918625-3092375-125","municipality":"Sint-Pieters-Leeuw","population":135,"sideM":125,"areaKm2":0.015625,"densityPerHa":86.4,"renderClass":"60-100"},"geometry":{"type":"MultiPolygon","coordinates":[[[[4.285649633718683,50.802575947886986],[4.287418245469943,50.80266359975266],[4.287555624200206,50.80154385891564],[4.2857870545400205,50.80145620946687],[4.285649633718683,50.802575947886986]]]]}},{"type":"Feature","id":"3918625-3092625-125","properties":{"cellId":"3918625-3092625-125","municipality":"Sint-Pieters-Leeuw","population":156,"sideM":125,"areaKm2":0.015625,"densityPerHa":99.84,"renderClass":"60-100"},"geometry":{"type":"MultiPolygon","coordinates":[[[[4.285374767490971,50.80481542311918],[4.287143463431798,50.804903079819084],[4.287280858547373,50.803783340053776],[4.2855122047025676,50.80369568577106],[4.285374767490971,50.80481542311918]]]]}},{"type":"Feature","id":"3918625-3092750-125","properties":{"cellId":"3918625-3092750-125","municipality":"Sint-Pieters-Leeuw","population":198,"sideM":125,"areaKm2":0.015625,"densityPerHa":126.72,"renderClass":"100-200"},"geometry":{"type":"MultiPolygon","coordinates":[[[[4.285237322083185,50.805935159931444],[4.287006060122513,50.80602281904869],[4.287143463431798,50.804903079819084],[4.285374767490971,50.80481542311918],[4.285237322083185,50.805935159931444]]]]}},{"type":"Feature","id":"3918625-3092875-125","properties":{"cellId":"3918625-3092875-125","municipality":"Sint-Pieters-Leeuw","population":120,"sideM":125,"areaKm2":0.015625,"densityPerHa":76.8,"renderClass":"60-100"},"geometry":{"type":"MultiPolygon","coordinates":[[[[4.287006060122513,50.80602281904869],[4.285237322083185,50.805935159931444],[4.285099868478513,50.80705489620794],[4.286868648618819,50.80714255774269],[4.287006060122513,50.80602281904869]]]]}},{"type":"Feature","id":"3918750-3090375-125","properties":{"cellId":"3918750-3090375-125","municipality":"Sint-Pieters-Leeuw","population":214,"sideM":125,"areaKm2":0.015625,"densityPerHa":136.96,"renderClass":"100-200"},"geometry":{"type":"MultiPolygon","coordinates":[[[[4.28961532255505,50.78474768199329],[4.2913832672377525,50.78483526814711],[4.291520472934572,50.78371551630998],[4.2897525703039,50.78362793256994],[4.28961532255505,50.78474768199329]]]]}},{"type":"Feature","id":"3918750-3090875-125","properties":{"cellId":"3918750-3090875-125","municipality":"Sint-Pieters-Leeuw","population":130,"sideM":125,"areaKm2":0.015625,"densityPerHa":83.2,"renderClass":"60-100"},"geometry":{"type":"MultiPolygon","coordinates":[[[[4.290971601072863,50.78819452043587],[4.289203530219217,50.788106927039784],[4.289066249741847,50.78922667431443],[4.290834362657421,50.789314270124876],[4.290971601072863,50.78819452043587]]]]}},{"type":"Feature","id":"3918750-3092000-125","properties":{"cellId":"3918750-3092000-125","municipality":"Sint-Pieters-Leeuw","population":140,"sideM":125,"areaKm2":0.015625,"densityPerHa":89.6,"renderClass":"60-100"},"geometry":{"type":"MultiPolygon","coordinates":[[[[4.2879677112442005,50.7981846331884],[4.287830357086636,50.799304375633604],[4.289598848670885,50.79939199318016],[4.289736160744256,50.798272248319236],[4.2879677112442005,50.7981846331884]]]]}},{"type":"Feature","id":"3918750-3092375-125","properties":{"cellId":"3918750-3092375-125","municipality":"Sint-Pieters-Leeuw","population":143,"sideM":125,"areaKm2":0.015625,"densityPerHa":91.52,"renderClass":"60-100"},"geometry":{"type":"MultiPolygon","coordinates":[[[[4.287418245469943,50.80266359975266],[4.289186863321642,50.802751224547244],[4.28932419996028,50.80163148129408],[4.287555624200206,50.80154385891564],[4.287418245469943,50.80266359975266]]]]}},{"type":"Feature","id":"3918875-3084375-125","properties":{"cellId":"3918875-3084375-125","municipality":"Beersel","population":75,"sideM":125,"areaKm2":0.015625,"densityPerHa":48,"renderClass":"30-60"},"geometry":{"type":"MultiPolygon","coordinates":[[[[4.298096742058616,50.7299667946739],[4.297959928112242,50.731086572399796],[4.299725863146175,50.73117401583419],[4.2998626351584175,50.73005423570233],[4.298096742058616,50.7299667946739]]]]}},{"type":"Feature","id":"3918875-3090250-125","properties":{"cellId":"3918875-3090250-125","municipality":"Sint-Pieters-Leeuw","population":142,"sideM":125,"areaKm2":0.015625,"densityPerHa":90.88,"renderClass":"60-100"},"geometry":{"type":"MultiPolygon","coordinates":[[[[4.291657670453487,50.782595763935596],[4.291520472934572,50.78371551630998],[4.29328838165444,50.78380307299128],[4.293425537123242,50.782683318203986],[4.291657670453487,50.782595763935596]]]]}},{"type":"Feature","id":"3918875-3090375-125","properties":{"cellId":"3918875-3090375-125","municipality":"Sint-Pieters-Leeuw","population":212,"sideM":125,"areaKm2":0.015625,"densityPerHa":135.68,"renderClass":"100-200"},"geometry":{"type":"MultiPolygon","coordinates":[[[[4.291520472934572,50.78371551630998],[4.2913832672377525,50.78483526814711],[4.293151218010208,50.78492282724147],[4.29328838165444,50.78380307299128],[4.291520472934572,50.78371551630998]]]]}},{"type":"Feature","id":"3918875-3090500-125","properties":{"cellId":"3918875-3090500-125","municipality":"Sint-Pieters-Leeuw","population":195,"sideM":125,"areaKm2":0.015625,"densityPerHa":124.8,"renderClass":"100-200"},"geometry":{"type":"MultiPolygon","coordinates":[[[[4.2913832672377525,50.78483526814711],[4.29124605336233,50.78595501944708],[4.293014046189843,50.78604258095465],[4.293151218010208,50.78492282724147],[4.2913832672377525,50.78483526814711]]]]}},{"type":"Feature","id":"3918875-3092000-125","properties":{"cellId":"3918875-3092000-125","municipality":"Sint-Pieters-Leeuw","population":143,"sideM":125,"areaKm2":0.015625,"densityPerHa":91.52,"renderClass":"60-100"},"geometry":{"type":"MultiPolygon","coordinates":[[[[4.289736160744256,50.798272248319236],[4.289598848670885,50.79939199318016],[4.291367346352078,50.79947958365771],[4.291504616340696,50.79835983638181],[4.289736160744256,50.798272248319236]]]]}},{"type":"Feature","id":"3918875-3092250-125","properties":{"cellId":"3918875-3092250-125","municipality":"Sint-Pieters-Leeuw","population":198,"sideM":125,"areaKm2":0.015625,"densityPerHa":126.72,"renderClass":"100-200"},"geometry":{"type":"MultiPolygon","coordinates":[[[[4.289461528409796,50.800511737505076],[4.28932419996028,50.80163148129408],[4.291092781818399,50.80171907660203],[4.29123006817821,50.80059933039776],[4.289461528409796,50.800511737505076]]]]}},{"type":"Feature","id":"3919250-3091000-125","properties":{"cellId":"3919250-3091000-125","municipality":"Sint-Pieters-Leeuw","population":182,"sideM":125,"areaKm2":0.015625,"densityPerHa":116.48,"renderClass":"100-200"},"geometry":{"type":"MultiPolygon","coordinates":[[[[4.296138737948547,50.78957689518125],[4.29600161754821,50.790696651572624],[4.297769796887204,50.790784141544144],[4.297906875220927,50.78966438274119],[4.296138737948547,50.78957689518125]]]]}},{"type":"Feature","id":"3919375-3091000-125","properties":{"cellId":"3919375-3091000-125","municipality":"Sint-Pieters-Leeuw","population":167,"sideM":125,"areaKm2":0.015625,"densityPerHa":106.88,"renderClass":"100-200"},"geometry":{"type":"MultiPolygon","coordinates":[[[[4.297906875220927,50.78966438274119],[4.297769796887204,50.790784141544144],[4.299537982311348,50.79087160445195],[4.2996750185779105,50.78975184323812],[4.297906875220927,50.78966438274119]]]]}},{"type":"Feature","id":"3919375-3091125-125","properties":{"cellId":"3919375-3091125-125","municipality":"Sint-Pieters-Leeuw","population":182,"sideM":125,"areaKm2":0.015625,"densityPerHa":116.48,"renderClass":"100-200"},"geometry":{"type":"MultiPolygon","coordinates":[[[[4.297632710381264,50.79190389981098],[4.2994009378750455,50.79199136512976],[4.299537982311348,50.79087160445195],[4.297769796887204,50.790784141544144],[4.297632710381264,50.79190389981098]]]]}},{"type":"Feature","id":"3920000-3088375-125","properties":{"cellId":"3920000-3088375-125","municipality":"Beersel","population":86,"sideM":125,"areaKm2":0.015625,"densityPerHa":55.04,"renderClass":"30-60"},"geometry":{"type":"MultiPolygon","coordinates":[[[[4.311250633045801,50.76779316209296],[4.311387287824922,50.766673377575195],[4.309619996969603,50.766586102912214],[4.309483300172478,50.76770588502588],[4.311250633045801,50.76779316209296]]]]}},{"type":"Feature","id":"3920125-3088625-125","properties":{"cellId":"3920125-3088625-125","municipality":"Beersel","population":125,"sideM":125,"areaKm2":0.015625,"densityPerHa":80,"renderClass":"60-100"},"geometry":{"type":"MultiPolygon","coordinates":[[[[4.310977299058749,50.77003272951721],[4.312744722039148,50.77011998434221],[4.31288135108088,50.76900019849496],[4.311113970123976,50.7689129460736],[4.310977299058749,50.77003272951721]]]]}},{"type":"Feature","id":"3920500-3091250-125","properties":{"cellId":"3920500-3091250-125","municipality":"Drogenbos","population":128,"sideM":125,"areaKm2":0.015625,"densityPerHa":81.92,"renderClass":"60-100"},"geometry":{"type":"MultiPolygon","coordinates":[[[[4.313410260679998,50.79380989274563],[4.315178584939424,50.793897116881894],[4.315315258872336,50.792777335072714],[4.31354697668999,50.79269011334095],[4.313410260679998,50.79380989274563]]]]}},{"type":"Feature","id":"3920625-3091000-125","properties":{"cellId":"3920625-3091000-125","municipality":"Drogenbos","population":158,"sideM":125,"areaKm2":0.015625,"densityPerHa":101.12,"renderClass":"100-200"},"geometry":{"type":"MultiPolygon","coordinates":[[[[4.315588582294368,50.79053776985051],[4.315451924657089,50.79165755272893],[4.317220170831594,50.79174474499104],[4.3173567863962,50.79062495970914],[4.315588582294368,50.79053776985051]]]]}},{"type":"Feature","id":"3920625-3091125-125","properties":{"cellId":"3920625-3091125-125","municipality":"Drogenbos","population":191,"sideM":125,"areaKm2":0.015625,"densityPerHa":122.24,"renderClass":"100-200"},"geometry":{"type":"MultiPolygon","coordinates":[[[[4.315315258872336,50.792777335072714],[4.317083547121993,50.79286452973847],[4.317220170831594,50.79174474499104],[4.315451924657089,50.79165755272893],[4.315315258872336,50.792777335072714]]]]}},{"type":"Feature","id":"3920625-3091250-125","properties":{"cellId":"3920625-3091250-125","municipality":"Drogenbos","population":172,"sideM":125,"areaKm2":0.015625,"densityPerHa":110.08,"renderClass":"100-200"},"geometry":{"type":"MultiPolygon","coordinates":[[[[4.315178584939424,50.793897116881894],[4.316946915266701,50.79398431395148],[4.317083547121993,50.79286452973847],[4.315315258872336,50.792777335072714],[4.315178584939424,50.793897116881894]]]]}},{"type":"Feature","id":"3920750-3091000-125","properties":{"cellId":"3920750-3091000-125","municipality":"Drogenbos","population":249,"sideM":125,"areaKm2":0.015625,"densityPerHa":159.36,"renderClass":"100-200"},"geometry":{"type":"MultiPolygon","coordinates":[[[[4.3173567863962,50.79062495970914],[4.317220170831594,50.79174474499104],[4.318988423071014,50.79183191018779],[4.319124996562393,50.790712122503095],[4.3173567863962,50.79062495970914]]]]}},{"type":"Feature","id":"3920750-3091125-125","properties":{"cellId":"3920750-3091125-125","municipality":"Drogenbos","population":229,"sideM":125,"areaKm2":0.015625,"densityPerHa":146.56,"renderClass":"100-200"},"geometry":{"type":"MultiPolygon","coordinates":[[[[4.317083547121993,50.79286452973847],[4.318851841437115,50.79295169733811],[4.318988423071014,50.79183191018779],[4.317220170831594,50.79174474499104],[4.317083547121993,50.79286452973847]]]]}},{"type":"Feature","id":"3921125-3089750-125","properties":{"cellId":"3921125-3089750-125","municipality":"Drogenbos","population":183,"sideM":125,"areaKm2":0.015625,"densityPerHa":117.12,"renderClass":"100-200"},"geometry":{"type":"MultiPolygon","coordinates":[[[[4.323889473094493,50.78080821045671],[4.325657322880213,50.78089527045738],[4.325793688836013,50.77977547022475],[4.324025881100431,50.779688412623145],[4.323889473094493,50.78080821045671]]]]}},{"type":"Feature","id":"3921750-3089000-125","properties":{"cellId":"3921750-3089000-125","municipality":"Linkebeek","population":137,"sideM":125,"areaKm2":0.015625,"densityPerHa":87.68,"renderClass":"60-100"},"geometry":{"type":"MultiPolygon","coordinates":[[[[4.333681996329756,50.77340455989691],[4.3335458472747765,50.77452437292578],[4.335313475022225,50.77461128326148],[4.33544958203916,50.77349146783807],[4.333681996329756,50.77340455989691]]]]}},{"type":"Feature","id":"3922750-3085000-125","properties":{"cellId":"3922750-3085000-125","municipality":"Sint-Genesius-Rode","population":77,"sideM":125,"areaKm2":0.015625,"densityPerHa":49.28,"renderClass":"30-60"},"geometry":{"type":"MultiPolygon","coordinates":[[[[4.352164588889442,50.73826415436462],[4.352029034805471,50.739384003651146],[4.353795366685859,50.73947062117843],[4.3539308788064215,50.73835076950791],[4.352164588889442,50.73826415436462]]]]}},{"type":"Feature","id":"3922750-3085125-125","properties":{"cellId":"3922750-3085125-125","municipality":"Sint-Genesius-Rode","population":128,"sideM":125,"areaKm2":0.015625,"densityPerHa":81.92,"renderClass":"60-100"},"geometry":{"type":"MultiPolygon","coordinates":[[[[4.351893472649369,50.74050385240124],[4.353659846495631,50.74059047231264],[4.353795366685859,50.73947062117843],[4.352029034805471,50.739384003651146],[4.351893472649369,50.74050385240124]]]]}},{"type":"Feature","id":"3922875-3085000-125","properties":{"cellId":"3922875-3085000-125","municipality":"Sint-Genesius-Rode","population":100,"sideM":125,"areaKm2":0.015625,"densityPerHa":64,"renderClass":"60-100"},"geometry":{"type":"MultiPolygon","coordinates":[[[[4.3539308788064215,50.73835076950791],[4.353795366685859,50.73947062117843],[4.355561704573657,50.73955721167303],[4.355697174730268,50.73843735761927],[4.3539308788064215,50.73835076950791]]]]}},{"type":"Feature","id":"3923000-3085500-125","properties":{"cellId":"3923000-3085500-125","municipality":"Sint-Genesius-Rode","population":92,"sideM":125,"areaKm2":0.015625,"densityPerHa":58.88,"renderClass":"30-60"},"geometry":{"type":"MultiPolygon","coordinates":[[[[4.356786255044331,50.74412319552066],[4.356921715499526,50.743003341227904],[4.35515524569786,50.74291677061771],[4.355019743268306,50.744036622527375],[4.356786255044331,50.74412319552066]]]]}},{"type":"Feature","id":"3923125-3085000-125","properties":{"cellId":"3923125-3085000-125","municipality":"Sint-Genesius-Rode","population":95,"sideM":125,"areaKm2":0.015625,"densityPerHa":60.8,"renderClass":"60-100"},"geometry":{"type":"MultiPolygon","coordinates":[[[[4.357463476659149,50.738523918698526],[4.357328048467034,50.739643775134816],[4.3590943983641575,50.739730311563605],[4.359229784591232,50.73861045274556],[4.357463476659149,50.738523918698526]]]]}},{"type":"Feature","id":"3923125-3085375-125","properties":{"cellId":"3923125-3085375-125","municipality":"Sint-Genesius-Rode","population":102,"sideM":125,"areaKm2":0.015625,"densityPerHa":65.28,"renderClass":"60-100"},"geometry":{"type":"MultiPolygon","coordinates":[[[[4.356921715499526,50.743003341227904],[4.3586881913065705,50.7430898848029],[4.358823601722516,50.741970027592195],[4.357057167887912,50.74188348639939],[4.356921715499526,50.743003341227904]]]]}},{"type":"Feature","id":"3923125-3085500-125","properties":{"cellId":"3923125-3085500-125","municipality":"Sint-Genesius-Rode","population":106,"sideM":125,"areaKm2":0.015625,"densityPerHa":67.84,"renderClass":"60-100"},"geometry":{"type":"MultiPolygon","coordinates":[[[[4.356786255044331,50.74412319552066],[4.358552772826281,50.74420974147803],[4.3586881913065705,50.7430898848029],[4.356921715499526,50.743003341227904],[4.356786255044331,50.74412319552066]]]]}},{"type":"Feature","id":"3923250-3085250-125","properties":{"cellId":"3923250-3085250-125","municipality":"Sint-Genesius-Rode","population":82,"sideM":125,"areaKm2":0.015625,"densityPerHa":52.48,"renderClass":"30-60"},"geometry":{"type":"MultiPolygon","coordinates":[[[[4.358823601722516,50.741970027592195],[4.360590041560122,50.742056541750394],[4.360725401941903,50.74093668162266],[4.358959004074817,50.74085016984578],[4.358823601722516,50.741970027592195]]]]}},{"type":"Feature","id":"3923375-3085250-125","properties":{"cellId":"3923375-3085250-125","municipality":"Sint-Genesius-Rode","population":98,"sideM":125,"areaKm2":0.015625,"densityPerHa":62.72,"renderClass":"60-100"},"geometry":{"type":"MultiPolygon","coordinates":[[[[4.360590041560122,50.742056541750394],[4.362356487398892,50.74214302887386],[4.362491805809615,50.74102316636553],[4.360725401941903,50.74093668162266],[4.360590041560122,50.742056541750394]]]]}},{"type":"Feature","id":"3923375-3085375-125","properties":{"cellId":"3923375-3085375-125","municipality":"Sint-Genesius-Rode","population":88,"sideM":125,"areaKm2":0.015625,"densityPerHa":56.32,"renderClass":"30-60"},"geometry":{"type":"MultiPolygon","coordinates":[[[[4.3604546731171565,50.743176401342595],[4.3622211609294546,50.74326289084683],[4.362356487398892,50.74214302887386],[4.360590041560122,50.742056541750394],[4.3604546731171565,50.743176401342595]]]]}},{"type":"Feature","id":"3917000-3081000-1000","properties":{"cellId":"3917000-3081000-1000","municipality":"Halle","population":0,"sideM":1000,"areaKm2":1,"densityPerHa":0,"renderClass":"zero"},"geometry":{"type":"MultiPolygon","coordinates":[[[[4.275316941970475,50.698418708872815],[4.274218935422224,50.707376743675404],[4.288339152239036,50.70807839122728],[4.289434479107335,50.699120202125684],[4.275316941970475,50.698418708872815]]]]}},{"type":"Feature","id":"3918000-3081000-1000","properties":{"cellId":"3918000-3081000-1000","municipality":"Halle","population":0,"sideM":1000,"areaKm2":1,"densityPerHa":0,"renderClass":"zero"},"geometry":{"type":"MultiPolygon","coordinates":[[[[4.289434479107335,50.699120202125684],[4.288339152239036,50.70807839122728],[4.302459757223602,50.70877831023184],[4.303552404130836,50.69981996720578],[4.289434479107335,50.699120202125684]]]]}},{"type":"Feature","id":"3919000-3089000-1000","properties":{"cellId":"3919000-3089000-1000","municipality":"Sint-Pieters-Leeuw","population":0,"sideM":1000,"areaKm2":1,"densityPerHa":0,"renderClass":"zero"},"geometry":{"type":"MultiPolygon","coordinates":[[[[4.294796642316591,50.77148574077053],[4.293699823537351,50.780443807017726],[4.307842303083828,50.781143228509],[4.3089364315252645,50.77218500810887],[4.294796642316591,50.77148574077053]]]]}},{"type":"Feature","id":"3923000-3083000-1000","properties":{"cellId":"3923000-3083000-1000","municipality":"Sint-Genesius-Rode","population":0,"sideM":1000,"areaKm2":1,"densityPerHa":0,"renderClass":"zero"},"geometry":{"type":"MultiPolygon","coordinates":[[[[4.357863600659946,50.720519619768595],[4.3567806456467775,50.72947850587677],[4.370908543925318,50.7301700853255],[4.3719888150607895,50.72121104701748],[4.357863600659946,50.720519619768595]]]]}},{"type":"Feature","id":"3926000-3086000-1000","properties":{"cellId":"3926000-3086000-1000","municipality":"Sint-Genesius-Rode","population":0,"sideM":1000,"areaKm2":1,"densityPerHa":0,"renderClass":"zero"},"geometry":{"type":"MultiPolygon","coordinates":[[[[4.397014147063082,50.749466635667346],[4.395937707111025,50.75842587495989],[4.410074813596154,50.75911271858592],[4.411148565049392,50.750153327997225],[4.397014147063082,50.749466635667346]]]]}},{"type":"Feature","id":"3926000-3087000-1000","properties":{"cellId":"3926000-3087000-1000","municipality":"Sint-Genesius-Rode","population":0,"sideM":1000,"areaKm2":1,"densityPerHa":0,"renderClass":"zero"},"geometry":{"type":"MultiPolygon","coordinates":[[[[4.395937707111025,50.75842587495989],[4.394860753988481,50.76738508024803],[4.409000550237539,50.768072075244426],[4.410074813596154,50.75911271858592],[4.395937707111025,50.75842587495989]]]]}},{"type":"Feature","id":"3927000-3087000-1000","properties":{"cellId":"3927000-3087000-1000","municipality":"Sint-Genesius-Rode","population":0,"sideM":1000,"areaKm2":1,"densityPerHa":0,"renderClass":"zero"},"geometry":{"type":"MultiPolygon","coordinates":[[[[4.410074813596154,50.75911271858592],[4.409000550237539,50.768072075244426],[4.423140727882017,50.768757338757084],[4.42421230120006,50.75979783110438],[4.410074813596154,50.75911271858592]]]]}},{"type":"Feature","id":"3927000-3088000-1000","properties":{"cellId":"3927000-3088000-1000","municipality":"Sint-Genesius-Rode","population":0,"sideM":1000,"areaKm2":1,"densityPerHa":0,"renderClass":"zero"},"geometry":{"type":"MultiPolygon","coordinates":[[[[4.409000550237539,50.768072075244426],[4.407925774622649,50.77703139801879],[4.422068643573918,50.77771681259972],[4.423140727882017,50.768757338757084],[4.409000550237539,50.768072075244426]]]]}}]}
